domain,agency,uswds_semantic_version,uses_classes,uses_elements,pageviews,visits,source_scan_date,report_run_at
pmc.ncbi.nlm.nih.gov,Department of Health and Human Services,,true,false,157296548,116154319,2026-09-04T22:37:23.447Z,2026-09-07T17:29:11Z
secure.login.gov,General Services Administration,,true,false,113601264,48481266,2026-09-07T14:20:03.043Z,2026-09-07T17:29:11Z
www.va.gov,Department of Veterans Affairs,,true,false,70279713,12012545,2026-09-07T08:58:18.939Z,2026-09-07T17:29:11Z
clinicaltrials.gov,Department of Health and Human Services,,true,false,59895113,48635519,2026-09-07T12:25:25.513Z,2026-09-07T17:29:11Z
sam.gov,General Services Administration,,true,false,58319299,5087966,2026-09-07T09:38:04.172Z,2026-09-07T17:29:11Z
myaccount.uscis.gov,Department of Homeland Security,,false,false,51465076,13697033,2026-09-07T06:27:22.640Z,2026-09-07T17:29:11Z
secure.ssa.gov,Social Security Administration,,false,false,49755252,19939256,2026-09-07T06:30:34.722Z,2026-09-07T17:29:11Z
cdc.gov,Department of Health and Human Services,,false,false,34611145,22250355,2026-09-07T12:22:56.045Z,2026-09-07T17:29:11Z
www.usajobs.gov,Office of Personnel Management,,false,false,24744255,5506784,2026-09-07T07:28:29.088Z,2026-09-07T17:29:11Z
ttp.cbp.dhs.gov,Department of Homeland Security,,false,false,22681776,4033560,2026-09-07T04:54:59.741Z,2026-09-07T17:29:11Z
catalog.archives.gov,National Archives and Records Administration,,true,false,22026309,11354256,2026-09-07T11:24:28.388Z,2026-09-07T17:29:11Z
nsopw.gov,Department of Justice,.,true,false,21386117,4366011,2026-09-07T06:10:49.638Z,2026-09-07T17:29:11Z
medlineplus.gov,Department of Health and Human Services,,true,false,18253348,15862612,2026-09-07T11:28:57.948Z,2026-09-07T17:29:11Z
science.nasa.gov,National Aeronautics and Space Administration,v2.13.3,true,false,18162297,11905501,2026-09-07T14:55:43.831Z,2026-09-07T17:29:11Z
blast.ncbi.nlm.nih.gov,Department of Health and Human Services,v1.6.9,true,false,15195103,2103592,2026-09-07T05:58:44.015Z,2026-09-07T17:29:11Z
www.medicare.gov,Department of Health and Human Services,,true,false,11667896,2519824,2026-09-07T09:56:35.344Z,2026-09-07T17:29:11Z
ofac.treasury.gov,Department of the Treasury,,true,false,10062389,8908161,2026-09-07T02:42:50.015Z,2026-09-07T17:29:11Z
worldview.earthdata.nasa.gov,National Aeronautics and Space Administration,,false,false,10049916,451597,2026-09-04T22:37:23.447Z,2026-09-07T17:29:11Z
login.gov,General Services Administration,,true,false,8944780,3778864,2026-09-07T06:35:55.205Z,2026-09-07T17:29:11Z
preview.ncbi.nlm.nih.gov,Department of Health and Human Services,,true,false,8749717,8549632,2026-09-04T22:37:23.447Z,2026-09-07T17:29:11Z
my.uscis.gov,Department of Homeland Security,,true,false,8456643,6794746,2026-09-07T14:36:41.549Z,2026-09-07T17:29:11Z
www.ssa.gov,General Services Administration,,true,false,8080985,1215786,2026-09-07T13:09:06.923Z,2026-09-07T17:29:11Z
treasurydirect.gov,Department of the Treasury,,false,false,6693099,2180768,2026-09-07T12:55:42.598Z,2026-09-07T17:29:11Z
home.treasury.gov,Department of the Treasury,v3.13.0,true,false,6626346,5065880,2026-09-07T14:31:51.066Z,2026-09-07T17:29:11Z
tsaenrollmentbyidemia.tsa.dhs.gov,Department of Homeland Security,,false,false,5070914,2292246,2026-09-07T04:05:45.647Z,2026-09-07T17:29:11Z
training.fema.gov,Department of Homeland Security,,true,false,4259151,892617,2026-09-07T09:08:43.710Z,2026-09-07T17:29:11Z
waterdata.usgs.gov,Department of the Interior,,true,false,4165472,2925544,2026-09-07T14:40:33.395Z,2026-09-07T17:29:11Z
gsaauctions.gov,General Services Administration,,true,false,3608520,514181,2026-09-07T03:15:02.449Z,2026-09-07T17:29:11Z
fdc.nal.usda.gov,Department of Agriculture,,true,false,3574042,2226697,2026-09-07T09:33:44.500Z,2026-09-07T17:29:11Z
vsearch.nlm.nih.gov,Department of Health and Human Services,,true,false,3360121,2173123,2026-09-07T08:52:10.184Z,2026-09-07T17:29:11Z
www.hud.gov,Department of Housing and Urban Development,,true,false,3278063,1867382,2026-09-07T09:41:50.499Z,2026-09-07T17:29:11Z
www.benefeds.gov,Office of Personnel Management,v3.8.1,true,false,3263598,399180,2026-09-07T13:56:47.348Z,2026-09-07T17:29:11Z
armypubs.army.mil,Department of Defense,,true,false,3216072,1144926,2026-09-07T10:25:16.172Z,2026-09-07T17:29:11Z
seasonaljobs.dol.gov,Department of Labor,,true,false,2962418,499996,2026-09-07T12:05:07.847Z,2026-09-07T17:29:11Z
www.nist.gov,Department of Commerce,,true,false,2902276,2162866,2026-09-07T14:43:25.642Z,2026-09-07T17:29:11Z
water.noaa.gov,Department of Commerce,,true,false,2853230,1865374,2026-09-04T22:37:23.447Z,2026-09-07T17:29:11Z
ttp.dhs.gov,Department of Homeland Security,,false,false,2754113,2342692,2026-09-07T09:37:49.657Z,2026-09-07T17:29:11Z
data.cms.gov,Department of Health and Human Services,,true,false,2718486,1055898,2026-09-07T03:29:48.213Z,2026-09-07T17:29:11Z
search.earthdata.nasa.gov,National Aeronautics and Space Administration,,false,false,2544075,100321,2026-09-07T14:50:41.860Z,2026-09-07T17:29:11Z
trademarkcenter.uspto.gov,Department of Commerce,,false,false,2406483,277760,2026-09-07T06:45:10.380Z,2026-09-07T17:29:11Z
flag.dol.gov,Department of Labor,,true,false,2332619,882565,2026-09-07T12:04:57.042Z,2026-09-07T17:29:11Z
grants.gov,Department of Health and Human Services,v3.3.0,true,false,2011511,1096985,2026-09-07T11:23:16.416Z,2026-09-07T17:29:11Z
www.ebuy.gsa.gov,General Services Administration,v3.13.0,true,false,2004383,314895,2026-09-07T14:31:13.855Z,2026-09-07T17:29:11Z
webbook.nist.gov,Department of Commerce,,false,true,1905206,1034196,2026-09-07T11:12:23.590Z,2026-09-07T17:29:11Z
grants.nih.gov,Department of Health and Human Services,,false,false,1848169,1048920,2026-09-07T12:04:39.693Z,2026-09-07T17:29:11Z
idcfars.bls.gov,Department of Labor,v2.4.0,false,false,1775926,446772,2026-09-07T14:08:02.419Z,2026-09-07T17:29:11Z
myhealth.va.gov,Department of Veterans Affairs,v3.7.1,true,false,1771105,1413042,2026-09-04T22:37:23.447Z,2026-09-07T17:29:11Z
simpler.grants.gov,Department of Health and Human Services,,true,false,1769239,536205,2026-09-07T02:23:00.173Z,2026-09-07T17:29:11Z
www.census.gov,Department of Commerce,,true,false,1685127,656464,2026-09-07T12:26:21.586Z,2026-09-07T17:29:11Z
hts.usitc.gov,International Trade Commission,,true,false,1649228,1219921,2026-09-07T05:10:30.522Z,2026-09-07T17:29:11Z
www.tsa.gov,Department of Homeland Security,,true,false,1627690,178284,2026-09-07T09:11:34.516Z,2026-09-07T17:29:11Z
thinkculturalhealth.hhs.gov,Department of Health and Human Services,,true,false,1606798,77769,2026-09-07T11:16:17.337Z,2026-09-07T17:29:11Z
marketplace.gsafleet.gov,General Services Administration,,true,false,1462461,187532,2026-09-07T12:48:27.399Z,2026-09-07T17:29:11Z
account.ncbi.nlm.nih.gov,Department of Health and Human Services,v1.6.14,true,false,1426523,1041457,2026-09-07T13:56:00.911Z,2026-09-07T17:29:11Z
globaldossier.uspto.gov,Department of Commerce,v2.8.0,false,false,1407773,748238,2026-09-07T14:24:08.280Z,2026-09-07T17:29:11Z
csrc.nist.gov,Department of Commerce,v3.7.1,true,false,1379862,882359,2026-09-07T14:39:24.106Z,2026-09-07T17:29:11Z
collections.nlm.nih.gov,Department of Health and Human Services,,false,false,1369017,1319258,2026-09-07T13:43:15.751Z,2026-09-07T17:29:11Z
news.va.gov,Department of Veterans Affairs,,true,false,1339074,1098083,2026-09-07T08:55:32.857Z,2026-09-07T17:29:11Z
seer.cancer.gov,Department of Health and Human Services,,true,false,1323314,731119,2026-09-07T11:58:06.065Z,2026-09-07T17:29:11Z
health.mil,Department of Defense,,true,false,1319322,695458,2026-09-07T07:55:27.952Z,2026-09-07T17:29:11Z
eqrs.cms.gov,Department of Health and Human Services,,false,true,1237719,102027,2026-09-07T09:55:52.713Z,2026-09-07T17:29:11Z
images.nasa.gov,National Aeronautics and Space Administration,,false,false,1211197,289651,2026-09-07T04:23:31.994Z,2026-09-07T17:29:11Z
help.usajobs.gov,Office of Personnel Management,v3.13.0,true,false,1208389,806241,2026-09-07T07:32:21.507Z,2026-09-07T17:29:11Z
submit.ncbi.nlm.nih.gov,Department of Health and Human Services,,true,false,1203477,145435,2026-09-07T06:02:09.264Z,2026-09-07T17:29:11Z
heasarc.gsfc.nasa.gov,National Aeronautics and Space Administration,v3.12.0,true,false,1185293,1170592,2026-09-07T13:09:28.347Z,2026-09-07T17:29:11Z
pubs.usgs.gov,Department of the Interior,,true,false,1178855,985034,2026-09-07T04:24:22.415Z,2026-09-07T17:29:11Z
oceanservice.noaa.gov,Department of Commerce,,true,false,1140896,1020802,2026-09-07T02:07:33.764Z,2026-09-07T17:29:11Z
choose.va.gov,Department of Veterans Affairs,,true,false,1132465,837777,2026-09-07T12:39:21.856Z,2026-09-07T17:29:11Z
plus.nasa.gov,National Aeronautics and Space Administration,,true,false,1129843,561424,2026-09-07T13:18:39.382Z,2026-09-07T17:29:11Z
search.nal.usda.gov,Department of Agriculture,,true,false,1081229,1025506,2026-09-07T14:21:58.399Z,2026-09-07T17:29:11Z
occ.gov,Department of the Treasury,,true,false,1024894,749921,2026-09-07T14:49:24.889Z,2026-09-07T17:29:11Z
www.fec.gov,Federal Election Commission,,true,false,975354,199298,2026-09-07T12:46:19.790Z,2026-09-07T17:29:11Z
ojp.gov,Department of Justice,,true,false,955975,830004,2026-09-07T12:42:44.188Z,2026-09-07T17:29:11Z
everykidoutdoors.gov,Department of the Interior,,false,true,951915,244777,2026-09-07T07:11:10.186Z,2026-09-07T17:29:11Z
lhncbc.nlm.nih.gov,Department of Health and Human Services,v2.11.1,true,false,950491,935058,2026-09-07T14:57:37.312Z,2026-09-07T17:29:11Z
bea.gov,Department of Commerce,,true,false,942686,399512,2026-09-07T01:12:51.633Z,2026-09-07T17:29:11Z
ladsweb.modaps.eosdis.nasa.gov,National Aeronautics and Space Administration,,true,false,929716,844103,2026-09-07T14:43:33.832Z,2026-09-07T17:29:11Z
vacareers.va.gov,Department of Veterans Affairs,v3.12.0,true,false,924489,685820,2026-09-07T10:08:44.915Z,2026-09-07T17:29:11Z
mx.usembassy.gov,Department of State,,true,false,915745,580287,2026-09-07T04:49:11.324Z,2026-09-07T17:29:11Z
hero.epa.gov,Environmental Protection Agency,v3.12.0,true,false,914634,879472,2026-09-07T14:02:00.455Z,2026-09-07T17:29:11Z
myeverify.uscis.gov,Department of Homeland Security,,true,false,882267,212891,2026-09-07T07:52:21.694Z,2026-09-07T17:29:11Z
store.usgs.gov,Department of the Interior,,true,false,876280,428034,2026-09-07T04:36:43.067Z,2026-09-07T17:29:11Z
benefits.va.gov,Department of Veterans Affairs,,true,false,872554,677683,2026-09-07T09:59:37.774Z,2026-09-07T17:29:11Z
wwwn.cdc.gov,Department of Health and Human Services,,false,false,868827,295440,2026-09-07T07:06:12.373Z,2026-09-07T17:29:11Z
famauth.wildfire.gov,Department of Agriculture,,true,false,837465,505330,2026-09-07T11:48:20.331Z,2026-09-07T17:29:11Z
legacy.sba.gov,Small Business Administration,,true,false,807140,509695,2026-09-07T13:48:30.550Z,2026-09-07T17:29:11Z
mobile.va.gov,Department of Veterans Affairs,2.13.1,true,false,777101,769732,2026-09-07T13:00:08.079Z,2026-09-07T17:29:11Z
www.ncei.noaa.gov,Department of Commerce,v3.3.0,true,false,770459,72170,2026-09-07T14:22:22.226Z,2026-09-07T17:29:11Z
msiexchange.nasa.gov,National Aeronautics and Space Administration,,true,false,752498,748519,2026-09-07T10:08:29.942Z,2026-09-07T17:29:11Z
womenshealth.gov,Department of Health and Human Services,v2.14.0,true,false,748613,636018,2026-09-07T07:11:44.409Z,2026-09-07T17:29:11Z
fdanj.nlm.nih.gov,Department of Health and Human Services,,false,false,713805,735342,2026-09-07T08:51:31.521Z,2026-09-07T17:29:11Z
nida.nih.gov,Department of Health and Human Services,,true,false,700104,485061,2026-09-07T14:59:14.391Z,2026-09-07T17:29:11Z
www.cms.gov,Department of Health and Human Services,,false,false,698690,215747,2026-09-07T10:43:29.625Z,2026-09-07T17:29:11Z
gml.noaa.gov,Department of Commerce,,true,false,687538,544267,2026-09-07T14:20:37.862Z,2026-09-07T17:29:11Z
gsafleet.gov,General Services Administration,,true,false,684774,218522,2026-09-07T05:26:50.546Z,2026-09-07T17:29:11Z
portal.census.gov,Department of Commerce,2.13.3,true,false,684712,182200,2026-09-07T12:29:04.055Z,2026-09-07T17:29:11Z
www.usaspending.gov,Department of the Treasury,,true,false,641268,143111,2026-09-07T14:30:32.326Z,2026-09-07T17:29:11Z
wildhorsesonline.blm.gov,Department of the Interior,,true,false,640117,93211,2026-09-07T10:45:15.278Z,2026-09-07T17:29:11Z
fiscal.treasury.gov,Department of the Treasury,,true,false,616974,356990,2026-09-07T13:27:57.056Z,2026-09-07T17:29:11Z
echo.epa.gov,Environmental Protection Agency,,true,false,610483,352889,2026-09-07T14:01:51.802Z,2026-09-07T17:29:11Z
idp.int.identitysandbox.gov,Department of the Interior,,true,false,608189,357999,2026-09-07T12:38:10.922Z,2026-09-07T17:29:11Z
sanctionslist.ofac.treas.gov,Department of the Treasury,,true,false,591992,251266,2026-09-07T01:45:50.701Z,2026-09-07T17:29:11Z
wonder.cdc.gov,Department of Health and Human Services,,false,false,579929,86815,2026-09-07T09:39:36.086Z,2026-09-07T17:29:11Z
openpaymentsdata.cms.gov,Department of Health and Human Services,,false,false,561383,146326,2026-09-07T10:36:40.482Z,2026-09-07T17:29:11Z
fiscaldata.treasury.gov,Department of the Treasury,,false,false,559118,362742,2026-09-07T09:53:42.817Z,2026-09-07T17:29:11Z
earthexplorer.usgs.gov,Department of the Interior,,true,false,558270,351094,2026-09-07T14:32:18.849Z,2026-09-07T17:29:11Z
meshb.nlm.nih.gov,Department of Health and Human Services,,false,false,540640,203297,2026-09-07T04:16:34.053Z,2026-09-07T17:29:11Z
ers.usda.gov,Department of Agriculture,,true,false,529545,363285,2026-09-07T09:32:54.632Z,2026-09-07T17:29:11Z
www.nps.gov,Department of the Interior,,true,false,529449,128291,2026-09-07T04:42:55.782Z,2026-09-07T17:29:11Z
www.uscis.gov,Department of Homeland Security,,true,false,520960,280904,2026-09-07T10:05:45.556Z,2026-09-07T17:29:11Z
ppms.gov,General Services Administration,,true,false,491421,47896,2026-09-07T05:00:49.798Z,2026-09-07T17:29:11Z
teen.smokefree.gov,Department of Health and Human Services,,true,false,489494,443918,2026-09-07T02:12:39.239Z,2026-09-07T17:29:11Z
www.ncbi.nlm.nih.gov,Department of Health and Human Services,,true,false,488559,105123,2026-09-07T14:58:31.456Z,2026-09-07T17:29:11Z
dataprivacyframework.gov,Department of Commerce,v3.7.1,true,false,484389,323994,2026-09-04T22:37:23.447Z,2026-09-07T17:29:11Z
studyinthestates.dhs.gov,Department of Homeland Security,,true,false,483355,328474,2026-09-07T09:11:49.718Z,2026-09-07T17:29:11Z
sealevel.jpl.nasa.gov,National Aeronautics and Space Administration,,false,false,483119,186634,2026-09-07T14:33:32.547Z,2026-09-07T17:29:11Z
nces.ed.gov,Department of Education,,false,false,482167,182577,2026-09-07T12:47:12.106Z,2026-09-07T17:29:11Z
es.medicare.gov,Department of Health and Human Services,,true,false,462275,307936,2026-09-07T13:59:42.789Z,2026-09-07T17:29:11Z
cem.va.gov,Department of Veterans Affairs,,true,false,455747,304688,2026-09-07T14:37:39.844Z,2026-09-07T17:29:11Z
nas.er.usgs.gov,Department of the Interior,,true,false,448958,420770,2026-09-07T14:42:47.998Z,2026-09-07T17:29:11Z
cesdata.bls.gov,Department of Labor,v2.4.0,false,false,447253,132846,2026-09-07T03:11:28.299Z,2026-09-07T17:29:11Z
department.va.gov,Department of Veterans Affairs,,true,false,441881,312165,2026-09-07T14:36:13.113Z,2026-09-07T17:29:11Z
jp.usembassy.gov,Department of State,,true,false,435355,281365,2026-09-07T04:58:11.489Z,2026-09-07T17:29:11Z
plants.sc.egov.usda.gov,Department of Agriculture,,true,false,417464,107478,2026-09-07T02:47:27.633Z,2026-09-07T17:29:11Z
asc.gov,Appraisal Subcommittee of the Federal Financial Institutions Examination Council,,false,false,417336,187060,2026-09-04T22:37:23.447Z,2026-09-07T17:29:11Z
research.fs.usda.gov,Department of Agriculture,,true,false,397903,245366,2026-09-07T14:25:55.336Z,2026-09-07T17:29:11Z
china.usembassy-china.org.cn,Department of State,,true,false,393846,254913,2026-09-07T11:09:54.487Z,2026-09-07T17:29:11Z
oge.gov,Office of Government Ethics,v2.0.3,true,false,393534,50133,2026-09-07T01:20:22.222Z,2026-09-07T17:29:11Z
glorecords.blm.gov,Department of the Interior,,true,false,390581,114734,2026-09-07T07:33:25.867Z,2026-09-07T17:29:11Z
in.usembassy.gov,Department of State,,true,false,389678,252397,2026-09-07T06:58:03.849Z,2026-09-07T17:29:11Z
ptsd.va.gov,Department of Veterans Affairs,,true,false,373996,264978,2026-09-04T22:37:23.447Z,2026-09-07T17:29:11Z
nij.ojp.gov,Department of Justice,.,true,false,372331,258504,2026-09-07T10:36:01.921Z,2026-09-07T17:29:11Z
hazards.fema.gov,Department of Homeland Security,v3.2.0,true,false,364047,42760,2026-09-07T10:55:58.537Z,2026-09-07T17:29:11Z
datadashboard.fda.gov,Department of Health and Human Services,,true,false,358013,107355,2026-09-04T22:37:23.447Z,2026-09-07T17:29:11Z
www.apprenticeship.gov,Department of Labor,,true,false,348335,71030,2026-09-07T10:23:34.891Z,2026-09-07T17:29:11Z
data.transportation.gov,Department of Transportation,,true,false,347384,51644,2026-09-04T22:37:23.447Z,2026-09-07T17:29:11Z
ciencia.nasa.gov,National Aeronautics and Space Administration,v2.13.3,true,false,340208,263934,2026-09-07T14:46:00.279Z,2026-09-07T17:29:11Z
hpms.cms.gov,Department of Health and Human Services,,false,false,326665,87473,2026-09-07T02:52:08.412Z,2026-09-07T17:29:11Z
ies.ed.gov,Department of Education,,false,false,326280,204981,2026-09-07T14:13:21.100Z,2026-09-07T17:29:11Z
buy.gsa.gov,General Services Administration,v3.13.0,true,false,320071,56841,2026-09-07T08:16:36.387Z,2026-09-07T17:29:11Z
data.nasa.gov,National Aeronautics and Space Administration,,true,false,316008,266256,2026-09-07T14:46:56.152Z,2026-09-07T17:29:11Z
bsaefiling.fincen.gov,Department of the Treasury,,true,false,314800,143741,2026-09-07T08:56:47.380Z,2026-09-07T17:29:11Z
portal.ice.gov,Department of Homeland Security,,true,false,312119,99084,2026-09-07T09:32:22.077Z,2026-09-07T17:29:11Z
aspe.hhs.gov,Department of Health and Human Services,,true,false,306176,253442,2026-09-07T12:09:18.935Z,2026-09-07T17:29:11Z
www.energystar.gov,Environmental Protection Agency,,false,false,300958,50446,2026-09-07T13:55:14.726Z,2026-09-07T17:29:11Z
biocollections.ars.usda.gov,Department of Agriculture,,true,false,291452,289146,2026-09-07T07:51:25.033Z,2026-09-07T17:29:11Z
www.usa.gov,General Services Administration,,true,false,289910,74050,2026-09-07T14:01:47.089Z,2026-09-07T17:29:11Z
oceanexplorer.noaa.gov,Department of Commerce,,true,false,288390,191331,2026-09-07T02:11:50.228Z,2026-09-07T17:29:11Z
training.seer.cancer.gov,Department of Health and Human Services,,true,false,277220,156239,2026-09-07T08:00:46.879Z,2026-09-07T17:29:11Z
pmc-d.ncbi.nlm.nih.gov,Department of Health and Human Services,,true,false,275101,244211,2026-09-07T07:29:16.107Z,2026-09-07T17:29:11Z
phytochem.nal.usda.gov,Department of Agriculture,,true,false,273295,228482,2026-09-07T10:45:43.050Z,2026-09-07T17:29:11Z
psl.noaa.gov,Department of Commerce,v3.8.0,true,false,271120,120201,2026-09-04T22:37:23.447Z,2026-09-07T17:29:11Z
coast.noaa.gov,Department of Commerce,,false,false,270290,178026,2026-09-07T13:32:54.612Z,2026-09-07T17:29:11Z
co.usembassy.gov,Department of State,,true,false,266440,167361,2026-09-07T04:05:57.511Z,2026-09-07T17:29:11Z
ph.usembassy.gov,Department of State,,true,false,265834,155201,2026-09-04T22:37:23.447Z,2026-09-07T17:29:11Z
bja.ojp.gov,Department of Justice,.,true,false,263758,146781,2026-09-07T06:51:34.600Z,2026-09-07T17:29:11Z
publichealth.va.gov,Department of Veterans Affairs,,true,false,254907,142691,2026-09-04T22:37:23.447Z,2026-09-07T17:29:11Z
uscis.usajobs.gov,Office of Personnel Management,,false,false,250598,89385,2026-09-07T14:30:07.925Z,2026-09-07T17:29:11Z
ca.usembassy.gov,Department of State,,true,false,249222,147508,2026-09-07T03:29:05.733Z,2026-09-07T17:29:11Z
occ.treas.gov,Department of the Treasury,,true,false,245019,68722,2026-09-07T01:54:47.142Z,2026-09-07T17:29:11Z
snaped.fns.usda.gov,Department of Agriculture,,true,false,244718,219920,2026-09-07T03:20:33.620Z,2026-09-07T17:29:11Z
vehiclehistory.bja.ojp.gov,Department of Justice,.,true,false,240780,125400,2026-09-04T22:37:23.447Z,2026-09-07T17:29:11Z
vacanteen.va.gov,Department of Veterans Affairs,,true,false,238211,131255,2026-09-07T10:26:42.801Z,2026-09-07T17:29:11Z
uk.usembassy.gov,Department of State,,true,false,237179,142233,2026-09-07T05:45:52.827Z,2026-09-07T17:29:11Z
do.usembassy.gov,Department of State,,true,false,229876,138001,2026-09-07T04:32:07.827Z,2026-09-07T17:29:11Z
transtats.bts.gov,Department of Transportation,,true,false,224890,59286,2026-09-04T22:37:23.447Z,2026-09-07T17:29:11Z
oig.justice.gov,Department of Justice,,true,false,222627,67013,2026-09-07T06:48:22.982Z,2026-09-07T17:29:11Z
bjs.ojp.gov,Department of Justice,.,true,false,219644,141130,2026-09-07T10:58:08.310Z,2026-09-07T17:29:11Z
foia.state.gov,Department of State,v3.7.1,true,false,218578,34269,2026-09-07T02:43:58.004Z,2026-09-07T17:29:11Z
br.usembassy.gov,Department of State,,true,false,214846,141123,2026-09-04T22:37:23.447Z,2026-09-07T17:29:11Z
tfx.treasury.gov,Department of the Treasury,v3.4.1,true,false,214228,167738,2026-09-07T02:37:37.680Z,2026-09-07T17:29:11Z
staging.va.gov,Department of Veterans Affairs,,true,false,213234,28704,2026-09-07T04:33:31.549Z,2026-09-07T17:29:11Z
smokefree.gov,Department of Health and Human Services,,true,false,209704,129128,2026-09-07T13:54:04.629Z,2026-09-07T17:29:11Z
betterbuildingssolutioncenter.energy.gov,Department of Energy,,true,false,208758,163715,2026-09-07T14:28:26.094Z,2026-09-07T17:29:11Z
tmsearch.uspto.gov,Department of Commerce,,false,false,207845,81589,2026-09-07T12:14:42.648Z,2026-09-07T17:29:11Z
enviro.epa.gov,Environmental Protection Agency,,true,false,206699,100017,2026-09-07T14:59:38.722Z,2026-09-07T17:29:11Z
geneva.usmission.gov,Department of State,,true,false,204346,209733,2026-09-07T08:55:59.177Z,2026-09-07T17:29:11Z
training.smartpay.gsa.gov,General Services Administration,v3.13.0,true,false,202300,29237,2026-09-07T03:16:50.927Z,2026-09-07T17:29:11Z
science.gsfc.nasa.gov,National Aeronautics and Space Administration,v3.12.0,true,false,201116,165669,2026-09-07T14:48:11.122Z,2026-09-07T17:29:11Z
digital.va.gov,Department of Veterans Affairs,,true,false,200134,147010,2026-09-07T14:45:53.715Z,2026-09-07T17:29:11Z
hivinfo.nih.gov,Department of Health and Human Services,,true,false,198014,158673,2026-09-07T12:02:06.660Z,2026-09-07T17:29:11Z
online-auction.state.gov,Department of State,,false,false,197604,67985,2026-09-07T14:01:43.946Z,2026-09-07T17:29:11Z
ar.usembassy.gov,Department of State,,true,false,196451,109349,2026-09-07T10:49:44.976Z,2026-09-07T17:29:11Z
acl.gov,Department of Health and Human Services,,true,false,196167,97680,2026-09-07T13:40:50.122Z,2026-09-07T17:29:11Z
apps.usgs.gov,Department of the Interior,,false,false,194797,114106,2026-09-07T14:44:43.980Z,2026-09-07T17:29:11Z
niccs.cisa.gov,Department of Homeland Security,,true,false,191268,108447,2026-09-07T14:19:44.162Z,2026-09-07T17:29:11Z
www.cdc.gov,Department of Health and Human Services,,true,false,190346,68246,2026-09-07T13:12:30.870Z,2026-09-07T17:29:11Z
civilrights.justice.gov,Department of Justice,v3.6.1,true,false,189719,41788,2026-09-07T13:14:56.859Z,2026-09-07T17:29:11Z
app.fac.gov,General Services Administration,,true,false,188507,57267,2026-09-07T03:52:32.217Z,2026-09-07T17:29:11Z
idcf.bls.gov,Department of Labor,v2.4.0,false,false,187836,59615,2026-09-07T03:09:34.286Z,2026-09-07T17:29:11Z
magazine.medlineplus.gov,Department of Health and Human Services,v1.6.6,true,false,186298,171704,2026-09-07T06:51:18.306Z,2026-09-07T17:29:11Z
geocoding.geo.census.gov,Department of Commerce,,true,false,186138,64792,2026-09-07T05:10:36.975Z,2026-09-07T17:29:11Z
discover.va.gov,Department of Veterans Affairs,,true,false,185845,120285,2026-09-04T22:37:23.447Z,2026-09-07T17:29:11Z
ntp.niehs.nih.gov,Department of Health and Human Services,,true,false,184427,86373,2026-09-07T14:41:13.766Z,2026-09-07T17:29:11Z
vn.usembassy.gov,Department of State,,true,false,183550,119066,2026-09-07T04:20:13.110Z,2026-09-07T17:29:11Z
www2.census.gov,Department of Commerce,,true,false,181928,120632,2026-09-07T12:28:28.857Z,2026-09-07T17:29:11Z
www.grants.gov,Department of Health and Human Services,v3.3.0,true,false,179441,74578,2026-09-07T05:27:55.001Z,2026-09-07T17:29:11Z
eforms.state.gov,Department of State,,false,false,178086,153152,2026-09-07T07:56:26.121Z,2026-09-07T17:29:11Z
helpwithmybank.gov,Department of the Treasury,,true,false,174082,134990,2026-09-07T09:56:06.327Z,2026-09-07T17:29:11Z
wicworks.fns.usda.gov,Department of Agriculture,,true,false,172948,152035,2026-09-04T22:37:23.447Z,2026-09-07T17:29:11Z
acoms.cms.gov,Department of Health and Human Services,,true,false,172329,15581,2026-09-07T06:00:09.992Z,2026-09-07T17:29:11Z
ffiec.cfpb.gov,Consumer Financial Protection Bureau,,true,false,171703,98241,2026-09-07T05:17:30.523Z,2026-09-07T17:29:11Z
www.ice.gov,Department of Homeland Security,,true,false,169317,79658,2026-09-07T13:58:11.547Z,2026-09-07T17:29:11Z
rrs.usace.army.mil,Department of Defense,,true,false,169129,45476,2026-09-07T01:34:45.941Z,2026-09-07T17:29:11Z
namus.nij.ojp.gov,Department of Justice,.,true,false,167624,122908,2026-09-07T05:10:33.947Z,2026-09-07T17:29:11Z
ovc.ojp.gov,Department of Justice,.,true,false,166680,92767,2026-09-07T13:58:52.450Z,2026-09-07T17:29:11Z
oig.ssa.gov,Social Security Administration,,true,false,165891,118541,2026-09-07T14:49:44.624Z,2026-09-07T17:29:11Z
tr.usembassy.gov,Department of State,,true,false,163609,105882,2026-09-07T11:26:31.887Z,2026-09-07T17:29:11Z
tools.cdc.gov,Department of Health and Human Services,,false,false,163033,144889,2026-09-07T09:50:05.964Z,2026-09-07T17:29:11Z
findingaids.nlm.nih.gov,Department of Health and Human Services,,false,false,159087,151450,2026-09-07T01:13:28.954Z,2026-09-07T17:29:11Z
smartpay.gsa.gov,General Services Administration,v3.14.0,true,false,158499,87323,2026-09-07T09:15:49.683Z,2026-09-07T17:29:11Z
th.usembassy.gov,Department of State,,true,false,157665,101373,2026-09-04T22:37:23.447Z,2026-09-07T17:29:11Z
kr.usembassy.gov,Department of State,,true,false,155320,92770,2026-09-07T07:56:15.881Z,2026-09-07T17:29:11Z
meps.ahrq.gov,Department of Health and Human Services,,true,false,155085,124297,2026-09-07T07:19:17.658Z,2026-09-07T17:29:11Z
beta.dol.gov,Department of Labor,,true,false,152863,115029,2026-09-07T13:03:23.790Z,2026-09-07T17:29:11Z
wamssoprd.epa.gov,Environmental Protection Agency,,true,false,152811,124214,2026-09-07T14:33:36.348Z,2026-09-07T17:29:11Z
data.cdc.gov,Department of Health and Human Services,,true,false,152012,69961,2026-09-07T03:25:43.737Z,2026-09-07T17:29:11Z
lehd.ces.census.gov,Department of Commerce,,true,false,150696,49262,2026-09-07T08:16:52.108Z,2026-09-07T17:29:11Z
pmel.noaa.gov,Department of Commerce,v3.8.2,true,false,149467,123492,2026-09-07T07:11:30.633Z,2026-09-07T17:29:11Z
eplanning.blm.gov,Department of the Interior,,true,false,148861,52728,2026-09-07T14:01:13.726Z,2026-09-07T17:29:11Z
irs.usajobs.gov,Office of Personnel Management,,false,false,148738,48802,2026-09-07T08:50:02.610Z,2026-09-07T17:29:11Z
orip.nih.gov,Department of Health and Human Services,v3.6.1,true,false,144396,140497,2026-09-07T04:03:45.411Z,2026-09-07T17:29:11Z
espanol.womenshealth.gov,Department of Health and Human Services,v2.14.0,true,false,144372,117726,2026-09-07T09:55:58.460Z,2026-09-07T17:29:11Z
arpa-h.gov,Department of Health and Human Services,,true,false,144296,82094,2026-09-07T07:16:27.567Z,2026-09-07T17:29:11Z
atsdr.cdc.gov,Department of Health and Human Services,,true,false,141026,97384,2026-09-07T10:52:23.065Z,2026-09-07T17:29:11Z
home.grantsolutions.gov,Department of Health and Human Services,,false,false,138689,111785,2026-09-07T07:12:58.867Z,2026-09-07T17:29:11Z
pages.nist.gov,Department of Commerce,,false,false,138630,100146,2026-09-07T10:44:20.490Z,2026-09-07T17:29:11Z
digital.gov,General Services Administration,,true,false,138421,92894,2026-09-07T13:39:22.249Z,2026-09-07T17:29:11Z
pk.usembassy.gov,Department of State,,true,false,137779,79921,2026-09-07T09:06:23.985Z,2026-09-07T17:29:11Z
ojjdp.ojp.gov,Department of Justice,.,true,false,135710,95258,2026-09-07T09:04:01.841Z,2026-09-07T17:29:11Z
intern.usajobs.gov,Office of Personnel Management,,false,false,134381,44448,2026-09-07T05:02:14.808Z,2026-09-07T17:29:11Z
www.fws.gov,Department of the Interior,,true,false,133464,57726,2026-09-07T14:54:46.964Z,2026-09-07T17:29:11Z
psnet.ahrq.gov,Department of Health and Human Services,,true,false,132872,100919,2026-09-07T14:48:16.071Z,2026-09-07T17:29:11Z
forestservicecareers.usajobs.gov,Office of Personnel Management,,false,false,132530,34058,2026-09-07T04:57:58.734Z,2026-09-07T17:29:11Z
realestatesales.gov,General Services Administration,v3.8.0,true,false,131504,47448,2026-09-07T13:04:00.571Z,2026-09-07T17:29:11Z
videocast.nih.gov,Department of Health and Human Services,,false,false,129969,82243,2026-09-04T22:37:23.447Z,2026-09-07T17:29:11Z
cpars.gov,General Services Administration,,true,false,129521,104199,2026-09-07T12:52:28.350Z,2026-09-07T17:29:11Z
caregiver.va.gov,Department of Veterans Affairs,,true,false,129452,87284,2026-09-04T22:37:23.447Z,2026-09-07T17:29:11Z
eg.usembassy.gov,Department of State,,true,false,128078,80647,2026-09-07T03:59:27.980Z,2026-09-07T17:29:11Z
pe.usembassy.gov,Department of State,,true,false,127647,85879,2026-09-07T04:13:10.704Z,2026-09-07T17:29:11Z
fr.usembassy.gov,Department of State,,true,false,125344,76854,2026-09-07T04:40:06.812Z,2026-09-07T17:29:11Z
npin.cdc.gov,Department of Health and Human Services,,true,false,125194,96922,2026-09-04T22:37:23.447Z,2026-09-07T17:29:11Z
power.larc.nasa.gov,National Aeronautics and Space Administration,v3.11.0,true,false,124789,83586,2026-09-07T14:44:58.848Z,2026-09-07T17:29:11Z
earlycareer.usajobs.gov,Office of Personnel Management,,false,false,122985,21472,2026-09-07T10:32:01.299Z,2026-09-07T17:29:11Z
es.usembassy.gov,Department of State,,true,false,122629,70256,2026-09-07T10:11:48.108Z,2026-09-07T17:29:11Z
bcrisktool.cancer.gov,Department of Health and Human Services,,true,false,119582,71726,2026-09-07T06:40:24.675Z,2026-09-07T17:29:11Z
ae.usembassy.gov,Department of State,,true,false,118714,62527,2026-09-07T04:00:15.229Z,2026-09-07T17:29:11Z
www.fdms.gov,General Services Administration,2.14.0,false,false,117895,18937,2026-09-07T03:28:33.731Z,2026-09-07T17:29:11Z
ug.usembassy.gov,Department of State,,true,false,117872,79543,2026-09-04T22:37:23.447Z,2026-09-07T17:29:11Z
comptroller.war.gov,Department of Defense,,false,false,116176,77694,2026-09-04T22:37:23.447Z,2026-09-07T17:29:11Z
rapidrefresh.noaa.gov,Department of Commerce,,false,false,115483,52702,2026-09-04T22:37:23.447Z,2026-09-07T17:29:11Z
it.usembassy.gov,Department of State,,true,false,115387,71158,2026-09-07T11:16:26.904Z,2026-09-07T17:29:11Z
www.fema.gov,Department of Homeland Security,,true,false,114294,42307,2026-09-07T05:20:05.675Z,2026-09-07T17:29:11Z
data.usgs.gov,Department of the Interior,,true,false,113931,103551,2026-09-07T05:46:47.431Z,2026-09-07T17:29:11Z
archivesspace.nal.usda.gov,Department of Agriculture,,false,false,113748,108901,2026-09-07T07:45:51.525Z,2026-09-07T17:29:11Z
primis.phmsa.dot.gov,Department of Transportation,v3.13.0,true,false,113420,37684,2026-09-07T10:40:10.301Z,2026-09-07T17:29:11Z
idcfoews.bls.gov,Department of Labor,v2.4.0,false,false,112575,48969,2026-09-07T06:25:37.038Z,2026-09-07T17:29:11Z
id.usembassy.gov,Department of State,,true,false,112287,82270,2026-09-07T14:18:37.762Z,2026-09-07T17:29:11Z
au.usembassy.gov,Department of State,,true,false,112251,64477,2026-09-07T06:14:17.692Z,2026-09-07T17:29:11Z
eus.cms.gov,Department of Health and Human Services,,true,false,112203,55403,2026-09-07T03:45:21.649Z,2026-09-07T17:29:11Z
bf.usembassy.gov,Department of State,,true,false,111846,116427,2026-09-04T22:37:23.447Z,2026-09-07T17:29:11Z
dbgap.ncbi.nlm.nih.gov,Department of Health and Human Services,,true,false,111690,25553,2026-09-07T09:51:52.964Z,2026-09-07T17:29:11Z
sanctuaries.noaa.gov,Department of Commerce,,false,false,111175,77346,2026-09-07T14:07:24.625Z,2026-09-07T17:29:11Z
dhs.usajobs.gov,Office of Personnel Management,,false,false,108579,26252,2026-09-07T07:32:25.100Z,2026-09-07T17:29:11Z
disc.gsfc.nasa.gov,National Aeronautics and Space Administration,,false,false,108520,30198,2026-09-07T14:21:06.514Z,2026-09-07T17:29:11Z
dctd.cancer.gov,Department of Health and Human Services,,true,false,108031,77108,2026-09-07T11:44:08.437Z,2026-09-07T17:29:11Z
gacc.nifc.gov,Department of the Interior,v3.13.0,true,false,107927,41522,2026-09-07T04:31:55.436Z,2026-09-07T17:29:11Z
3d.nih.gov,Department of Health and Human Services,,false,false,107725,39658,2026-09-07T04:38:19.610Z,2026-09-07T17:29:11Z
orise.orau.gov,Department of Energy,,true,false,107723,66024,2026-09-07T05:55:13.818Z,2026-09-07T17:29:11Z
za.usembassy.gov,Department of State,,true,false,107653,65793,2026-09-07T10:10:39.504Z,2026-09-07T17:29:11Z
www.fedramp.gov,General Services Administration,,true,false,106403,41668,2026-09-07T13:02:54.771Z,2026-09-07T17:29:11Z
hk.usconsulate.gov,Department of State,,true,false,106111,61134,2026-09-07T05:15:30.778Z,2026-09-07T17:29:11Z
www.childwelfare.gov,Department of Health and Human Services,v2.14.0,true,false,105693,44854,2026-09-07T12:30:40.412Z,2026-09-07T17:29:11Z
ncses.nsf.gov,National Science Foundation,,false,false,104035,67577,2026-09-07T06:59:01.475Z,2026-09-07T17:29:11Z
visit.archives.gov,National Archives and Records Administration,,true,false,101986,69796,2026-09-07T08:05:59.281Z,2026-09-07T17:29:11Z
shop.nist.gov,Department of Commerce,,true,false,101260,32125,2026-09-07T10:53:37.492Z,2026-09-07T17:29:11Z
de.usembassy.gov,Department of State,,true,false,101168,57888,2026-09-07T04:34:35.162Z,2026-09-07T17:29:11Z
usda.usajobs.gov,Office of Personnel Management,,false,false,100536,26603,2026-09-07T08:26:16.214Z,2026-09-07T17:29:11Z
homeandcity.nasa.gov,National Aeronautics and Space Administration,v3.4.1,true,false,100238,11303,2026-09-07T13:58:52.585Z,2026-09-07T17:29:11Z
www.skillbridge.mil,Department of Defense,,true,false,99804,48452,2026-09-07T12:20:41.891Z,2026-09-07T17:29:11Z
alpha.sam.gov,General Services Administration,,true,false,99479,8986,2026-09-07T09:31:48.694Z,2026-09-07T17:29:11Z
forum.earthdata.nasa.gov,National Aeronautics and Space Administration,,false,false,99421,87463,2026-09-07T11:13:18.666Z,2026-09-07T17:29:11Z
my.usgs.gov,Department of the Interior,v2.13.2,true,false,99382,94007,2026-09-07T14:38:18.344Z,2026-09-07T17:29:11Z
espanol.nichd.nih.gov,Department of Health and Human Services,,true,false,99360,80558,2026-09-07T08:32:27.298Z,2026-09-07T17:29:11Z
il.usembassy.gov,Department of State,,true,false,99125,56724,2026-09-07T10:50:09.139Z,2026-09-07T17:29:11Z
cdmrp.health.mil,Department of Defense,,true,false,97100,51316,2026-09-07T03:38:26.469Z,2026-09-07T17:29:11Z
usdaadvantage.gsa.gov,General Services Administration,,true,false,96680,4228,2026-09-07T08:10:36.530Z,2026-09-07T17:29:11Z
www.aphis.usda.gov,Department of Agriculture,,true,false,96091,15207,2026-09-07T10:13:07.844Z,2026-09-07T17:29:11Z
ncbiinsights.ncbi.nlm.nih.gov,Department of Health and Human Services,,true,false,95990,68946,2026-09-04T22:37:23.447Z,2026-09-07T17:29:11Z
889.smartpay.gsa.gov,General Services Administration,v3.13.0,true,false,95519,99593,2026-09-07T05:36:50.039Z,2026-09-07T17:29:11Z
opa.hhs.gov,Department of Health and Human Services,,true,false,94973,31352,2026-09-07T11:04:20.742Z,2026-09-07T17:29:11Z
espanol.epa.gov,Environmental Protection Agency,,true,false,94818,71067,2026-09-07T13:54:58.910Z,2026-09-07T17:29:11Z
mirecc.va.gov,Department of Veterans Affairs,,true,false,94145,57959,2026-09-07T04:17:20.761Z,2026-09-07T17:29:11Z
srdata.nist.gov,Department of Commerce,,false,true,90804,30036,2026-09-07T00:32:32.340Z,2026-09-07T17:29:11Z
mywaterway.epa.gov,Environmental Protection Agency,,true,false,90536,36539,2026-09-07T14:10:05.841Z,2026-09-07T17:29:11Z
ke.usembassy.gov,Department of State,,true,false,90389,51062,2026-09-07T11:12:24.873Z,2026-09-07T17:29:11Z
ng.usembassy.gov,Department of State,,true,false,89962,63538,2026-09-07T11:25:33.634Z,2026-09-07T17:29:11Z
nicic.gov,Department of Justice,,true,false,89532,41230,2026-09-07T04:23:22.292Z,2026-09-07T17:29:11Z
seedfund.nsf.gov,National Science Foundation,,true,false,89182,46938,2026-09-04T22:37:23.447Z,2026-09-07T17:29:11Z
hdpulse.nimhd.nih.gov,Department of Health and Human Services,,true,false,89052,47745,2026-09-04T22:37:23.447Z,2026-09-07T17:29:11Z
e-safe.cbp.dhs.gov,Department of Homeland Security,,true,false,88210,14985,2026-09-07T08:48:03.545Z,2026-09-07T17:29:11Z
str.gsa.gov,General Services Administration,v3.5.0,true,false,86181,13285,2026-09-07T05:32:48.135Z,2026-09-07T17:29:11Z
tmog.uspto.gov,Department of Commerce,,false,false,85988,31883,2026-09-07T06:34:32.004Z,2026-09-07T17:29:11Z
www.cancer.gov,Department of Health and Human Services,,true,false,85985,40836,2026-09-07T15:00:31.534Z,2026-09-07T17:29:11Z
np.usembassy.gov,Department of State,,true,false,85784,50907,2026-09-07T05:22:52.340Z,2026-09-07T17:29:11Z
taggs.hhs.gov,Department of Health and Human Services,,false,false,85386,62746,2026-09-07T11:20:04.408Z,2026-09-07T17:29:11Z
gettested.cdc.gov,Department of Health and Human Services,,true,false,84469,30411,2026-09-04T22:37:23.447Z,2026-09-07T17:29:11Z
nasa.usajobs.gov,Office of Personnel Management,,false,false,84137,29748,2026-09-07T07:45:54.690Z,2026-09-07T17:29:11Z
mentalhealth.va.gov,Department of Veterans Affairs,,true,false,83902,55910,2026-09-07T13:02:49.447Z,2026-09-07T17:29:11Z
response.epa.gov,Environmental Protection Agency,,true,false,83465,36819,2026-09-07T14:22:01.594Z,2026-09-07T17:29:11Z
bd.usembassy.gov,Department of State,,true,false,82490,51770,2026-09-07T03:59:51.803Z,2026-09-07T17:29:11Z
gt.usembassy.gov,Department of State,,true,false,82371,48423,2026-09-07T09:35:28.427Z,2026-09-07T17:29:11Z
iq.usembassy.gov,Department of State,,true,false,82132,49044,2026-09-07T02:43:45.481Z,2026-09-07T17:29:11Z
sa.usembassy.gov,Department of State,,true,false,80002,48680,2026-09-07T05:52:25.652Z,2026-09-07T17:29:11Z
designsystem.digital.gov,General Services Administration,,true,false,79793,38857,2026-09-07T09:58:09.792Z,2026-09-07T17:29:11Z
kids.usmint.gov,Department of the Treasury,,true,false,77865,42392,2026-09-04T22:37:23.447Z,2026-09-07T17:29:11Z
foodbuyingguide.fns.usda.gov,Department of Agriculture,,true,false,77401,26418,2026-09-04T22:37:23.447Z,2026-09-07T17:29:11Z
toolkit.climate.gov,Department of Commerce,,false,false,77215,64766,2026-09-07T10:36:36.237Z,2026-09-07T17:29:11Z
oig.ed.gov,Department of Education,,true,false,77129,40199,2026-09-07T12:06:22.241Z,2026-09-07T17:29:11Z
commonfund.nih.gov,Department of Health and Human Services,v3.4.1,true,false,76796,50519,2026-09-07T07:48:20.484Z,2026-09-07T17:29:11Z
ndc.services.cdc.gov,Department of Health and Human Services,,false,false,76243,39815,2026-09-07T08:32:51.438Z,2026-09-07T17:29:11Z
pki.treasury.gov,Department of the Treasury,v3.13.0,true,false,75888,77699,2026-09-07T08:31:14.341Z,2026-09-07T17:29:11Z
gmd-int.cmdl.noaa.gov,Department of Commerce,,true,false,75838,75184,2026-09-07T01:48:45.545Z,2026-09-07T17:29:11Z
ve.usembassy.gov,Department of State,,true,false,75645,51311,2026-09-04T22:37:23.447Z,2026-09-07T17:29:11Z
cr.usembassy.gov,Department of State,,true,false,75563,44748,2026-09-04T22:37:23.447Z,2026-09-07T17:29:11Z
ohss.dhs.gov,Department of Homeland Security,,true,false,75275,50004,2026-09-07T10:04:37.306Z,2026-09-07T17:29:11Z
arpa-e.energy.gov,Department of Energy,,true,false,75179,45031,2026-09-07T12:55:44.474Z,2026-09-07T17:29:11Z
rethinkingdrinking.niaaa.nih.gov,Department of Health and Human Services,,true,false,74236,47043,2026-09-04T22:37:23.447Z,2026-09-07T17:29:11Z
marketplace.va.gov,Department of Veterans Affairs,,true,false,74149,22490,2026-09-04T22:37:23.447Z,2026-09-07T17:29:11Z
mrms.nssl.noaa.gov,Department of Commerce,v3.10.0,true,false,73858,52451,2026-09-07T02:05:06.692Z,2026-09-07T17:29:11Z
hn.usembassy.gov,Department of State,,true,false,71246,38630,2026-09-04T22:37:23.447Z,2026-09-07T17:29:11Z
ice.usajobs.gov,Office of Personnel Management,,false,false,71135,24201,2026-09-07T04:56:55.014Z,2026-09-07T17:29:11Z
dowcio.war.gov,Department of Defense,,false,false,70961,58464,2026-09-04T22:37:23.447Z,2026-09-07T17:29:11Z
www.nsf.gov,National Science Foundation,,true,false,70433,20856,2026-09-07T12:45:46.740Z,2026-09-07T17:29:11Z
certify.sba.gov,Small Business Administration,,true,false,69998,17889,2026-09-07T01:36:42.892Z,2026-09-07T17:29:11Z
tmss.gsa.gov,General Services Administration,,true,false,69093,13671,2026-09-07T12:55:58.246Z,2026-09-07T17:29:11Z
edie.fdic.gov,Federal Deposit Insurance Corporation,,true,false,68627,44476,2026-09-04T22:37:23.447Z,2026-09-07T17:29:11Z
finance.ocfo.gsa.gov,General Services Administration,v3.10.0,true,false,68228,7461,2026-09-07T06:22:02.556Z,2026-09-07T17:29:11Z
mycreditunion.gov,National Credit Union Administration,,true,false,68194,46303,2026-09-04T22:37:23.447Z,2026-09-07T17:29:11Z
ttabcenter.uspto.gov,Department of Commerce,,false,false,68116,9960,2026-09-07T06:54:23.399Z,2026-09-07T17:29:11Z
omao.noaa.gov,Department of Commerce,,true,false,67732,37311,2026-09-07T09:00:15.461Z,2026-09-07T17:29:11Z
parkplanning.nps.gov,Department of the Interior,,false,true,66836,43235,2026-09-07T09:08:04.742Z,2026-09-07T17:29:11Z
ssaiheadquarters.usajobs.gov,Office of Personnel Management,,false,false,66634,17277,2026-09-07T08:05:47.112Z,2026-09-07T17:29:11Z
ec.usembassy.gov,Department of State,,true,false,66524,41398,2026-09-07T03:56:16.039Z,2026-09-07T17:29:11Z
catalog.nlm.nih.gov,Department of Health and Human Services,,true,false,66120,16784,2026-09-07T06:23:43.857Z,2026-09-07T17:29:11Z
gh.usembassy.gov,Department of State,,true,false,65704,39383,2026-09-07T04:42:56.462Z,2026-09-07T17:29:11Z
bi.usembassy.gov,Department of State,,true,false,64809,58379,2026-09-07T10:10:27.286Z,2026-09-07T17:29:11Z
usun.usmission.gov,Department of State,,true,false,64534,53752,2026-09-07T06:42:57.619Z,2026-09-07T17:29:11Z
beaconregistration.noaa.gov,Department of Commerce,v2.12.0,true,false,64475,29683,2026-09-07T12:47:55.778Z,2026-09-07T17:29:11Z
www.energy.gov,Department of Energy,,true,false,64143,24872,2026-09-07T14:15:33.092Z,2026-09-07T17:29:11Z
nps.usajobs.gov,Office of Personnel Management,,false,false,63767,16738,2026-09-07T13:52:22.833Z,2026-09-07T17:29:11Z
share.america.gov,Department of State,,true,false,62623,49975,2026-09-07T03:32:13.713Z,2026-09-07T17:29:11Z
prevention.cancer.gov,Department of Health and Human Services,,true,false,62460,24469,2026-09-07T14:11:19.963Z,2026-09-07T17:29:11Z
ma.usembassy.gov,Department of State,,true,false,61905,41386,2026-09-07T04:44:16.786Z,2026-09-07T17:29:11Z
sv.usembassy.gov,Department of State,,true,false,61421,39947,2026-09-04T22:37:23.447Z,2026-09-07T17:29:11Z
cmgds.marine.usgs.gov,Department of the Interior,,true,false,61130,53702,2026-09-07T07:00:48.014Z,2026-09-07T17:29:11Z
hcup-us.ahrq.gov,Department of Health and Human Services,,true,false,60824,35887,2026-09-07T06:37:50.676Z,2026-09-07T17:29:11Z
arctic.noaa.gov,Department of Commerce,v3.3.0,true,false,60636,54850,2026-09-07T12:42:47.800Z,2026-09-07T17:29:11Z
nssl.noaa.gov,Department of Commerce,v3.10.0,true,false,60575,46713,2026-09-07T12:18:27.803Z,2026-09-07T17:29:11Z
kz.usembassy.gov,Department of State,,true,false,60329,38129,2026-09-04T22:37:23.447Z,2026-09-07T17:29:11Z
ua.usembassy.gov,Department of State,,true,false,60325,30905,2026-09-07T07:57:44.784Z,2026-09-07T17:29:11Z
www.earthdata.nasa.gov,National Aeronautics and Space Administration,,false,false,60098,14102,2026-09-07T14:52:39.701Z,2026-09-07T17:29:11Z
nauticalcharts.noaa.gov,Department of Commerce,,true,false,59970,38953,2026-09-07T14:23:27.679Z,2026-09-07T17:29:11Z
go.gov,General Services Administration,v3.13.0,true,false,59567,56692,2026-09-07T02:03:38.553Z,2026-09-07T17:29:11Z
sibr.nist.gov,Department of Commerce,,true,false,59314,53777,2026-09-07T10:49:30.468Z,2026-09-07T17:29:11Z
justicegrants.usdoj.gov,Department of Justice,.,true,false,59041,37578,2026-09-04T22:37:23.447Z,2026-09-07T17:29:11Z
cwoutcomes.acf.hhs.gov,Department of Health and Human Services,,true,false,59001,43287,2026-09-07T10:39:54.843Z,2026-09-07T17:29:11Z
pl.usembassy.gov,Department of State,,true,false,58900,32927,2026-09-07T05:14:27.162Z,2026-09-07T17:29:11Z
vaadvantage.gsa.gov,General Services Administration,,true,false,58834,3992,2026-09-07T13:00:15.056Z,2026-09-07T17:29:11Z
seed.nih.gov,Department of Health and Human Services,,false,false,58672,43928,2026-09-07T10:27:18.251Z,2026-09-07T17:29:11Z
coastwatch.glerl.noaa.gov,Department of Commerce,v3.6.0,true,false,57993,18189,2026-09-07T13:35:45.670Z,2026-09-07T17:29:11Z
sfs.opm.gov,Office of Personnel Management,v1.0.0,true,false,57657,18589,2026-09-04T22:37:23.447Z,2026-09-07T17:29:11Z
ssai.usajobs.gov,Office of Personnel Management,,false,false,57164,18674,2026-09-07T14:27:31.803Z,2026-09-07T17:29:11Z
response.restoration.noaa.gov,Department of Commerce,,true,false,57075,39918,2026-09-07T02:37:57.297Z,2026-09-07T17:29:11Z
disposal.gsa.gov,General Services Administration,v2.13.2,true,false,57007,15416,2026-09-07T07:37:52.854Z,2026-09-07T17:29:11Z
my.ttb.gov,Department of the Treasury,,true,false,56981,24828,2026-09-04T22:37:23.447Z,2026-09-07T17:29:11Z
wisqars.cdc.gov,Department of Health and Human Services,,false,false,56642,19181,2026-09-04T22:37:23.447Z,2026-09-07T17:29:11Z
charts.noaa.gov,Department of Commerce,,true,false,56641,35203,2026-09-07T13:43:10.611Z,2026-09-07T17:29:11Z
ru.usembassy.gov,Department of State,,true,false,55878,29202,2026-09-07T11:25:53.395Z,2026-09-07T17:29:11Z
hsrd.research.va.gov,Department of Veterans Affairs,,true,false,55757,48066,2026-09-07T03:05:10.959Z,2026-09-07T17:29:11Z
oceanacidification.noaa.gov,Department of Commerce,v3.4.0,true,false,55363,50826,2026-09-04T22:37:23.447Z,2026-09-07T17:29:11Z
gsaadvantage-test3.fas.gsa.gov,General Services Administration,,true,false,54316,6289,2026-09-07T06:28:49.963Z,2026-09-07T17:29:11Z
jm.usembassy.gov,Department of State,,true,false,53818,33147,2026-09-07T09:32:43.243Z,2026-09-07T17:29:11Z
broadbandusa.ntia.gov,Department of Commerce,,true,false,53790,28423,2026-09-07T03:36:02.556Z,2026-09-07T17:29:11Z
www.nasa.gov,National Aeronautics and Space Administration,v2.13.3,true,false,53704,11759,2026-09-07T14:53:30.061Z,2026-09-07T17:29:11Z
data.niaid.nih.gov,Department of Health and Human Services,,false,false,53674,46895,2026-09-07T09:33:15.416Z,2026-09-07T17:29:11Z
jo.usembassy.gov,Department of State,,true,false,53274,31339,2026-09-07T13:46:57.503Z,2026-09-07T17:29:11Z
pa.usembassy.gov,Department of State,,true,false,52774,31933,2026-09-07T14:42:31.470Z,2026-09-07T17:29:11Z
nrs.ed.gov,Department of Education,,true,false,52596,43054,2026-09-07T01:09:12.644Z,2026-09-07T17:29:11Z
iprs.cbp.gov,Department of Homeland Security,,false,false,52056,39686,2026-09-04T22:37:23.447Z,2026-09-07T17:29:11Z
rsa.ed.gov,Department of Education,,true,false,51562,17045,2026-09-07T13:42:46.418Z,2026-09-07T17:29:11Z
et.usembassy.gov,Department of State,,true,false,51542,30869,2026-09-04T22:37:23.447Z,2026-09-07T17:29:11Z
www.foia.gov,Department of Justice,v,true,false,51249,19749,2026-09-07T12:02:38.427Z,2026-09-07T17:29:11Z
art.gsa.gov,General Services Administration,v3.3.0,true,false,51200,38873,2026-09-07T02:40:13.386Z,2026-09-07T17:29:11Z
healthquality.va.gov,Department of Veterans Affairs,,true,false,50888,34076,2026-09-07T08:34:14.710Z,2026-09-07T17:29:11Z
joinastudy.niehs.nih.gov,Department of Health and Human Services,,true,false,50878,8822,2026-09-07T06:40:53.074Z,2026-09-07T17:29:11Z
yali.state.gov,Department of State,,true,false,50809,21159,2026-09-07T09:40:57.357Z,2026-09-07T17:29:11Z
www.justice.gov,Department of Justice,,true,false,50702,24377,2026-09-07T13:16:53.593Z,2026-09-07T17:29:11Z
smart.ojp.gov,Department of Justice,.,true,false,50522,31955,2026-09-07T06:04:16.181Z,2026-09-07T17:29:11Z
www.help.cbp.gov,Department of Homeland Security,v2.8.0,true,false,50307,22975,2026-09-07T09:22:43.893Z,2026-09-07T17:29:11Z
wvs.earthdata.nasa.gov,National Aeronautics and Space Administration,,false,false,50058,17163,2026-09-07T07:07:43.901Z,2026-09-07T17:29:11Z
etap.nsf.gov,National Science Foundation,v3.7.1,false,false,49861,13888,2026-09-07T04:28:03.113Z,2026-09-07T17:29:11Z
eoffer.gsa.gov,General Services Administration,,true,false,49487,32255,2026-09-07T07:41:24.075Z,2026-09-07T17:29:11Z
agents.floodsmart.gov,Department of Homeland Security,,true,false,49215,24840,2026-09-07T13:56:25.193Z,2026-09-07T17:29:11Z
fic.nih.gov,Department of Health and Human Services,,true,false,48403,35457,2026-09-07T14:40:02.342Z,2026-09-07T17:29:11Z
cl.usembassy.gov,Department of State,,true,false,47932,29069,2026-09-07T04:02:28.109Z,2026-09-07T17:29:11Z
sos.noaa.gov,Department of Commerce,,true,false,47672,30249,2026-09-07T03:02:59.714Z,2026-09-07T17:29:11Z
standards.nasa.gov,National Aeronautics and Space Administration,v2.10.0,true,false,47536,26241,2026-09-07T10:49:30.734Z,2026-09-07T17:29:11Z
prosthetics.va.gov,Department of Veterans Affairs,,true,false,47111,35090,2026-09-07T04:40:46.598Z,2026-09-07T17:29:11Z
recentgrad.usajobs.gov,Office of Personnel Management,,false,false,46850,10380,2026-09-07T03:38:37.574Z,2026-09-07T17:29:11Z
ro.usembassy.gov,Department of State,,true,false,46799,26987,2026-09-07T04:21:51.880Z,2026-09-07T17:29:11Z
d2d.gsa.gov,General Services Administration,,true,false,46795,25679,2026-09-07T06:12:04.633Z,2026-09-07T17:29:11Z
get.gov,.gov Administration,,true,false,46641,37005,2026-09-07T14:59:26.460Z,2026-09-07T17:29:11Z
bw.usembassy.gov,Department of State,,true,false,46518,21564,2026-09-07T03:35:37.042Z,2026-09-07T17:29:11Z
ipidentifier.uspto.gov,Department of Commerce,v2.8.0,false,false,46053,7655,2026-09-07T12:14:25.173Z,2026-09-07T17:29:11Z
qa.usembassy.gov,Department of State,,true,false,45969,30580,2026-09-07T11:19:45.646Z,2026-09-07T17:29:11Z
archive.ada.gov,Department of Justice,,true,false,45924,34520,2026-09-07T04:43:15.120Z,2026-09-07T17:29:11Z
minorityhealth.hhs.gov,Department of Health and Human Services,,true,false,45810,24106,2026-09-07T10:27:07.649Z,2026-09-07T17:29:11Z
ie.usembassy.gov,Department of State,,true,false,45673,31241,2026-09-07T04:52:44.980Z,2026-09-07T17:29:11Z
api.waterdata.usgs.gov,Department of the Interior,,true,false,45537,30109,2026-09-07T10:48:21.526Z,2026-09-07T17:29:11Z
www.cbp.gov,Department of Homeland Security,,true,false,45481,18171,2026-09-07T12:09:49.926Z,2026-09-07T17:29:11Z
tt.usembassy.gov,Department of State,,true,false,44953,29723,2026-09-07T05:36:41.763Z,2026-09-07T17:29:11Z
boiefiling.fincen.gov,Department of the Treasury,,true,false,44863,26158,2026-09-07T04:33:00.135Z,2026-09-07T17:29:11Z
srp.fas.gsa.gov,General Services Administration,v3.5.0,true,false,44747,38574,2026-09-07T08:28:01.812Z,2026-09-07T17:29:11Z
doscareers.usajobs.gov,Office of Personnel Management,,false,false,44680,14360,2026-09-07T04:53:55.704Z,2026-09-07T17:29:11Z
youth.gov,Department of Health and Human Services,,true,false,44626,32957,2026-09-07T07:14:59.866Z,2026-09-07T17:29:11Z
cde.nlm.nih.gov,Department of Health and Human Services,,true,false,44605,39340,2026-09-07T06:29:02.993Z,2026-09-07T17:29:11Z
ereg.eoir.justice.gov,Department of Justice,,true,false,44414,17929,2026-09-07T13:15:19.943Z,2026-09-07T17:29:11Z
wioaplans.dol.gov,Department of Labor,,true,false,44339,41761,2026-09-07T12:05:11.502Z,2026-09-07T17:29:11Z
health.gov,Department of Health and Human Services,,true,false,43726,32810,2026-09-07T05:36:14.416Z,2026-09-07T17:29:11Z
armycivilianservice.usajobs.gov,Office of Personnel Management,,false,false,43658,11480,2026-09-07T13:44:29.982Z,2026-09-07T17:29:11Z
eog-tmng.uspto.gov,Department of Commerce,,false,false,43502,12601,2026-09-04T22:37:23.447Z,2026-09-07T17:29:11Z
search.ftc.gov,Federal Trade Commission,,true,false,43151,39244,2026-09-07T06:47:25.491Z,2026-09-07T17:29:11Z
kw.usembassy.gov,Department of State,,true,false,43080,23896,2026-09-04T22:37:23.447Z,2026-09-07T17:29:11Z
fundedresearch.cancer.gov,Department of Health and Human Services,,true,false,42916,43351,2026-09-07T03:15:36.358Z,2026-09-07T17:29:11Z
intelligencecareers.usajobs.gov,Office of Personnel Management,,false,false,42874,10672,2026-09-07T09:07:23.769Z,2026-09-07T17:29:11Z
planetarynames.wr.usgs.gov,Department of the Interior,v3.6.0,true,false,42856,31646,2026-09-07T04:18:21.782Z,2026-09-07T17:29:11Z
meshb-prev.nlm.nih.gov,Department of Health and Human Services,,false,false,42764,25809,2026-09-07T06:50:29.525Z,2026-09-07T17:29:11Z
ace-accounts.cbp.gov,Department of Homeland Security,,false,false,42576,36249,2026-09-07T11:55:38.707Z,2026-09-07T17:29:11Z
catalog.gsa.gov,General Services Administration,,true,false,42504,25405,2026-09-07T02:43:46.035Z,2026-09-07T17:29:11Z
wicbreastfeeding.fns.usda.gov,Department of Agriculture,,true,false,42062,30028,2026-09-04T22:37:23.447Z,2026-09-07T17:29:11Z
amberalert.ojp.gov,Department of Justice,.,true,false,41990,26218,2026-09-07T10:19:49.574Z,2026-09-07T17:29:11Z
scientificdiscoveries.ars.usda.gov,Department of Agriculture,v3.13.0,true,false,41916,32419,2026-09-07T14:38:35.030Z,2026-09-07T17:29:11Z
ofaclicensing.ofac.treas.gov,Department of the Treasury,,true,false,41735,10275,2026-09-07T06:54:17.216Z,2026-09-07T17:29:11Z
pdsimage2.wr.usgs.gov,Department of the Interior,v3.7.1,true,false,41534,39642,2026-09-07T14:40:23.226Z,2026-09-07T17:29:11Z
sg.usembassy.gov,Department of State,,true,false,41198,26105,2026-09-07T04:22:20.678Z,2026-09-07T17:29:11Z
uy.usembassy.gov,Department of State,,true,false,40965,23791,2026-09-07T11:28:24.075Z,2026-09-07T17:29:11Z
nl.usembassy.gov,Department of State,,true,false,40894,24289,2026-09-07T10:17:44.616Z,2026-09-07T17:29:11Z
daniocell.nichd.nih.gov,Department of Health and Human Services,v2.11.2,true,false,40788,28423,2026-09-07T07:53:15.832Z,2026-09-07T17:29:11Z
qtso.cms.gov,Department of Health and Human Services,,false,false,40766,19926,2026-09-07T09:39:44.423Z,2026-09-07T17:29:11Z
digital.ahrq.gov,Department of Health and Human Services,,true,false,40763,31350,2026-09-07T07:16:36.189Z,2026-09-07T17:29:11Z
ncats.nih.gov,Department of Health and Human Services,v3.3.0,true,false,40370,27235,2026-09-07T12:06:19.370Z,2026-09-07T17:29:11Z
emc.ncep.noaa.gov,Department of Commerce,,true,false,40368,15695,2026-09-07T08:57:35.908Z,2026-09-07T17:29:11Z
apps.glerl.noaa.gov,Department of Commerce,v3.8.0,true,false,40339,38753,2026-09-04T22:37:23.447Z,2026-09-07T17:29:11Z
dods.ndbc.noaa.gov,Department of Commerce,,true,false,40296,37086,2026-09-07T00:59:58.254Z,2026-09-07T17:29:11Z
classification.nlm.nih.gov,Department of Health and Human Services,v3.0.1,true,false,40079,17195,2026-09-07T06:21:03.320Z,2026-09-07T17:29:11Z
2021-2025.state.gov,Department of State,,false,false,39975,40217,2026-09-07T02:32:08.962Z,2026-09-07T17:29:11Z
uz.usembassy.gov,Department of State,,true,false,39866,25963,2026-09-07T14:17:22.879Z,2026-09-07T17:29:11Z
csl.noaa.gov,Department of Commerce,,true,false,39733,23022,2026-09-04T22:37:23.447Z,2026-09-07T17:29:11Z
tmdesigncodes.uspto.gov,Department of Commerce,v2.8.0,false,false,39641,17809,2026-09-07T09:44:29.493Z,2026-09-07T17:29:11Z
clinicalstudies.info.nih.gov,Department of Health and Human Services,,true,false,39452,27792,2026-09-07T01:13:07.890Z,2026-09-07T17:29:11Z
epi.grants.cancer.gov,Department of Health and Human Services,,false,false,39447,27275,2026-09-07T10:50:34.130Z,2026-09-07T17:29:11Z
www.fisheries.noaa.gov,Department of Commerce,,false,false,39005,16651,2026-09-07T14:28:03.236Z,2026-09-07T17:29:11Z
inside.nssl.noaa.gov,Department of Commerce,v3.10.0,true,false,38813,33925,2026-09-04T22:37:23.447Z,2026-09-07T17:29:11Z
www.opm.gov,Office of Personnel Management,.,true,false,38717,17671,2026-09-07T12:17:54.559Z,2026-09-07T17:29:11Z
gr.usembassy.gov,Department of State,,true,false,38586,23937,2026-09-07T14:16:10.003Z,2026-09-07T17:29:11Z
kh.usembassy.gov,Department of State,,true,false,38390,24518,2026-09-07T11:18:20.659Z,2026-09-07T17:29:11Z
www.facadatabase.gov,General Services Administration,v2.13.2,true,false,38310,3753,2026-09-07T03:58:23.796Z,2026-09-07T17:29:11Z
uspto.usajobs.gov,Office of Personnel Management,,false,false,38299,14232,2026-09-07T13:55:20.377Z,2026-09-07T17:29:11Z
oig.treasury.gov,Department of the Treasury,,true,false,37885,18502,2026-09-07T08:59:35.327Z,2026-09-07T17:29:11Z
bb.usembassy.gov,Department of State,,true,false,37828,22680,2026-09-07T14:42:26.888Z,2026-09-07T17:29:11Z
espanol.insurekidsnow.gov,Department of Health and Human Services,,true,false,37808,30693,2026-09-07T14:10:13.490Z,2026-09-07T17:29:11Z
topobuilder.nationalmap.gov,Department of the Interior,v3.7.1,true,false,37563,35245,2026-09-07T13:40:49.109Z,2026-09-07T17:29:11Z
marinedebris.noaa.gov,Department of Commerce,,true,false,37538,26356,2026-09-07T14:42:03.272Z,2026-09-07T17:29:11Z
crimesolutions.ojp.gov,Department of Justice,.,true,false,37238,24293,2026-09-07T00:55:24.536Z,2026-09-07T17:29:11Z
developers.login.gov,General Services Administration,,true,false,37152,13482,2026-09-04T22:37:23.447Z,2026-09-07T17:29:11Z
www.nccih.nih.gov,Department of Health and Human Services,,true,false,37108,9815,2026-09-07T02:34:26.882Z,2026-09-07T17:29:11Z
ncsesdata.nsf.gov,National Science Foundation,,false,false,37067,19779,2026-09-07T12:47:29.991Z,2026-09-07T17:29:11Z
ldlink.nih.gov,Department of Health and Human Services,,true,false,36897,6716,2026-09-07T01:50:59.298Z,2026-09-07T17:29:11Z
lb.usembassy.gov,Department of State,,true,false,36757,22543,2026-09-04T22:37:23.447Z,2026-09-07T17:29:11Z
cd.usembassy.gov,Department of State,,true,false,36737,23649,2026-09-07T03:24:20.874Z,2026-09-07T17:29:11Z
data.va.gov,Department of Veterans Affairs,,true,false,36679,26673,2026-09-07T08:34:42.692Z,2026-09-07T17:29:11Z
www.occ.gov,Department of the Treasury,,true,false,36585,30114,2026-09-07T10:19:18.312Z,2026-09-07T17:29:11Z
jts.health.mil,Department of Defense,,true,false,36557,20679,2026-09-07T05:34:27.822Z,2026-09-07T17:29:11Z
dceg.cancer.gov,Department of Health and Human Services,,true,false,36104,25955,2026-09-07T13:43:57.789Z,2026-09-07T17:29:11Z
nutrition.va.gov,Department of Veterans Affairs,,true,false,35923,18135,2026-09-07T07:53:26.603Z,2026-09-07T17:29:11Z
veterans.smokefree.gov,Department of Health and Human Services,,true,false,35879,17782,2026-09-07T09:24:02.253Z,2026-09-07T17:29:11Z
usaccess.usalearning.gov,Office of Personnel Management,v3.8.2,true,false,35752,7750,2026-09-07T04:55:30.435Z,2026-09-07T17:29:11Z
www.stb.gov,Surface Transportation Board,v3.14.0,true,false,35697,12571,2026-09-04T22:37:23.447Z,2026-09-07T17:29:11Z
safetosleep.nichd.nih.gov,Department of Health and Human Services,,true,false,35547,26911,2026-09-07T08:42:02.665Z,2026-09-07T17:29:11Z
trip.dhs.gov,Department of Homeland Security,,true,false,35483,23410,2026-09-07T09:32:08.145Z,2026-09-07T17:29:11Z
pt.usembassy.gov,Department of State,,true,false,35405,20360,2026-09-07T04:09:08.138Z,2026-09-07T17:29:11Z
my.usembassy.gov,Department of State,,true,false,35259,24006,2026-09-07T05:16:14.466Z,2026-09-07T17:29:11Z
cm.usembassy.gov,Department of State,,true,false,35227,19483,2026-09-04T22:37:23.447Z,2026-09-07T17:29:11Z
beta.weather.gov,Department of Commerce,v3.8.1,true,false,35004,21703,2026-09-04T22:37:23.447Z,2026-09-07T17:29:11Z
ni.usembassy.gov,Department of State,,true,false,34931,24940,2026-09-07T05:14:49.970Z,2026-09-07T17:29:11Z
ge.usembassy.gov,Department of State,,true,false,34788,27310,2026-09-07T04:50:15.418Z,2026-09-07T17:29:11Z
developer.uscis.gov,Department of Homeland Security,,true,false,34704,17781,2026-09-07T14:30:37.680Z,2026-09-07T17:29:11Z
onrr.gov,Department of the Interior,,true,false,34552,19419,2026-09-07T05:37:19.331Z,2026-09-07T17:29:11Z
open.gsa.gov,General Services Administration,,true,false,34534,19993,2026-09-07T13:04:46.878Z,2026-09-07T17:29:11Z
ch.usembassy.gov,Department of State,,true,false,34409,21016,2026-09-07T11:08:46.385Z,2026-09-07T17:29:11Z
sn.usembassy.gov,Department of State,,true,false,34012,20585,2026-09-07T09:41:37.489Z,2026-09-07T17:29:11Z
oceantoday.noaa.gov,Department of Commerce,,true,false,33692,26886,2026-09-07T02:00:48.268Z,2026-09-07T17:29:11Z
dz.usembassy.gov,Department of State,,true,false,33637,19261,2026-09-07T04:33:16.651Z,2026-09-07T17:29:11Z
faa.usajobs.gov,Office of Personnel Management,,false,false,33569,8614,2026-09-07T14:04:24.659Z,2026-09-07T17:29:11Z
ph.health.mil,Department of Defense,,true,false,33389,18309,2026-09-07T05:46:16.705Z,2026-09-07T17:29:11Z
az.usembassy.gov,Department of State,,true,false,33306,21536,2026-09-04T22:37:23.447Z,2026-09-07T17:29:11Z
cmgds.er.usgs.gov,Department of the Interior,,true,false,33239,31830,2026-09-07T04:18:54.517Z,2026-09-07T17:29:11Z
library.doc.gov,Department of Commerce,v2.12.0,true,false,33239,24843,2026-09-07T10:48:03.852Z,2026-09-07T17:29:11Z
sat.reginfo.gov,General Services Administration,,true,false,32910,285,2026-09-07T08:09:08.984Z,2026-09-07T17:29:11Z
lasers.llnl.gov,Department of Energy,,true,false,32665,21575,2026-09-04T22:37:23.447Z,2026-09-07T17:29:11Z
emilms.fema.gov,Department of Homeland Security,,true,false,32648,17471,2026-09-07T04:05:50.768Z,2026-09-07T17:29:11Z
hcsc.va.gov,Department of Veterans Affairs,,true,false,32125,27673,2026-09-07T09:52:55.035Z,2026-09-07T17:29:11Z
spdf.gsfc.nasa.gov,National Aeronautics and Space Administration,v3.3.0,true,false,31950,28420,2026-09-07T14:24:26.396Z,2026-09-07T17:29:11Z
qualityindicators.ahrq.gov,Department of Health and Human Services,,false,false,31774,22226,2026-09-04T22:37:23.447Z,2026-09-07T17:29:11Z
lr.usembassy.gov,Department of State,,true,false,31495,17853,2026-09-07T06:59:34.318Z,2026-09-07T17:29:11Z
vetcenter.va.gov,Department of Veterans Affairs,,true,false,31231,25802,2026-09-07T14:48:16.442Z,2026-09-07T17:29:11Z
modis.ornl.gov,Department of Energy,,true,false,30968,28897,2026-09-07T06:14:21.195Z,2026-09-07T17:29:11Z
bh.usembassy.gov,Department of State,,true,false,30936,19692,2026-09-07T02:11:12.059Z,2026-09-07T17:29:11Z
ldrd-annual.llnl.gov,Department of Energy,,true,false,30849,25056,2026-09-07T05:27:27.616Z,2026-09-07T17:29:11Z
earthsciences.gsfc.nasa.gov,National Aeronautics and Space Administration,,false,false,30758,29021,2026-09-07T10:33:13.966Z,2026-09-07T17:29:11Z
lk.usembassy.gov,Department of State,,true,false,30440,17711,2026-09-07T04:59:18.165Z,2026-09-07T17:29:11Z
events.ornl.gov,Department of Energy,,false,false,30374,14893,2026-09-07T07:12:04.958Z,2026-09-07T17:29:11Z
al.usembassy.gov,Department of State,,true,false,30196,19114,2026-09-04T22:37:23.447Z,2026-09-07T17:29:11Z
nz.usembassy.gov,Department of State,,true,false,30094,20891,2026-09-07T05:36:30.102Z,2026-09-07T17:29:11Z
mhvidp-prod.myhealth.va.gov,Department of Veterans Affairs,v3.7.1,true,false,30093,18543,2026-09-04T22:37:23.447Z,2026-09-07T17:29:11Z
public.srs.gov,Department of Energy,v3.9.0,true,false,29891,22373,2026-09-07T06:34:01.052Z,2026-09-07T17:29:11Z
data.dol.gov,Department of Labor,,true,false,29841,19628,2026-09-07T12:36:16.564Z,2026-09-07T17:29:11Z
hpc.llnl.gov,Department of Energy,,true,false,29563,16226,2026-09-07T08:10:19.064Z,2026-09-07T17:29:11Z
mg.usembassy.gov,Department of State,,true,false,29546,22302,2026-09-07T05:08:02.593Z,2026-09-07T17:29:11Z
iprr.cbp.gov,Department of Homeland Security,,false,false,29499,28582,2026-09-04T22:37:23.447Z,2026-09-07T17:29:11Z
cbpcomplaints.cbp.gov,Department of Homeland Security,v2.8.0,true,false,29429,26026,2026-09-07T13:36:46.662Z,2026-09-07T17:29:11Z
arm.gov,Department of Energy,,false,false,29353,14320,2026-09-07T10:25:52.061Z,2026-09-07T17:29:11Z
gdc.cancer.gov,Department of Health and Human Services,,true,false,29337,21148,2026-09-07T10:22:00.794Z,2026-09-07T17:29:11Z
floridakeys.noaa.gov,Department of Commerce,,false,false,29329,17307,2026-09-04T22:37:23.447Z,2026-09-07T17:29:11Z
household-survey.fdic.gov,Federal Deposit Insurance Corporation,v2.6.0,true,false,29254,13615,2026-09-07T03:09:45.334Z,2026-09-07T17:29:11Z
imagic.nlm.nih.gov,Department of Health and Human Services,,false,false,28993,4744,2026-09-07T12:30:23.132Z,2026-09-07T17:29:11Z
bpajobs.usajobs.gov,Office of Personnel Management,,false,false,28867,12041,2026-09-07T08:44:02.839Z,2026-09-07T17:29:11Z
data.noaa.gov,Department of Commerce,,true,false,28825,17391,2026-09-07T14:37:45.607Z,2026-09-07T17:29:11Z
integrationacademy.ahrq.gov,Department of Health and Human Services,,false,false,28795,11388,2026-09-07T05:39:57.587Z,2026-09-07T17:29:11Z
at.usembassy.gov,Department of State,,true,false,28788,20008,2026-09-07T11:05:06.872Z,2026-09-07T17:29:11Z
go.dhs.gov,Department of Homeland Security,,true,false,28207,24546,2026-09-07T08:53:26.606Z,2026-09-07T17:29:11Z
www.fhfa.gov,Federal Housing Finance Agency,,true,false,28149,5376,2026-09-07T05:23:49.300Z,2026-09-07T17:29:11Z
octae.ed.gov,Department of Education,,true,false,28058,15701,2026-09-07T12:52:29.054Z,2026-09-07T17:29:11Z
cancercontrol.cancer.gov,Department of Health and Human Services,,true,false,28016,21240,2026-09-07T14:41:51.432Z,2026-09-07T17:29:11Z
old.fsa.usda.gov,Department of Agriculture,v2.8.0,true,false,27971,27733,2026-09-07T10:44:56.416Z,2026-09-07T17:29:11Z
hawc.epa.gov,Environmental Protection Agency,,true,false,27879,2693,2026-09-07T14:09:47.311Z,2026-09-07T17:29:11Z
solutions.arpa-h.gov,Department of Health and Human Services,,true,false,27770,7756,2026-09-07T03:00:51.880Z,2026-09-07T17:29:11Z
openpayments.system.cms.gov,Department of Health and Human Services,v3.7.1,true,false,27736,11444,2026-09-07T06:15:19.974Z,2026-09-07T17:29:11Z
rs.usembassy.gov,Department of State,,true,false,27440,15501,2026-09-07T04:16:29.980Z,2026-09-07T17:29:11Z
bo.usembassy.gov,Department of State,,true,false,27421,18474,2026-09-07T03:57:26.995Z,2026-09-07T17:29:11Z
e-file.eeoc.gov,Equal Employment Opportunity Commission,v3.7.0,true,false,27166,7067,2026-09-07T11:59:55.437Z,2026-09-07T17:29:11Z
api.nasa.gov,National Aeronautics and Space Administration,,true,false,27008,24025,2026-09-07T14:28:26.834Z,2026-09-07T17:29:11Z
bs.usembassy.gov,Department of State,,true,false,26927,17556,2026-09-04T22:37:23.447Z,2026-09-07T17:29:11Z
onthemap.ces.census.gov,Department of Commerce,,false,false,26917,25322,2026-09-07T06:32:15.415Z,2026-09-07T17:29:11Z
am.usembassy.gov,Department of State,,true,false,26706,15788,2026-09-07T05:43:45.445Z,2026-09-07T17:29:11Z
se.usembassy.gov,Department of State,,true,false,26706,14723,2026-09-07T05:27:17.706Z,2026-09-07T17:29:11Z
cmls.gsa.gov,General Services Administration,v2.13.2,true,false,26509,14761,2026-09-07T13:01:16.026Z,2026-09-07T17:29:11Z
healthcaredelivery.cancer.gov,Department of Health and Human Services,,false,false,26439,16064,2026-09-07T02:15:32.369Z,2026-09-07T17:29:11Z
btcomp.dol.gov,Department of Labor,,true,false,26366,2534,2026-09-07T11:50:54.367Z,2026-09-07T17:29:11Z
easey.epa.gov,Environmental Protection Agency,v3.13.0,false,false,26145,4895,2026-09-07T14:04:01.953Z,2026-09-07T17:29:11Z
dla.usajobs.gov,Office of Personnel Management,,false,false,26118,7724,2026-09-07T07:35:25.706Z,2026-09-07T17:29:11Z
oig.nasa.gov,National Aeronautics and Space Administration,v2.13.3,true,false,25951,13666,2026-09-07T11:12:36.937Z,2026-09-07T17:29:11Z
natsec.usajobs.gov,Office of Personnel Management,,false,false,25894,6732,2026-09-07T13:45:21.547Z,2026-09-07T17:29:11Z
xk.usembassy.gov,Department of State,,true,false,25770,17428,2026-09-07T05:35:47.720Z,2026-09-07T17:29:11Z
earth.gov,National Aeronautics and Space Administration,,true,false,25216,12647,2026-09-07T11:35:52.253Z,2026-09-07T17:29:11Z
lod.nal.usda.gov,Department of Agriculture,,false,false,25135,13579,2026-09-07T10:19:46.575Z,2026-09-07T17:29:11Z
dowea.usajobs.gov,Office of Personnel Management,,false,false,25007,6439,2026-09-07T05:05:47.348Z,2026-09-07T17:29:11Z
guest.nasa.gov,National Aeronautics and Space Administration,,true,false,24975,12566,2026-09-07T14:25:26.096Z,2026-09-07T17:29:11Z
tn.usembassy.gov,Department of State,,true,false,24758,15566,2026-09-07T14:38:20.303Z,2026-09-07T17:29:11Z
19january2025snapshot.epa.gov,Environmental Protection Agency,,true,false,24656,23454,2026-09-07T13:23:58.039Z,2026-09-07T17:29:11Z
hrmanagement.usajobs.gov,Office of Personnel Management,,false,false,24425,6644,2026-09-07T07:43:17.296Z,2026-09-07T17:29:11Z
rehab.va.gov,Department of Veterans Affairs,,true,false,24393,18853,2026-09-04T22:37:23.447Z,2026-09-07T17:29:11Z
oshacareers.usajobs.gov,Office of Personnel Management,,false,false,24250,9797,2026-09-07T07:48:58.598Z,2026-09-07T17:29:11Z
cdaweb.gsfc.nasa.gov,National Aeronautics and Space Administration,v3.3.0,true,false,24099,6635,2026-09-07T12:31:10.959Z,2026-09-07T17:29:11Z
bj.usembassy.gov,Department of State,,true,false,23911,15403,2026-09-07T03:28:49.485Z,2026-09-07T17:29:11Z
nurse.usajobs.gov,Office of Personnel Management,,false,false,23853,6132,2026-09-07T07:50:30.173Z,2026-09-07T17:29:11Z
www.medicaid.gov,Department of Health and Human Services,v3.13.0,true,false,23788,5760,2026-09-07T08:18:10.562Z,2026-09-07T17:29:11Z
tz.usembassy.gov,Department of State,,true,false,23582,15214,2026-09-07T14:39:08.628Z,2026-09-07T17:29:11Z
www.dhsadvantage.gsa.gov,General Services Administration,,true,false,23577,2024,2026-09-07T06:10:01.752Z,2026-09-07T17:29:11Z
blsmon1.bls.gov,Department of Labor,,true,false,23553,13599,2026-09-04T22:37:23.447Z,2026-09-07T17:29:11Z
bds.explorer.ces.census.gov,Department of Commerce,v2.12.2,false,false,23481,9114,2026-09-07T04:21:17.430Z,2026-09-07T17:29:11Z
vsc.gsa.gov,General Services Administration,,true,false,23480,13170,2026-09-07T08:55:16.832Z,2026-09-07T17:29:11Z
surveillance.cancer.gov,Department of Health and Human Services,,false,false,23431,12472,2026-09-07T09:04:58.247Z,2026-09-07T17:29:11Z
st.llnl.gov,Department of Energy,,true,false,23338,13475,2026-09-07T12:23:19.243Z,2026-09-07T17:29:11Z
joltsdata.bls.gov,Department of Labor,v2.4.0,false,false,23336,7548,2026-09-04T22:37:23.447Z,2026-09-07T17:29:11Z
cebs-ext.niehs.nih.gov,Department of Health and Human Services,,true,false,23299,14831,2026-09-07T06:39:04.581Z,2026-09-07T17:29:11Z
ssaiphiladelphia.usajobs.gov,Office of Personnel Management,,false,false,23177,6222,2026-09-07T08:07:32.171Z,2026-09-07T17:29:11Z
earth.jpl.nasa.gov,National Aeronautics and Space Administration,,false,false,23036,19936,2026-09-07T10:31:08.735Z,2026-09-07T17:29:11Z
don.usajobs.gov,Office of Personnel Management,,false,false,22852,6293,2026-09-04T22:37:23.447Z,2026-09-07T17:29:11Z
phinvads.cdc.gov,Department of Health and Human Services,,false,false,22833,14616,2026-09-07T05:04:16.419Z,2026-09-07T17:29:11Z
www.nihms.nih.gov,Department of Health and Human Services,v1.6.14,true,false,22623,6872,2026-09-07T09:27:09.107Z,2026-09-07T17:29:11Z
agencyportal.usajobs.gov,Office of Personnel Management,,true,false,22494,11857,2026-09-07T04:42:21.127Z,2026-09-07T17:29:11Z
datadiscovery.nlm.nih.gov,Department of Health and Human Services,,true,false,22408,13747,2026-09-07T14:37:13.666Z,2026-09-07T17:29:11Z
tp53.cancer.gov,Department of Health and Human Services,,true,false,22061,7809,2026-09-04T22:37:23.447Z,2026-09-07T17:29:11Z
rw.usembassy.gov,Department of State,,true,false,21820,13733,2026-09-07T09:37:49.434Z,2026-09-07T17:29:11Z
dk.usembassy.gov,Department of State,,true,false,21782,14515,2026-09-07T10:49:50.443Z,2026-09-07T17:29:11Z
datatools.ahrq.gov,Department of Health and Human Services,v3.4.1,true,false,21782,9106,2026-09-07T14:50:16.997Z,2026-09-07T17:29:11Z
irbo.nih.gov,Department of Health and Human Services,,true,false,21752,15661,2026-09-04T22:37:23.447Z,2026-09-07T17:29:11Z
its.ntia.gov,Department of Commerce,v3.7.0,true,false,21645,12857,2026-09-07T10:56:28.633Z,2026-09-07T17:29:11Z
treasury.usajobs.gov,Office of Personnel Management,,false,false,21629,7058,2026-09-07T07:54:38.221Z,2026-09-07T17:29:11Z
be.usembassy.gov,Department of State,,true,false,21592,13973,2026-09-04T22:37:23.447Z,2026-09-07T17:29:11Z
www.farmers.gov,Department of Agriculture,,true,false,21518,14357,2026-09-07T10:46:49.486Z,2026-09-07T17:29:11Z
people.llnl.gov,Department of Energy,,true,false,21506,15880,2026-09-07T14:42:17.339Z,2026-09-07T17:29:11Z
www.samhsa.gov,Department of Health and Human Services,,true,false,21427,7321,2026-09-07T07:37:30.510Z,2026-09-07T17:29:11Z
cebs.niehs.nih.gov,Department of Health and Human Services,,true,false,21371,16723,2026-09-07T06:42:01.441Z,2026-09-07T17:29:11Z
ci.usembassy.gov,Department of State,,true,false,21352,13414,2026-09-04T22:37:23.447Z,2026-09-07T17:29:11Z
hiv.va.gov,Department of Veterans Affairs,,true,false,21080,12641,2026-09-07T13:00:14.204Z,2026-09-07T17:29:11Z
civiliancoastguardcareers.usajobs.gov,Office of Personnel Management,,false,false,20848,5638,2026-09-04T22:37:23.447Z,2026-09-07T17:29:11Z
cdas.cancer.gov,Department of Health and Human Services,,true,false,20737,13827,2026-09-04T22:37:23.447Z,2026-09-07T17:29:11Z
eddataexpress.ed.gov,Department of Education,,true,false,20349,8831,2026-09-07T08:02:50.775Z,2026-09-07T17:29:11Z
ssaiatlanta.usajobs.gov,Office of Personnel Management,,false,false,20028,8905,2026-09-07T08:01:50.321Z,2026-09-07T17:29:11Z
milspouse.usajobs.gov,Office of Personnel Management,,false,false,19928,4002,2026-09-07T07:35:43.571Z,2026-09-07T17:29:11Z
fermi.gsfc.nasa.gov,National Aeronautics and Space Administration,v3.12.0,true,false,19795,9654,2026-09-07T12:10:08.524Z,2026-09-07T17:29:11Z
learn.nicic.gov,Department of Justice,,true,false,19749,12773,2026-09-07T12:38:30.484Z,2026-09-07T17:29:11Z
womenshealth.va.gov,Department of Veterans Affairs,,true,false,19659,12873,2026-09-04T22:37:23.447Z,2026-09-07T17:29:11Z
pw.usembassy.gov,Department of State,,true,false,19618,2473,2026-09-07T04:17:38.092Z,2026-09-07T17:29:11Z
j2jexplorer.ces.census.gov,Department of Commerce,,false,false,19492,9196,2026-09-04T22:37:23.447Z,2026-09-07T17:29:11Z
api.data.gov,General Services Administration,v2.6.0,true,false,19465,15250,2026-09-07T06:01:06.201Z,2026-09-07T17:29:11Z
darrp.noaa.gov,Department of Commerce,,true,false,19423,12655,2026-09-07T13:23:11.985Z,2026-09-07T17:29:11Z
usicecenter.gov,Department of Commerce,,true,false,19340,11633,2026-09-07T06:22:13.482Z,2026-09-07T17:29:11Z
py.usembassy.gov,Department of State,,true,false,19190,12653,2026-09-07T11:12:46.926Z,2026-09-07T17:29:11Z
science.larc.nasa.gov,National Aeronautics and Space Administration,,true,false,19137,8655,2026-09-07T08:08:08.851Z,2026-09-07T17:29:11Z
str.llnl.gov,Department of Energy,,true,false,19047,10073,2026-09-07T13:06:58.425Z,2026-09-07T17:29:11Z
sec.usajobs.gov,Office of Personnel Management,,false,false,18910,8630,2026-09-04T22:37:23.447Z,2026-09-07T17:29:11Z
pls.llnl.gov,Department of Energy,,true,false,18830,11601,2026-09-07T12:19:54.915Z,2026-09-07T17:29:11Z
cherokee.nsopw.gov,Department of Justice,v3.12.0,true,false,18767,2672,2026-09-07T12:58:11.412Z,2026-09-07T17:29:11Z
cwpm.acf.gov,Department of Health and Human Services,,true,false,18700,10068,2026-09-07T04:03:44.338Z,2026-09-07T17:29:11Z
eis-public-pricer.eos.gsa.gov,General Services Administration,v3.8.0,true,false,18583,5260,2026-09-07T05:38:10.841Z,2026-09-07T17:29:11Z
pwg.gsfc.nasa.gov,National Aeronautics and Space Administration,v3.3.0,true,false,18582,21930,2026-09-07T11:21:41.713Z,2026-09-07T17:29:11Z
medicalmuseum.health.mil,Department of Defense,,true,false,18576,8843,2026-09-07T03:54:47.782Z,2026-09-07T17:29:11Z
resources.data.gov,General Services Administration,v3.13.0,true,false,18565,10213,2026-09-07T10:40:14.223Z,2026-09-07T17:29:11Z
fi.usembassy.gov,Department of State,,true,false,18543,8917,2026-09-04T22:37:23.447Z,2026-09-07T17:29:11Z
no.usembassy.gov,Department of State,,true,false,18531,10478,2026-09-04T22:37:23.447Z,2026-09-07T17:29:11Z
computing.llnl.gov,Department of Energy,,true,false,18496,23966,2026-09-07T14:07:37.974Z,2026-09-07T17:29:11Z
warrelatedillness.va.gov,Department of Veterans Affairs,,true,false,18454,14131,2026-09-07T13:10:15.742Z,2026-09-07T17:29:11Z
ledextract.ces.census.gov,Department of Commerce,,false,false,18430,9550,2026-09-07T10:38:00.109Z,2026-09-07T17:29:11Z
dpcpsi.nih.gov,Department of Health and Human Services,v3.7.1,false,false,18380,11808,2026-09-07T06:33:56.393Z,2026-09-07T17:29:11Z
si.usembassy.gov,Department of State,,true,false,18284,5735,2026-09-07T03:54:41.578Z,2026-09-07T17:29:11Z
globaldossier-ui.uspto.gov,Department of Commerce,v2.8.0,false,false,18238,8597,2026-09-07T07:05:25.274Z,2026-09-07T17:29:11Z
frtr.gov,Environmental Protection Agency,v2.2.1,true,false,18189,10448,2026-09-07T14:02:44.650Z,2026-09-07T17:29:11Z
ht.usembassy.gov,Department of State,,true,false,18168,12017,2026-09-07T04:54:54.493Z,2026-09-07T17:29:11Z
acoms-impl.cms.gov,Department of Health and Human Services,,true,false,18083,797,2026-09-07T03:42:56.417Z,2026-09-07T17:29:11Z
ncsacw.acf.gov,Department of Health and Human Services,,true,false,17900,12211,2026-09-07T10:41:06.980Z,2026-09-07T17:29:11Z
tj.usembassy.gov,Department of State,,true,false,17899,10989,2026-09-07T11:27:21.694Z,2026-09-07T17:29:11Z
sl.usembassy.gov,Department of State,,true,false,17847,8337,2026-09-07T09:55:08.264Z,2026-09-07T17:29:11Z
veterantraining.va.gov,Department of Veterans Affairs,,true,false,17775,12798,2026-09-07T07:07:06.957Z,2026-09-07T17:29:11Z
blog.response.restoration.noaa.gov,Department of Commerce,,true,false,17693,12786,2026-09-04T22:37:23.447Z,2026-09-07T17:29:11Z
asean.usmission.gov,Department of State,,true,false,17690,12670,2026-09-07T13:10:03.274Z,2026-09-07T17:29:11Z
seec.gsfc.nasa.gov,National Aeronautics and Space Administration,,false,false,17550,9820,2026-09-07T00:30:29.870Z,2026-09-07T17:29:11Z
stellwagen.noaa.gov,Department of Commerce,,false,false,17340,9603,2026-09-04T22:37:23.447Z,2026-09-07T17:29:11Z
www.e-verify.gov,Department of Homeland Security,,true,false,17326,7574,2026-09-07T14:30:02.453Z,2026-09-07T17:29:11Z
bg.usembassy.gov,Department of State,,true,false,17310,9610,2026-09-07T14:30:49.210Z,2026-09-07T17:29:11Z
tg.usembassy.gov,Department of State,,true,false,17307,7146,2026-09-07T08:50:53.128Z,2026-09-07T17:29:11Z
help.hrsa.gov,Department of Health and Human Services,,true,false,17298,4218,2026-09-04T22:37:23.447Z,2026-09-07T17:29:11Z
dot.usajobs.gov,Office of Personnel Management,,false,false,17248,4398,2026-09-07T13:48:02.652Z,2026-09-07T17:29:11Z
nationalgangcenter.ojp.gov,Department of Justice,.,true,false,17184,8198,2026-09-07T01:23:09.449Z,2026-09-07T17:29:11Z
bz.usembassy.gov,Department of State,,true,false,17174,7255,2026-09-04T22:37:23.447Z,2026-09-07T17:29:11Z
hu.usembassy.gov,Department of State,,true,false,17134,9930,2026-09-07T04:54:07.489Z,2026-09-07T17:29:11Z
tm.usembassy.gov,Department of State,,true,false,17123,11768,2026-09-07T04:20:09.556Z,2026-09-07T17:29:11Z
developer.cms.gov,Department of Health and Human Services,,false,false,17117,14547,2026-09-07T10:36:31.538Z,2026-09-07T17:29:11Z
mdmap.orr.noaa.gov,Department of Commerce,,true,false,16876,6516,2026-09-07T02:15:18.482Z,2026-09-07T17:29:11Z
cu.usembassy.gov,Department of State,,true,false,16861,11879,2026-09-07T04:32:06.129Z,2026-09-07T17:29:11Z
gsa.usajobs.gov,Office of Personnel Management,,false,false,16687,5958,2026-09-07T04:58:21.212Z,2026-09-07T17:29:11Z
nationallakesassessment.epa.gov,Environmental Protection Agency,,true,false,16637,895,2026-09-07T14:12:10.174Z,2026-09-07T17:29:11Z
kg.usembassy.gov,Department of State,,true,false,16621,10533,2026-09-07T10:49:37.276Z,2026-09-07T17:29:11Z
mrdc.health.mil,Department of Defense,,true,false,16599,8379,2026-09-07T08:29:32.855Z,2026-09-07T17:29:11Z
nmb.gov,National Mediation Board,,true,false,16583,8194,2026-09-04T22:37:23.447Z,2026-09-07T17:29:11Z
om.usembassy.gov,Department of State,,true,false,16512,10046,2026-09-07T04:50:58.942Z,2026-09-07T17:29:11Z
cz.usembassy.gov,Department of State,,true,false,16320,9418,2026-09-04T22:37:23.447Z,2026-09-07T17:29:11Z
pbm.va.gov,Department of Veterans Affairs,,true,false,16285,12410,2026-09-04T22:37:23.447Z,2026-09-07T17:29:11Z
buildingenergyscore.energy.gov,Department of Energy,v3.9.0,true,false,16175,2524,2026-09-07T00:37:04.669Z,2026-09-07T17:29:11Z
permits.blm.gov,Department of the Interior,,true,false,16061,6351,2026-09-04T22:37:23.447Z,2026-09-07T17:29:11Z
patientcare.va.gov,Department of Veterans Affairs,,true,false,16059,12064,2026-09-04T22:37:23.447Z,2026-09-07T17:29:11Z
gn.usembassy.gov,Department of State,,true,false,16009,10727,2026-09-07T04:43:59.511Z,2026-09-07T17:29:11Z
profiles.nlm.nih.gov,Department of Health and Human Services,,false,false,15948,10023,2026-09-07T14:58:29.781Z,2026-09-07T17:29:11Z
iawg.gov,Department of State,,true,false,15809,602,2026-09-04T22:37:23.447Z,2026-09-07T17:29:11Z
securitiesfilings.fdicconnect.fdic.gov,Federal Deposit Insurance Corporation,v2.6.0,true,false,15752,2428,2026-09-07T03:17:39.950Z,2026-09-07T17:29:11Z
thunderbay.noaa.gov,Department of Commerce,,false,false,15718,8315,2026-09-07T03:33:38.301Z,2026-09-07T17:29:11Z
mn.usembassy.gov,Department of State,,true,false,15695,9668,2026-09-07T08:43:50.843Z,2026-09-07T17:29:11Z
dolcareers.usajobs.gov,Office of Personnel Management,,false,false,15586,5020,2026-09-07T04:51:56.589Z,2026-09-07T17:29:11Z
pcmdi.llnl.gov,Department of Energy,v2.14.0,true,false,15332,11874,2026-09-07T13:55:31.156Z,2026-09-07T17:29:11Z
dj.usembassy.gov,Department of State,,true,false,15289,9986,2026-09-07T04:35:49.179Z,2026-09-07T17:29:11Z
www.sba.gov,Small Business Administration,v3.8.2,true,false,15264,6046,2026-09-07T11:39:43.268Z,2026-09-07T17:29:11Z
prevention.va.gov,Department of Veterans Affairs,,true,false,15245,8653,2026-09-07T10:15:43.372Z,2026-09-07T17:29:11Z
gy.usembassy.gov,Department of State,,true,false,15243,10360,2026-09-07T04:50:16.079Z,2026-09-07T17:29:11Z
md.usembassy.gov,Department of State,,true,false,15165,8981,2026-09-07T14:35:19.856Z,2026-09-07T17:29:11Z
airforce.usajobs.gov,Office of Personnel Management,,false,false,15115,4799,2026-09-07T13:46:15.091Z,2026-09-07T17:29:11Z
epa.usajobs.gov,Office of Personnel Management,,false,false,15103,4994,2026-09-07T07:31:55.393Z,2026-09-07T17:29:11Z
tech.hhs.gov,Department of Health and Human Services,,true,false,14892,8712,2026-09-07T13:46:58.950Z,2026-09-07T17:29:11Z
osp.va.gov,Department of Veterans Affairs,,true,false,14830,12871,2026-09-04T22:37:23.447Z,2026-09-07T17:29:11Z
www.nhlbi.nih.gov,Department of Health and Human Services,,true,false,14822,4325,2026-09-07T14:42:03.219Z,2026-09-07T17:29:11Z
montereybay.noaa.gov,Department of Commerce,,false,false,14818,8701,2026-09-07T02:00:33.924Z,2026-09-07T17:29:11Z
muscogee.nsopw.gov,Department of Justice,v3.12.0,true,false,14806,1061,2026-09-07T07:47:55.091Z,2026-09-07T17:29:11Z
cit.nih.gov,Department of Health and Human Services,,true,false,14783,9395,2026-09-07T06:05:33.122Z,2026-09-07T17:29:11Z
fj.usembassy.gov,Department of State,,true,false,14590,7750,2026-09-07T04:34:50.875Z,2026-09-07T17:29:11Z
complaint.ic3.gov,Department of Justice,v3.8.2,true,false,14496,9835,2026-09-07T09:11:26.337Z,2026-09-07T17:29:11Z
dfas.usajobs.gov,Office of Personnel Management,,false,false,14484,4399,2026-09-07T14:04:18.641Z,2026-09-07T17:29:11Z
manticore.niehs.nih.gov,Department of Health and Human Services,,true,false,14439,7342,2026-09-07T06:47:24.243Z,2026-09-07T17:29:11Z
me.usembassy.gov,Department of State,,true,false,14435,9637,2026-09-07T12:50:43.234Z,2026-09-07T17:29:11Z
sbir.cancer.gov,Department of Health and Human Services,,true,false,14404,10291,2026-09-07T11:22:17.345Z,2026-09-07T17:29:11Z
usao.usajobs.gov,Office of Personnel Management,,false,false,14381,4406,2026-09-07T05:34:54.353Z,2026-09-07T17:29:11Z
savingsbond.gov,Department of the Treasury,,false,false,14372,6727,2026-09-07T01:32:23.858Z,2026-09-07T17:29:11Z
www.conservation.gov,Department of the Interior,,false,false,14363,1794,2026-09-07T03:06:02.848Z,2026-09-07T17:29:11Z
leasing.gsa.gov,General Services Administration,v2.13.2,true,false,14137,3364,2026-09-07T10:55:02.809Z,2026-09-07T17:29:11Z
ba.usembassy.gov,Department of State,,true,false,14082,8740,2026-09-07T04:35:17.484Z,2026-09-07T17:29:11Z
portal.nhtsa.gov,Department of Transportation,v3.8.0,true,false,13994,6570,2026-09-07T12:10:25.636Z,2026-09-07T17:29:11Z
telehealth.va.gov,Department of Veterans Affairs,2.13.1,true,false,13981,8454,2026-09-04T22:37:23.447Z,2026-09-07T17:29:11Z
doe.usajobs.gov,Office of Personnel Management,,false,false,13969,4746,2026-09-07T07:13:31.200Z,2026-09-07T17:29:11Z
mz.usembassy.gov,Department of State,,true,false,13815,8179,2026-09-04T22:37:23.447Z,2026-09-07T17:29:11Z
cy.usembassy.gov,Department of State,,true,false,13799,8976,2026-09-04T22:37:23.447Z,2026-09-07T17:29:11Z
mm.usembassy.gov,Department of State,,true,false,13797,8986,2026-09-07T06:58:01.203Z,2026-09-07T17:29:11Z
ccmc.gsfc.nasa.gov,National Aeronautics and Space Administration,,true,false,13785,8089,2026-09-07T14:35:07.998Z,2026-09-07T17:29:11Z
aglab.ars.usda.gov,Department of Agriculture,v3.13.0,true,false,13736,9819,2026-09-04T22:37:23.447Z,2026-09-07T17:29:11Z
navajo.nsopw.gov,Department of Justice,v3.12.0,true,false,13592,1434,2026-09-07T07:41:00.337Z,2026-09-07T17:29:11Z
connectedcare.va.gov,Department of Veterans Affairs,2.13.1,true,false,13494,7493,2026-09-07T12:19:05.784Z,2026-09-07T17:29:11Z
zm.usembassy.gov,Department of State,,true,false,13492,9044,2026-09-07T10:07:30.689Z,2026-09-07T17:29:11Z
www.firstrespondertraining.gov,Department of Homeland Security,v2.14.0,true,false,13464,5819,2026-09-04T22:37:23.447Z,2026-09-07T17:29:11Z
usgs.usajobs.gov,Office of Personnel Management,,false,false,13433,5886,2026-09-07T07:59:29.554Z,2026-09-07T17:29:11Z
www.floodsmart.gov,Department of Homeland Security,,true,false,13337,3891,2026-09-07T01:26:27.967Z,2026-09-07T17:29:11Z
ws.usembassy.gov,Department of State,,true,false,13332,5120,2026-09-07T10:11:58.293Z,2026-09-07T17:29:11Z
lookforwatersense.epa.gov,Environmental Protection Agency,,true,false,13264,7629,2026-09-07T14:16:44.782Z,2026-09-07T17:29:11Z
grcariverpermits.nps.gov,Department of the Interior,v3.10.0,true,false,13179,11924,2026-09-04T22:37:23.447Z,2026-09-07T17:29:11Z
computersforlearning.gov,General Services Administration,,true,false,13177,1824,2026-09-07T09:57:51.216Z,2026-09-07T17:29:11Z
cgsr.llnl.gov,Department of Energy,,true,false,13165,5664,2026-09-07T11:29:25.791Z,2026-09-07T17:29:11Z
va.usajobs.gov,Office of Personnel Management,,false,false,13152,3464,2026-09-07T09:04:48.416Z,2026-09-07T17:29:11Z
www.dhs.gov,Department of Homeland Security,,true,false,13150,6765,2026-09-07T14:38:35.899Z,2026-09-07T17:29:11Z
developer.usajobs.gov,Office of Personnel Management,,true,false,13133,6195,2026-09-07T14:28:16.202Z,2026-09-07T17:29:11Z
ao.usembassy.gov,Department of State,,true,false,13131,8181,2026-09-07T03:56:24.072Z,2026-09-07T17:29:11Z
primis-meetings.phmsa.dot.gov,Department of Transportation,,true,false,13018,6137,2026-09-07T12:34:24.222Z,2026-09-07T17:29:11Z
mk.usembassy.gov,Department of State,,true,false,13002,7941,2026-09-07T10:49:35.597Z,2026-09-07T17:29:11Z
gsaadvantage-test2.fas.gsa.gov,General Services Administration,,true,false,12836,302,2026-09-07T12:59:10.060Z,2026-09-07T17:29:11Z
www.afadvantage.gov,General Services Administration,,true,false,12803,1569,2026-09-07T00:35:45.914Z,2026-09-07T17:29:11Z
tigerweb.geo.census.gov,Department of Commerce,,true,false,12798,5549,2026-09-07T05:15:39.594Z,2026-09-07T17:29:11Z
wdh.energy.gov,Department of Energy,,true,false,12713,4220,2026-09-07T13:50:47.656Z,2026-09-07T17:29:11Z
data-science.llnl.gov,Department of Energy,,true,false,12698,5732,2026-09-07T12:33:42.808Z,2026-09-07T17:29:11Z
science.data.nasa.gov,National Aeronautics and Space Administration,,false,false,12686,8487,2026-09-07T12:35:41.155Z,2026-09-07T17:29:11Z
ask.gsa.gov,General Services Administration,v2.13.2,true,false,12595,4574,2026-09-07T02:41:32.030Z,2026-09-07T17:29:11Z
blog.marinedebris.noaa.gov,Department of Commerce,,true,false,12567,8972,2026-09-07T13:39:51.114Z,2026-09-07T17:29:11Z
mobile.health.mil,Department of Defense,,true,false,12546,3988,2026-09-07T07:47:12.620Z,2026-09-07T17:29:11Z
dts.fsa.usda.gov,Department of Agriculture,v2.8.0,true,false,12539,7444,2026-09-07T08:21:44.172Z,2026-09-07T17:29:11Z
scinet.usda.gov,Department of Agriculture,v3.7.1,true,false,12469,6563,2026-09-07T03:17:52.013Z,2026-09-07T17:29:11Z
auditing.usajobs.gov,Office of Personnel Management,,false,false,12402,3996,2026-09-07T07:27:27.321Z,2026-09-07T17:29:11Z
t4c.nicic.gov,Department of Justice,,true,false,12401,3976,2026-09-07T04:03:00.641Z,2026-09-07T17:29:11Z
redlake.nsopw.gov,Department of Justice,v3.12.0,true,false,12258,1494,2026-09-07T14:40:29.388Z,2026-09-07T17:29:11Z
is.usembassy.gov,Department of State,,true,false,12249,7929,2026-09-07T10:10:54.929Z,2026-09-07T17:29:11Z
ioos.noaa.gov,Department of Commerce,,true,false,12164,9973,2026-09-07T06:51:15.616Z,2026-09-07T17:29:11Z
tao.ndbc.noaa.gov,Department of Commerce,,true,false,12115,10435,2026-09-04T22:37:23.447Z,2026-09-07T17:29:11Z
wpo.noaa.gov,Department of Commerce,v3.3.0,true,false,12067,8174,2026-09-07T03:54:08.741Z,2026-09-07T17:29:11Z
learn.nlm.nih.gov,Department of Health and Human Services,,false,false,12028,9429,2026-09-07T11:56:02.225Z,2026-09-07T17:29:11Z
fincenid.fincen.gov,Department of the Treasury,v3.5.0,true,false,11889,4206,2026-09-07T13:14:07.465Z,2026-09-07T17:29:11Z
security.cms.gov,Department of Health and Human Services,,true,false,11867,8602,2026-09-07T03:57:07.397Z,2026-09-07T17:29:11Z
fmshrc.gov,Federal Mine Safety and Health Review Commission,,true,false,11864,5231,2026-09-07T07:17:02.154Z,2026-09-07T17:29:11Z
acquisitions.usajobs.gov,Office of Personnel Management,,false,false,11777,3228,2026-09-07T09:05:31.677Z,2026-09-07T17:29:11Z
usasoc.usajobs.gov,Office of Personnel Management,,false,false,11757,8288,2026-09-07T08:16:46.854Z,2026-09-07T17:29:11Z
iam.cancer.gov,Department of Health and Human Services,,false,false,11756,6829,2026-09-04T22:37:23.447Z,2026-09-07T17:29:11Z
driveelectric.gov,Department of Energy,,true,false,11732,6307,2026-09-07T12:38:39.796Z,2026-09-07T17:29:11Z
doiu.doi.gov,Department of the Interior,,true,false,11716,4709,2026-09-07T14:13:30.914Z,2026-09-07T17:29:11Z
archive.epa.gov,Environmental Protection Agency,,true,false,11700,8907,2026-09-07T13:58:24.916Z,2026-09-07T17:29:11Z
www.rma.usda.gov,Department of Agriculture,v3.13.0,true,false,11700,3571,2026-09-04T22:37:23.447Z,2026-09-07T17:29:11Z
ne.usembassy.gov,Department of State,,true,false,11646,5969,2026-09-07T13:43:23.579Z,2026-09-07T17:29:11Z
ncvs.bjs.ojp.gov,Department of Justice,,true,false,11486,6885,2026-09-07T01:28:17.798Z,2026-09-07T17:29:11Z
pdc.cancer.gov,Department of Health and Human Services,,true,false,11459,4488,2026-09-04T22:37:23.447Z,2026-09-07T17:29:11Z
forestproducts.blm.gov,Department of the Interior,v3.8.0,true,false,11459,3133,2026-09-07T07:33:54.505Z,2026-09-07T17:29:11Z
swot.jpl.nasa.gov,National Aeronautics and Space Administration,,false,false,11411,7636,2026-09-07T13:27:36.063Z,2026-09-07T17:29:11Z
techpartnerships.noaa.gov,Department of Commerce,v3.3.0,true,false,11399,5769,2026-09-04T22:37:23.447Z,2026-09-07T17:29:11Z
hr.usembassy.gov,Department of State,,true,false,11212,7568,2026-09-07T11:11:52.258Z,2026-09-07T17:29:11Z
farallones.noaa.gov,Department of Commerce,,false,false,11125,5747,2026-09-07T01:32:28.995Z,2026-09-07T17:29:11Z
ss.usembassy.gov,Department of State,,true,false,10937,8304,2026-09-07T04:16:33.745Z,2026-09-07T17:29:11Z
extportal.pbs.gsa.gov,General Services Administration,,true,false,10930,8657,2026-09-07T12:50:43.536Z,2026-09-07T17:29:11Z
storm.aoml.noaa.gov,Department of Commerce,,false,false,10828,1696,2026-09-07T10:19:41.242Z,2026-09-07T17:29:11Z
datascience.nih.gov,Department of Health and Human Services,v3.8.0,false,false,10602,8207,2026-09-07T09:27:01.588Z,2026-09-07T17:29:11Z
vsafe.gov,Department of Veterans Affairs,,true,false,10538,7725,2026-09-04T22:37:23.447Z,2026-09-07T17:29:11Z
discover.nci.nih.gov,Department of Health and Human Services,v2.13.1,true,false,10519,8662,2026-09-04T22:37:23.447Z,2026-09-07T17:29:11Z
heronetnext.epa.gov,Environmental Protection Agency,v3.12.0,true,false,10456,4457,2026-09-07T14:09:32.947Z,2026-09-07T17:29:11Z
complaint.mycreditunion.gov,National Credit Union Administration,,false,false,10419,5135,2026-09-07T04:52:12.681Z,2026-09-07T17:29:11Z
learnatf.gov,Department of Justice,,true,false,10382,9127,2026-09-07T04:21:13.545Z,2026-09-07T17:29:11Z
neurobiobank.nih.gov,Department of Health and Human Services,,true,false,10342,6815,2026-09-07T02:46:12.661Z,2026-09-07T17:29:11Z
fiscalservice.usajobs.gov,Office of Personnel Management,,false,false,10328,4671,2026-09-04T22:37:23.447Z,2026-09-07T17:29:11Z
comptrollerofthecurrency.gov,Department of the Treasury,,true,false,10244,6353,2026-09-07T14:12:31.652Z,2026-09-07T17:29:11Z
www.ada.gov,Department of Justice,,true,false,10187,6350,2026-09-07T13:43:40.764Z,2026-09-07T17:29:11Z
iwaste.epa.gov,Environmental Protection Agency,,true,false,10183,4220,2026-09-07T00:37:37.721Z,2026-09-07T17:29:11Z
searchappeals.dol.gov,Department of Labor,,true,false,10090,9724,2026-09-07T04:10:47.808Z,2026-09-07T17:29:11Z
lv.usembassy.gov,Department of State,,true,false,10066,6282,2026-09-07T05:07:06.003Z,2026-09-07T17:29:11Z
datacommons.cancer.gov,Department of Health and Human Services,,false,false,10011,3724,2026-09-04T22:37:23.447Z,2026-09-07T17:29:11Z
grace.jpl.nasa.gov,National Aeronautics and Space Administration,,false,false,9976,6205,2026-09-04T22:37:23.447Z,2026-09-07T17:29:11Z
qwiexplorer.ces.census.gov,Department of Commerce,,false,false,9917,9681,2026-09-07T05:14:04.574Z,2026-09-07T17:29:11Z
volunteer.va.gov,Department of Veterans Affairs,,true,false,9899,6372,2026-09-04T22:37:23.447Z,2026-09-07T17:29:11Z
prodpreview.eqrs.cms.gov,Department of Health and Human Services,,false,true,9897,1707,2026-09-07T09:34:53.057Z,2026-09-07T17:29:11Z
cmsi.usajobs.gov,Office of Personnel Management,,false,false,9890,4180,2026-09-07T07:24:47.063Z,2026-09-07T17:29:11Z
ebccp.cancercontrol.cancer.gov,Department of Health and Human Services,,true,false,9884,4063,2026-09-04T22:37:23.447Z,2026-09-07T17:29:11Z
la.usembassy.gov,Department of State,,true,false,9863,5947,2026-09-07T04:53:53.234Z,2026-09-07T17:29:11Z
pg.usembassy.gov,Department of State,,true,false,9825,6570,2026-09-07T04:37:18.174Z,2026-09-07T17:29:11Z
www.manufacturing.gov,Department of Commerce,,true,false,9688,7218,2026-09-04T22:37:23.447Z,2026-09-07T17:29:11Z
disclosure.ofac.treas.gov,Department of the Treasury,,true,false,9687,1191,2026-09-07T06:57:18.490Z,2026-09-07T17:29:11Z
monitor.noaa.gov,Department of Commerce,,false,false,9632,5686,2026-09-04T22:37:23.447Z,2026-09-07T17:29:11Z
ml.usembassy.gov,Department of State,,true,false,9630,6598,2026-09-07T05:12:02.905Z,2026-09-07T17:29:11Z
attorney.usajobs.gov,Office of Personnel Management,,false,false,9436,2341,2026-09-04T22:37:23.447Z,2026-09-07T17:29:11Z
itmanagement.usajobs.gov,Office of Personnel Management,,false,false,9404,2345,2026-09-07T05:01:11.270Z,2026-09-07T17:29:11Z
mw.usembassy.gov,Department of State,,true,false,9387,7114,2026-09-07T05:08:08.421Z,2026-09-07T17:29:11Z
na.usembassy.gov,Department of State,,true,false,9297,6169,2026-09-07T05:10:24.881Z,2026-09-07T17:29:11Z
asc.llnl.gov,Department of Energy,,true,false,9293,5843,2026-09-07T12:31:24.210Z,2026-09-07T17:29:11Z
tech.usajobs.gov,Office of Personnel Management,,false,false,9240,2819,2026-09-07T13:53:09.928Z,2026-09-07T17:29:11Z
zw.usembassy.gov,Department of State,,true,false,9198,6282,2026-09-07T11:20:33.984Z,2026-09-07T17:29:11Z
iucrc.nsf.gov,National Science Foundation,,true,false,9197,4589,2026-09-07T07:13:36.938Z,2026-09-07T17:29:11Z
cbp.usajobs.gov,Office of Personnel Management,,false,false,9157,3108,2026-09-07T14:17:33.565Z,2026-09-07T17:29:11Z
usace.usajobs.gov,Office of Personnel Management,,false,false,9099,3069,2026-09-07T08:58:16.414Z,2026-09-07T17:29:11Z
pubweb-prod.niaid.nih.gov,Department of Health and Human Services,,false,false,9098,8971,2026-09-04T22:37:23.447Z,2026-09-07T17:29:11Z
ipo.llnl.gov,Department of Energy,,true,false,9066,7443,2026-09-07T12:16:28.922Z,2026-09-07T17:29:11Z
progressreport.cancer.gov,Department of Health and Human Services,,false,false,8964,7408,2026-09-04T22:37:23.447Z,2026-09-07T17:29:11Z
ye.usembassy.gov,Department of State,,true,false,8961,2837,2026-09-04T22:37:23.447Z,2026-09-07T17:29:11Z
doi.usajobs.gov,Office of Personnel Management,,false,false,8898,3898,2026-09-07T10:20:45.186Z,2026-09-07T17:29:11Z
tl.usembassy.gov,Department of State,,true,false,8844,6296,2026-09-07T11:29:01.428Z,2026-09-07T17:29:11Z
ir.usembassy.gov,Department of State,,true,false,8802,6903,2026-09-07T11:09:09.950Z,2026-09-07T17:29:11Z
hawaiihumpbackwhale.noaa.gov,Department of Commerce,,false,false,8721,5802,2026-09-07T14:29:23.218Z,2026-09-07T17:29:11Z
helio.data.nasa.gov,National Aeronautics and Space Administration,,false,false,8675,6321,2026-09-07T11:58:56.228Z,2026-09-07T17:29:11Z
ussm.gsa.gov,General Services Administration,,true,false,8560,3902,2026-09-07T07:11:12.676Z,2026-09-07T17:29:11Z
cancercenters.cancer.gov,Department of Health and Human Services,v3.3.0,true,false,8555,5625,2026-09-07T14:09:26.249Z,2026-09-07T17:29:11Z
cdrh-rst.fda.gov,Department of Health and Human Services,,true,false,8529,5726,2026-09-07T02:13:07.482Z,2026-09-07T17:29:11Z
snplma.blm.gov,Department of the Interior,,true,true,8474,261,2026-09-07T06:21:28.693Z,2026-09-07T17:29:11Z
gq.usembassy.gov,Department of State,,true,false,8468,2546,2026-09-07T04:35:56.226Z,2026-09-07T17:29:11Z
bluebutton.cms.gov,Department of Health and Human Services,,true,false,8450,4171,2026-09-07T10:04:34.709Z,2026-09-07T17:29:11Z
fsc.va.gov,Department of Veterans Affairs,,true,false,8440,6563,2026-09-07T08:55:53.266Z,2026-09-07T17:29:11Z
usms.usajobs.gov,Office of Personnel Management,,false,false,8424,3542,2026-09-07T08:23:43.735Z,2026-09-07T17:29:11Z
flowcharts.llnl.gov,Department of Energy,,true,false,8400,4176,2026-09-07T14:42:27.038Z,2026-09-07T17:29:11Z
training.simpler.grants.gov,Department of Health and Human Services,,true,false,8388,7715,2026-09-07T10:37:31.989Z,2026-09-07T17:29:11Z
dea.usajobs.gov,Office of Personnel Management,,false,false,8357,3721,2026-09-07T07:15:46.534Z,2026-09-07T17:29:11Z
coe.gsa.gov,General Services Administration,v1.6.7,true,false,8307,5059,2026-09-07T07:33:45.114Z,2026-09-07T17:29:11Z
engineering.llnl.gov,Department of Energy,,true,false,8280,4915,2026-09-07T14:41:41.237Z,2026-09-07T17:29:11Z
infuse.ornl.gov,Department of Energy,,false,false,8271,4006,2026-09-07T02:15:25.441Z,2026-09-07T17:29:11Z
knowyourchances.cancer.gov,Department of Health and Human Services,,true,false,8265,3447,2026-09-04T22:37:23.447Z,2026-09-07T17:29:11Z
ai-challenges.nist.gov,Department of Commerce,v3.5.0,true,false,8265,6695,2026-09-07T13:52:22.952Z,2026-09-07T17:29:11Z
proteomic.datacommons.cancer.gov,Department of Health and Human Services,,true,false,8258,3541,2026-09-04T22:37:23.447Z,2026-09-07T17:29:11Z
stem.usajobs.gov,Office of Personnel Management,,false,false,8250,2508,2026-09-07T05:55:44.011Z,2026-09-07T17:29:11Z
techtransfer.cancer.gov,Department of Health and Human Services,,true,false,8217,6516,2026-09-07T12:12:06.068Z,2026-09-07T17:29:11Z
so.usembassy.gov,Department of State,,true,false,8206,3637,2026-09-07T11:00:55.067Z,2026-09-07T17:29:11Z
bm.usconsulate.gov,Department of State,,true,false,8187,4796,2026-09-07T09:13:30.047Z,2026-09-07T17:29:11Z
patientsafety.va.gov,Department of Veterans Affairs,,true,false,8116,5256,2026-09-04T22:37:23.447Z,2026-09-07T17:29:11Z
data.americorps.gov,Corporation for National and Community Service,,true,false,8078,2537,2026-09-07T13:49:21.575Z,2026-09-07T17:29:11Z
paymentaccuracy.gov,General Services Administration,v3.13.0,true,false,8070,2800,2026-09-07T12:16:13.201Z,2026-09-07T17:29:11Z
ntpsearch.niehs.nih.gov,Department of Health and Human Services,,true,false,8067,3513,2026-09-07T11:15:06.105Z,2026-09-07T17:29:11Z
clinregs.niaid.nih.gov,Department of Health and Human Services,,false,false,8034,6498,2026-09-07T07:35:23.807Z,2026-09-07T17:29:11Z
heds-center.llnl.gov,Department of Energy,,true,false,8028,2534,2026-09-07T12:21:03.045Z,2026-09-07T17:29:11Z
lt.usembassy.gov,Department of State,,true,false,8010,5213,2026-09-07T05:06:06.618Z,2026-09-07T17:29:11Z
gm.usembassy.gov,Department of State,,true,false,8003,5322,2026-09-07T11:05:42.344Z,2026-09-07T17:29:11Z
presidentialinnovationfellows.gov,General Services Administration,,true,false,7991,3184,2026-09-07T14:34:30.423Z,2026-09-07T17:29:11Z
os1.cc.nih.gov,Department of Health and Human Services,,true,false,7928,7714,2026-09-07T04:14:42.219Z,2026-09-07T17:29:11Z
oar.nih.gov,Department of Health and Human Services,,true,false,7911,5408,2026-09-07T07:09:42.480Z,2026-09-07T17:29:11Z
cw.usconsulate.gov,Department of State,,true,false,7883,4818,2026-09-07T08:12:11.109Z,2026-09-07T17:29:11Z
polytrauma.va.gov,Department of Veterans Affairs,,true,false,7861,4799,2026-09-04T22:37:23.447Z,2026-09-07T17:29:11Z
ncirc.bja.ojp.gov,Department of Justice,.,true,false,7854,2990,2026-09-07T03:23:47.459Z,2026-09-07T17:29:11Z
mu.usembassy.gov,Department of State,,true,false,7807,4825,2026-09-07T05:14:37.259Z,2026-09-07T17:29:11Z
sk.usembassy.gov,Department of State,,true,false,7781,4544,2026-09-07T05:33:59.274Z,2026-09-07T17:29:11Z
dieteticinternship.va.gov,Department of Veterans Affairs,,true,false,7775,3074,2026-09-07T08:27:54.963Z,2026-09-07T17:29:11Z
www.fdic.gov,General Services Administration,,true,false,7716,6668,2026-09-07T14:21:00.592Z,2026-09-07T17:29:11Z
eds.larc.nasa.gov,National Aeronautics and Space Administration,,true,false,7668,2160,2026-09-07T12:46:22.176Z,2026-09-07T17:29:11Z
civics.archives.gov,National Archives and Records Administration,,false,false,7612,2778,2026-09-07T13:49:24.728Z,2026-09-07T17:29:11Z
spd15revision.gov,Department of Commerce,,true,false,7606,4862,2026-09-04T22:37:23.447Z,2026-09-07T17:29:11Z
ssa.usajobs.gov,Office of Personnel Management,,false,false,7548,2566,2026-09-07T04:35:29.113Z,2026-09-07T17:29:11Z
usvi.nsopw.gov,Department of Justice,v3.12.0,true,false,7539,1131,2026-09-07T00:36:19.820Z,2026-09-07T17:29:11Z
obssr.od.nih.gov,Department of Health and Human Services,,false,false,7518,5886,2026-09-07T07:12:48.816Z,2026-09-07T17:29:11Z
www.pay.gov,Department of the Treasury,v3.0.2,true,false,7507,4530,2026-09-07T08:59:20.570Z,2026-09-07T17:29:11Z
mepi.state.gov,Department of State,,true,false,7455,1371,2026-09-07T10:21:30.056Z,2026-09-07T17:29:11Z
eclipse.gsfc.nasa.gov,National Aeronautics and Space Administration,,false,false,7414,6725,2026-09-07T10:44:56.357Z,2026-09-07T17:29:11Z
apps.nssl.noaa.gov,Department of Commerce,v3.10.0,true,false,7396,5143,2026-09-07T12:34:08.612Z,2026-09-07T17:29:11Z
cancer.va.gov,Department of Veterans Affairs,,true,false,7391,4814,2026-09-07T12:23:12.635Z,2026-09-07T17:29:11Z
armymwrcareers.usajobs.gov,Office of Personnel Management,,false,false,7385,2136,2026-09-07T04:41:53.136Z,2026-09-07T17:29:11Z
ylai.state.gov,Department of State,,true,false,7359,4696,2026-09-07T01:24:37.465Z,2026-09-07T17:29:11Z
mainweb.awsprod.nlm.nih.gov,Department of Health and Human Services,,true,false,7297,1292,2026-09-07T11:54:21.111Z,2026-09-07T17:29:11Z
graysreef.noaa.gov,Department of Commerce,,false,false,7223,3397,2026-09-07T05:35:28.045Z,2026-09-07T17:29:11Z
reclamationcareers.usajobs.gov,Office of Personnel Management,,false,false,7199,2704,2026-09-07T07:49:58.627Z,2026-09-07T17:29:11Z
srtr.hrsa.gov,Department of Health and Human Services,,false,false,7180,3756,2026-09-07T09:06:10.315Z,2026-09-07T17:29:11Z
annual.llnl.gov,Department of Energy,,true,false,7180,1497,2026-09-07T04:27:53.342Z,2026-09-07T17:29:11Z
cg.usembassy.gov,Department of State,,true,false,7170,4154,2026-09-04T22:37:23.447Z,2026-09-07T17:29:11Z
cybersecurity.usajobs.gov,Office of Personnel Management,,false,false,7120,2788,2026-09-07T07:28:34.224Z,2026-09-07T17:29:11Z
trumpadministration.archives.performance.gov,General Services Administration,v1.1.0,true,false,7110,3013,2026-09-07T03:22:28.168Z,2026-09-07T17:29:11Z
arctic.gov,Arctic Research Commission,,true,false,7104,3720,2026-09-07T06:00:34.252Z,2026-09-07T17:29:11Z
opendata.fcc.gov,Federal Communications Commission,,true,false,7044,3017,2026-09-07T01:58:03.523Z,2026-09-07T17:29:11Z
usamriid.health.mil,Department of Defense,,true,false,7044,3280,2026-09-07T12:56:58.527Z,2026-09-07T17:29:11Z
ncsp.llnl.gov,Department of Energy,,true,false,7025,2212,2026-09-07T07:30:34.501Z,2026-09-07T17:29:11Z
esubmit.rita.dot.gov,Department of Transportation,,true,false,7019,1582,2026-09-07T03:57:39.781Z,2026-09-07T17:29:11Z
eeoccareers.usajobs.gov,Office of Personnel Management,,false,false,7014,3097,2026-09-07T07:36:51.423Z,2026-09-07T17:29:11Z
cv.usembassy.gov,Department of State,,true,false,6957,4310,2026-09-07T13:53:32.035Z,2026-09-07T17:29:11Z
narac.llnl.gov,Department of Energy,,true,false,6944,1462,2026-09-07T05:44:00.954Z,2026-09-07T17:29:11Z
hub.datacommons.cancer.gov,Department of Health and Human Services,,false,false,6897,1613,2026-09-04T22:37:23.447Z,2026-09-07T17:29:11Z
fascareers.usajobs.gov,Office of Personnel Management,,false,false,6863,4127,2026-09-04T22:37:23.447Z,2026-09-07T17:29:11Z
maps.cancer.gov,Department of Health and Human Services,,true,false,6837,5933,2026-09-04T22:37:23.447Z,2026-09-07T17:29:11Z
aal.mil,Department of Defense,,false,false,6828,4445,2026-09-07T00:33:05.590Z,2026-09-07T17:29:11Z
chemistry.usajobs.gov,Office of Personnel Management,,false,false,6776,2377,2026-09-04T22:37:23.447Z,2026-09-07T17:29:11Z
treasuryauctions.gov,Department of the Treasury,,false,false,6769,4923,2026-09-07T14:12:57.634Z,2026-09-07T17:29:11Z
ruralhealth.va.gov,Department of Veterans Affairs,,true,false,6696,4976,2026-09-07T10:28:43.657Z,2026-09-07T17:29:11Z
strbase.nist.gov,Department of Commerce,,true,true,6672,1852,2026-09-07T12:17:44.390Z,2026-09-07T17:29:11Z
ictbaseline.access-board.gov,Access Board,,true,false,6620,2198,2026-09-07T00:24:19.142Z,2026-09-07T17:29:11Z
nrt3.modaps.eosdis.nasa.gov,National Aeronautics and Space Administration,,true,false,6554,2635,2026-09-04T22:37:23.447Z,2026-09-07T17:29:11Z
channelislands.noaa.gov,Department of Commerce,,false,false,6548,4106,2026-09-07T14:09:20.197Z,2026-09-07T17:29:11Z
beta.ngs.noaa.gov,Department of Commerce,v3.5.0,true,false,6548,3875,2026-09-07T12:30:57.990Z,2026-09-07T17:29:11Z
arisapp.ars.usda.gov,Department of Agriculture,,true,false,6533,5643,2026-09-07T07:42:36.521Z,2026-09-07T17:29:11Z
af.usembassy.gov,Department of State,,true,false,6516,4074,2026-09-07T03:21:56.072Z,2026-09-07T17:29:11Z
parkinsons.va.gov,Department of Veterans Affairs,,true,false,6480,4108,2026-09-04T22:37:23.447Z,2026-09-07T17:29:11Z
itvmo.gsa.gov,General Services Administration,,true,false,6469,2765,2026-09-07T08:07:34.649Z,2026-09-07T17:29:11Z
ceres.larc.nasa.gov,National Aeronautics and Space Administration,,true,false,6436,3541,2026-09-07T14:15:00.927Z,2026-09-07T17:29:11Z
ssaisanfrancisco.usajobs.gov,Office of Personnel Management,,false,false,6434,3269,2026-09-07T08:04:20.656Z,2026-09-07T17:29:11Z
mt.usembassy.gov,Department of State,,true,false,6414,4809,2026-09-07T11:22:59.945Z,2026-09-07T17:29:11Z
classification.awsprod.nlm.nih.gov,Department of Health and Human Services,v3.0.1,true,false,6411,161,2026-09-04T22:37:23.447Z,2026-09-07T17:29:11Z
herc.research.va.gov,Department of Veterans Affairs,,true,false,6409,5271,2026-09-04T22:37:23.447Z,2026-09-07T17:29:11Z
planning.nps.gov,Department of the Interior,,false,true,6395,4722,2026-09-04T22:37:23.447Z,2026-09-07T17:29:11Z
mc-review.onemac.cms.gov,Department of Health and Human Services,,true,false,6378,1098,2026-09-07T09:40:18.049Z,2026-09-07T17:29:11Z
gracefo.jpl.nasa.gov,National Aeronautics and Space Administration,,false,false,6366,4445,2026-09-07T08:05:18.296Z,2026-09-07T17:29:11Z
direct.aphis.usda.gov,Department of Agriculture,,true,false,6361,4827,2026-09-07T06:53:00.610Z,2026-09-07T17:29:11Z
airs.jpl.nasa.gov,National Aeronautics and Space Administration,,false,false,6345,4624,2026-09-07T07:41:48.580Z,2026-09-07T17:29:11Z
touchpoints.digital.gov,General Services Administration,v3.13.0,true,false,6339,5071,2026-09-07T09:36:24.731Z,2026-09-07T17:29:11Z
drc-usadata.opm.gov,Office of Personnel Management,,true,false,6300,1928,2026-09-04T22:37:23.447Z,2026-09-07T17:29:11Z
ai.usajobs.gov,Office of Personnel Management,,false,false,6295,2556,2026-09-07T04:39:14.558Z,2026-09-07T17:29:11Z
npdb.hrsa.gov,Department of Health and Human Services,,false,false,6238,3491,2026-09-07T14:08:25.790Z,2026-09-07T17:29:11Z
ffiec.beta.cfpb.gov,Consumer Financial Protection Bureau,,true,false,6226,1512,2026-09-07T07:29:37.496Z,2026-09-07T17:29:11Z
ssaidallas.usajobs.gov,Office of Personnel Management,,false,false,6219,3299,2026-09-07T13:58:22.597Z,2026-09-07T17:29:11Z
ncorp.cancer.gov,Department of Health and Human Services,,true,false,6206,3762,2026-09-07T07:47:13.166Z,2026-09-07T17:29:11Z
mtf.helpdesk.cms.gov,Department of Health and Human Services,,true,false,6194,2571,2026-09-07T09:39:42.553Z,2026-09-07T17:29:11Z
www.insurekidsnow.gov,Department of Health and Human Services,,true,false,6154,5817,2026-09-04T22:37:23.447Z,2026-09-07T17:29:11Z
sirt.cftc.gov,Commodity Futures Trading Commission,,false,true,6152,2149,2026-09-07T05:20:34.422Z,2026-09-07T17:29:11Z
classification-us-east-1.awsprod.nlm.nih.gov,Department of Health and Human Services,v3.0.1,true,false,6141,72,2026-09-07T07:38:09.064Z,2026-09-07T17:29:11Z
error.vba.va.gov,Department of Veterans Affairs,,true,false,6099,4533,2026-09-04T22:37:23.447Z,2026-09-07T17:29:11Z
sz.usembassy.gov,Department of State,,true,false,6099,4045,2026-09-07T04:34:34.973Z,2026-09-07T17:29:11Z
waterservices.usgs.gov,Department of the Interior,,true,false,6086,2222,2026-09-07T11:24:56.112Z,2026-09-07T17:29:11Z
combustion.llnl.gov,Department of Energy,,true,false,6068,1412,2026-09-07T12:17:28.113Z,2026-09-07T17:29:11Z
answers.usgs.gov,Department of the Interior,v2.12.2,true,false,6063,4036,2026-09-07T13:40:26.433Z,2026-09-07T17:29:11Z
profiles-us-east-1.awsprod.nlm.nih.gov,Department of Health and Human Services,,false,false,6038,30,2026-09-07T08:40:17.663Z,2026-09-07T17:29:11Z
bbs.llnl.gov,Department of Energy,,true,false,6012,882,2026-09-07T04:32:29.071Z,2026-09-07T17:29:11Z
olympiccoast.noaa.gov,Department of Commerce,,false,false,6006,4022,2026-09-07T12:46:09.401Z,2026-09-07T17:29:11Z
emt-initiative.ornl.gov,Department of Energy,,false,false,5991,5649,2026-09-07T07:53:25.330Z,2026-09-07T17:29:11Z
marinenavigation.noaa.gov,Department of Commerce,,true,false,5960,4578,2026-09-07T02:12:24.165Z,2026-09-07T17:29:11Z
ssaichicago.usajobs.gov,Office of Personnel Management,,false,false,5931,3199,2026-09-07T08:08:20.220Z,2026-09-07T17:29:11Z
beta.access-board.gov,Access Board,,true,false,5872,641,2026-09-07T00:33:06.829Z,2026-09-07T17:29:11Z
efoservices.fec.gov,Federal Election Commission,,true,false,5846,2260,2026-09-07T12:45:54.939Z,2026-09-07T17:29:11Z
naturalresources.usajobs.gov,Office of Personnel Management,,false,false,5817,1761,2026-09-04T22:37:23.447Z,2026-09-07T17:29:11Z
ee.usembassy.gov,Department of State,,true,false,5802,3731,2026-09-07T14:34:55.936Z,2026-09-07T17:29:11Z
ssaikansascity.usajobs.gov,Office of Personnel Management,,false,false,5766,2656,2026-09-07T07:54:32.732Z,2026-09-07T17:29:11Z
cdf.gsfc.nasa.gov,National Aeronautics and Space Administration,v3.3.0,true,false,5750,4781,2026-09-07T08:34:43.347Z,2026-09-07T17:29:11Z
retireefehb.opm.gov,Office of Personnel Management,v2.13.0,true,false,5721,4254,2026-09-07T05:44:32.902Z,2026-09-07T17:29:11Z
army.usajobs.gov,Office of Personnel Management,,false,false,5711,2199,2026-09-07T04:40:25.494Z,2026-09-07T17:29:11Z
doifirescareers.usajobs.gov,Office of Personnel Management,,false,false,5709,2196,2026-09-04T22:37:23.447Z,2026-09-07T17:29:11Z
agingresearchbiobank.nia.nih.gov,Department of Health and Human Services,,true,false,5674,3154,2026-09-07T04:43:46.848Z,2026-09-07T17:29:11Z
sr.usembassy.gov,Department of State,,true,false,5671,3493,2026-09-04T22:37:23.447Z,2026-09-07T17:29:11Z
gs.llnl.gov,Department of Energy,,true,false,5668,1898,2026-09-07T07:18:53.906Z,2026-09-07T17:29:11Z
tmf.cio.gov,General Services Administration,,true,false,5644,2914,2026-09-07T05:23:39.854Z,2026-09-07T17:29:11Z
analytics.usa.gov,General Services Administration,v3.11.0,true,false,5643,2661,2026-09-07T10:02:26.853Z,2026-09-07T17:29:11Z
mcm.fas.gsa.gov,General Services Administration,,true,false,5635,1716,2026-09-07T08:23:20.121Z,2026-09-07T17:29:11Z
profiles.awsprod.nlm.nih.gov,Department of Health and Human Services,,false,false,5625,43,2026-09-07T10:21:06.213Z,2026-09-07T17:29:11Z
cloud.gov,General Services Administration,,true,true,5607,3596,2026-09-07T05:48:03.470Z,2026-09-07T17:29:11Z
informationtechnology.usajobs.gov,Office of Personnel Management,,false,false,5576,1987,2026-09-07T13:50:30.868Z,2026-09-07T17:29:11Z
general.usajobs.gov,Office of Personnel Management,,false,false,5528,1883,2026-09-07T07:30:00.743Z,2026-09-07T17:29:11Z
discoverwhr.nih.gov,Department of Health and Human Services,v3.8.1,true,false,5527,4186,2026-09-07T10:13:50.483Z,2026-09-07T17:29:11Z
mccjobs.usajobs.gov,Office of Personnel Management,,false,false,5511,4183,2026-09-07T07:28:28.636Z,2026-09-07T17:29:11Z
cordellbank.noaa.gov,Department of Commerce,,true,false,5508,2132,2026-09-07T13:36:39.274Z,2026-09-07T17:29:11Z
trainatnci.cancer.gov,Department of Health and Human Services,,false,false,5474,3166,2026-09-07T11:51:16.401Z,2026-09-07T17:29:11Z
sd.llnl.gov,Department of Energy,,true,false,5437,3998,2026-09-07T06:21:39.768Z,2026-09-07T17:29:11Z
stac.astrogeology.usgs.gov,Department of the Interior,v3.1.0,true,false,5428,791,2026-09-07T10:12:50.939Z,2026-09-07T17:29:11Z
brd.cancer.gov,Department of Health and Human Services,,true,false,5420,3437,2026-09-07T09:46:37.097Z,2026-09-07T17:29:11Z
midas.uscis.dhs.gov,Department of Homeland Security,v3.12.0,true,false,5397,4312,2026-09-07T10:25:20.288Z,2026-09-07T17:29:11Z
ncc.usajobs.gov,Office of Personnel Management,,false,false,5376,1617,2026-09-07T13:51:18.138Z,2026-09-07T17:29:11Z
digitalcorps.gsa.gov,General Services Administration,,true,false,5367,2772,2026-09-07T06:16:23.036Z,2026-09-07T17:29:11Z
blscompdata.bls.gov,Department of Labor,v2.4.0,false,false,5345,1700,2026-09-07T01:13:35.034Z,2026-09-07T17:29:11Z
dodea.usajobs.gov,Office of Personnel Management,,false,false,5306,2043,2026-09-07T04:54:36.009Z,2026-09-07T17:29:11Z
sy.usembassy.gov,Department of State,,true,false,5233,3375,2026-09-07T09:39:35.517Z,2026-09-07T17:29:11Z
tts.gsa.gov,General Services Administration,,true,false,5209,3872,2026-09-07T07:57:22.653Z,2026-09-07T17:29:11Z
ssainewyork.usajobs.gov,Office of Personnel Management,,false,false,5159,2837,2026-09-04T22:37:23.447Z,2026-09-07T17:29:11Z
dataportal.dol.gov,Department of Labor,,true,false,5143,1852,2026-09-07T10:52:58.981Z,2026-09-07T17:29:11Z
guideme.epa.gov,Environmental Protection Agency,v2.12.1,true,false,5134,1859,2026-09-07T14:08:51.940Z,2026-09-07T17:29:11Z
fpi.omb.gov,Executive Office of the President,v3.13.0,true,false,5133,2115,2026-09-07T09:37:23.290Z,2026-09-07T17:29:11Z
forestsandrangelands.gov,Department of Agriculture,v1.6.3,true,false,5123,1841,2026-09-07T13:49:41.879Z,2026-09-07T17:29:11Z
vienna.usmission.gov,Department of State,,true,false,5116,2859,2026-09-04T22:37:23.447Z,2026-09-07T17:29:11Z
hhs.usajobs.gov,Office of Personnel Management,,false,false,5103,1777,2026-09-07T04:57:12.113Z,2026-09-07T17:29:11Z
dowea-ed-aides.usajobs.gov,Office of Personnel Management,,false,false,5066,1516,2026-09-07T07:31:10.003Z,2026-09-07T17:29:11Z
mrsi.erdc.dren.mil,Department of Defense,,true,false,5060,2451,2026-09-07T12:44:06.342Z,2026-09-07T17:29:11Z
sscweb.gsfc.nasa.gov,National Aeronautics and Space Administration,v3.3.0,true,false,5059,1763,2026-09-07T00:33:34.316Z,2026-09-07T17:29:11Z
lew.epa.gov,Environmental Protection Agency,,true,false,5052,4410,2026-09-07T14:14:35.282Z,2026-09-07T17:29:11Z
nccrexplorer.ccdi.cancer.gov,Department of Health and Human Services,,false,false,5051,1396,2026-09-04T22:37:23.447Z,2026-09-07T17:29:11Z
savingsbondwizard.gov,Department of the Treasury,,false,false,5041,3528,2026-09-04T22:37:23.447Z,2026-09-07T17:29:11Z
lu.usembassy.gov,Department of State,,true,false,5023,3188,2026-09-07T05:02:25.995Z,2026-09-07T17:29:11Z
nato.usmission.gov,Department of State,,true,false,5020,4157,2026-09-07T05:39:07.223Z,2026-09-07T17:29:11Z
cf.usembassy.gov,Department of State,,true,false,4990,3165,2026-09-07T10:56:50.574Z,2026-09-07T17:29:11Z
weather.llnl.gov,Department of Energy,v3.13.0,false,true,4973,3824,2026-09-07T06:23:40.268Z,2026-09-07T17:29:11Z
usaarl.health.mil,Department of Defense,,true,false,4940,2661,2026-09-07T09:21:26.065Z,2026-09-07T17:29:11Z
neutrinos.llnl.gov,Department of Energy,,true,false,4938,1046,2026-09-07T07:28:06.684Z,2026-09-07T17:29:11Z
unity.americorps.gov,Corporation for National and Community Service,,true,false,4929,2144,2026-09-07T04:26:15.964Z,2026-09-07T17:29:11Z
dpc.cms.gov,Department of Health and Human Services,v3.13.0,true,false,4899,503,2026-09-07T07:57:57.578Z,2026-09-07T17:29:11Z
ncrar.research.va.gov,Department of Veterans Affairs,,true,false,4888,2588,2026-09-07T13:03:32.433Z,2026-09-07T17:29:11Z
federalinvestments.gov,Department of the Treasury,,false,false,4888,3901,2026-09-07T12:56:17.293Z,2026-09-07T17:29:11Z
opportunity.census.gov,Department of Commerce,,true,false,4876,1282,2026-09-07T02:41:01.558Z,2026-09-07T17:29:11Z
wapa.usajobs.gov,Office of Personnel Management,,false,false,4854,2261,2026-09-07T08:29:08.668Z,2026-09-07T17:29:11Z
arcr.niaaa.nih.gov,Department of Health and Human Services,,true,false,4810,3796,2026-09-07T06:12:50.294Z,2026-09-07T17:29:11Z
choctaw.nsopw.gov,Department of Justice,v3.12.0,true,false,4799,1062,2026-09-07T05:05:52.056Z,2026-09-07T17:29:11Z
astronautappearances.nasa.gov,National Aeronautics and Space Administration,v2.14.0,true,false,4771,3755,2026-09-04T22:37:23.447Z,2026-09-07T17:29:11Z
td.usembassy.gov,Department of State,,true,false,4766,2994,2026-09-07T10:49:40.461Z,2026-09-07T17:29:11Z
uscybercommand.usajobs.gov,Office of Personnel Management,,false,false,4758,2387,2026-09-07T06:17:35.451Z,2026-09-07T17:29:11Z
tm-eog.uspto.gov,Department of Commerce,,false,false,4754,3224,2026-09-07T06:40:56.541Z,2026-09-07T17:29:11Z
pstrainingtracker.fns.usda.gov,Department of Agriculture,,true,false,4750,2875,2026-09-07T14:42:42.123Z,2026-09-07T17:29:11Z
eallegations.cbp.gov,Department of Homeland Security,v2.8.0,false,false,4740,2875,2026-09-07T12:15:49.874Z,2026-09-07T17:29:11Z
opm.usajobs.gov,Office of Personnel Management,,false,false,4731,1619,2026-09-07T07:52:54.049Z,2026-09-07T17:29:11Z
slgs.gov,Department of the Treasury,,false,false,4700,2926,2026-09-04T22:37:23.447Z,2026-09-07T17:29:11Z
ga.usembassy.gov,Department of State,,true,false,4689,3171,2026-09-07T04:45:44.509Z,2026-09-07T17:29:11Z
sciencecouncil.noaa.gov,Department of Commerce,v3.3.0,true,false,4688,2686,2026-09-07T13:39:48.524Z,2026-09-07T17:29:11Z
esdresearch.nasa.gov,National Aeronautics and Space Administration,,true,false,4687,1332,2026-09-07T14:24:24.454Z,2026-09-07T17:29:11Z
refermyappraisalcomplaint.asc.gov,Appraisal Subcommittee of the Federal Financial Institutions Examination Council,,false,false,4683,852,2026-09-04T22:37:23.447Z,2026-09-07T17:29:11Z
tools-origin.cdc.gov,Department of Health and Human Services,,false,false,4675,9,2026-09-07T05:07:08.597Z,2026-09-07T17:29:11Z
sd.usembassy.gov,Department of State,,true,false,4649,3015,2026-09-04T22:37:23.447Z,2026-09-07T17:29:11Z
doj.usajobs.gov,Office of Personnel Management,,false,false,4638,2286,2026-09-07T02:16:43.799Z,2026-09-07T17:29:11Z
t-origin.cdc.gov,Department of Health and Human Services,,false,false,4617,9,2026-09-04T22:37:23.447Z,2026-09-07T17:29:11Z
nan.nicic.gov,Department of Justice,,true,false,4560,297,2026-09-04T22:37:23.447Z,2026-09-07T17:29:11Z
maps.usgs.gov,Department of the Interior,,true,false,4553,3611,2026-09-07T14:40:55.128Z,2026-09-07T17:29:11Z
gis.cancer.gov,Department of Health and Human Services,,false,false,4519,2632,2026-09-07T03:54:27.162Z,2026-09-07T17:29:11Z
cams.llnl.gov,Department of Energy,,true,false,4509,1130,2026-09-07T04:38:33.996Z,2026-09-07T17:29:11Z
dfc.usajobs.gov,Office of Personnel Management,,false,false,4474,2121,2026-09-07T04:51:38.297Z,2026-09-07T17:29:11Z
nccrdataplatform.ccdi.cancer.gov,Department of Health and Human Services,,true,false,4450,3509,2026-09-07T04:26:56.432Z,2026-09-07T17:29:11Z
ly.usembassy.gov,Department of State,,true,false,4435,2938,2026-09-04T22:37:23.447Z,2026-09-07T17:29:11Z
annualreport.nichd.nih.gov,Department of Health and Human Services,v3.8.1,true,false,4421,4241,2026-09-04T22:37:23.447Z,2026-09-07T17:29:11Z
incidenthistory.noaa.gov,Department of Commerce,v2.12.0,true,false,4411,2955,2026-09-04T22:37:23.447Z,2026-09-07T17:29:11Z
mr.usembassy.gov,Department of State,,true,false,4400,2617,2026-09-04T22:37:23.447Z,2026-09-07T17:29:11Z
mv.usembassy.gov,Department of State,,true,false,4363,3334,2026-09-07T08:47:39.303Z,2026-09-07T17:29:11Z
aptcenter.research.va.gov,Department of Veterans Affairs,,true,false,4348,1986,2026-09-04T22:37:23.447Z,2026-09-07T17:29:11Z
bn.usembassy.gov,Department of State,,true,false,4302,2825,2026-09-07T03:27:55.743Z,2026-09-07T17:29:11Z
hpc4energyinnovation.llnl.gov,Department of Energy,,true,false,4301,2277,2026-09-07T07:26:09.282Z,2026-09-07T17:29:11Z
quantum.llnl.gov,Department of Energy,,true,false,4267,1693,2026-09-07T06:53:12.366Z,2026-09-07T17:29:11Z
enviroinfo.llnl.gov,Department of Energy,,true,false,4253,356,2026-09-07T05:24:40.457Z,2026-09-07T17:29:11Z
indexcat.nlm.nih.gov,Department of Health and Human Services,,false,false,4248,1595,2026-09-07T01:41:00.194Z,2026-09-07T17:29:11Z
techfarhub.usds.gov,General Services Administration,,true,false,4238,3223,2026-09-07T05:17:33.516Z,2026-09-07T17:29:11Z
vacsp.research.va.gov,Department of Veterans Affairs,,true,false,4229,2463,2026-09-07T07:14:15.358Z,2026-09-07T17:29:11Z
by.usembassy.gov,Department of State,,true,false,4209,2684,2026-09-07T06:18:08.691Z,2026-09-07T17:29:11Z
crapes.fdic.gov,Federal Deposit Insurance Corporation,v2.6.0,true,false,4198,2514,2026-09-07T04:10:02.754Z,2026-09-07T17:29:11Z
chronicdata.cdc.gov,Department of Health and Human Services,,true,false,4183,2190,2026-09-07T08:30:30.717Z,2026-09-07T17:29:11Z
tmbci.nsopw.gov,Department of Justice,v3.12.0,true,false,4136,796,2026-09-04T22:37:23.447Z,2026-09-07T17:29:11Z
www.osc.gov,Office of Special Counsel,,true,false,4135,728,2026-09-07T10:23:22.479Z,2026-09-07T17:29:11Z
tonation.nsopw.gov,Department of Justice,v3.12.0,true,false,4131,583,2026-09-07T08:43:45.219Z,2026-09-07T17:29:11Z
cic.gsa.gov,General Services Administration,,true,false,4116,2695,2026-09-07T06:00:52.061Z,2026-09-07T17:29:11Z
daac.gsfc.nasa.gov,National Aeronautics and Space Administration,,false,false,4108,2526,2026-09-07T09:27:12.971Z,2026-09-07T17:29:11Z
osce.usmission.gov,Department of State,,true,false,4099,3372,2026-09-07T06:20:18.299Z,2026-09-07T17:29:11Z
primis-stage.phmsa.dot.gov,Department of Transportation,v3.13.0,true,false,4070,4063,2026-09-07T10:36:58.983Z,2026-09-07T17:29:11Z
community.hrsa.gov,Department of Health and Human Services,v3.12.0,false,false,4069,1610,2026-09-07T05:13:56.613Z,2026-09-07T17:29:11Z
usau.usmission.gov,Department of State,,true,false,4034,3114,2026-09-07T11:17:54.944Z,2026-09-07T17:29:11Z
fedpayvendor.gsa.gov,General Services Administration,v3.10.0,true,false,4022,1607,2026-09-07T02:50:32.046Z,2026-09-07T17:29:11Z
usaisr.health.mil,Department of Defense,,true,false,4008,2072,2026-09-07T08:04:52.181Z,2026-09-07T17:29:11Z
genomics.llnl.gov,Department of Energy,,true,false,3998,977,2026-09-07T07:20:45.112Z,2026-09-07T17:29:11Z
whbstewardship.blm.gov,Department of the Interior,,true,false,3915,3561,2026-09-07T02:49:16.444Z,2026-09-07T17:29:11Z
nara.usajobs.gov,Office of Personnel Management,,false,false,3909,1876,2026-09-07T14:42:41.943Z,2026-09-07T17:29:11Z
bmdsonline.epa.gov,Environmental Protection Agency,,true,false,3870,1570,2026-09-07T11:36:28.311Z,2026-09-07T17:29:11Z
spotlight.llnl.gov,Department of Energy,,true,false,3865,512,2026-09-07T06:10:37.384Z,2026-09-07T17:29:11Z
ccdi.cancer.gov,Department of Health and Human Services,,false,false,3849,1569,2026-09-07T10:20:03.845Z,2026-09-07T17:29:11Z
oes.gsa.gov,General Services Administration,,true,false,3841,2048,2026-09-07T05:49:36.351Z,2026-09-07T17:29:11Z
computerscience.usajobs.gov,Office of Personnel Management,,false,false,3806,979,2026-09-07T13:46:37.727Z,2026-09-07T17:29:11Z
usunrome.usmission.gov,Department of State,,true,false,3799,2998,2026-09-07T11:20:43.136Z,2026-09-07T17:29:11Z
facjj.ojp.gov,Department of Justice,.,true,false,3791,370,2026-09-04T22:37:23.447Z,2026-09-07T17:29:11Z
wbc.llnl.gov,Department of Energy,,true,false,3787,84,2026-09-07T06:17:45.583Z,2026-09-07T17:29:11Z
sites.wip.nlm.nih.gov,Department of Health and Human Services,,true,false,3772,3537,2026-09-07T11:25:20.978Z,2026-09-07T17:29:11Z
responder.llnl.gov,Department of Energy,,true,false,3759,423,2026-09-07T06:01:38.544Z,2026-09-07T17:29:11Z
www.treasurydirect.gov,Department of the Treasury,,false,false,3755,1093,2026-09-07T13:29:46.122Z,2026-09-07T17:29:11Z
stroke.cindrr.research.va.gov,Department of Veterans Affairs,,true,false,3749,1795,2026-09-04T22:37:23.447Z,2026-09-07T17:29:11Z
mobile.reginfo.gov,General Services Administration,,true,false,3741,1172,2026-09-07T12:51:23.030Z,2026-09-07T17:29:11Z
learningconnection.opm.gov,Office of Personnel Management,,true,false,3720,2934,2026-09-07T02:04:44.981Z,2026-09-07T17:29:11Z
bondpro.gov,Department of the Treasury,,false,false,3720,2565,2026-09-07T13:33:22.512Z,2026-09-07T17:29:11Z
ethics.va.gov,Department of Veterans Affairs,,true,false,3703,2171,2026-09-07T08:39:23.266Z,2026-09-07T17:29:11Z
foia.army.mil,Department of Defense,v3.13.0,true,false,3675,1552,2026-09-07T11:35:41.448Z,2026-09-07T17:29:11Z
civil.usajobs.gov,Office of Personnel Management,,false,false,3663,1717,2026-09-07T07:29:49.487Z,2026-09-07T17:29:11Z
ls.usembassy.gov,Department of State,,true,false,3661,2835,2026-09-07T11:20:26.105Z,2026-09-07T17:29:11Z
innovationcrossroads.ornl.gov,Department of Energy,,false,false,3659,2715,2026-09-07T02:06:25.421Z,2026-09-07T17:29:11Z
cnmi.nsopw.gov,Department of Justice,v3.12.0,true,false,3658,439,2026-09-07T14:42:02.477Z,2026-09-07T17:29:11Z
useu.usmission.gov,Department of State,,true,false,3640,2402,2026-09-07T05:50:36.027Z,2026-09-07T17:29:11Z
api.fdic.gov,General Services Administration,,true,false,3638,3285,2026-09-07T12:46:53.642Z,2026-09-07T17:29:11Z
bout.llnl.gov,Department of Energy,,true,false,3635,473,2026-09-07T04:31:27.738Z,2026-09-07T17:29:11Z
hwt.nssl.noaa.gov,Department of Commerce,v3.10.0,true,false,3608,1890,2026-09-07T01:54:56.841Z,2026-09-07T17:29:11Z
timp-ccid.fda.gov,Department of Health and Human Services,v3.8.0,true,false,3607,3074,2026-09-07T02:50:06.655Z,2026-09-07T17:29:11Z
fm.usembassy.gov,Department of State,,true,false,3589,2600,2026-09-07T11:10:22.386Z,2026-09-07T17:29:11Z
usariem.health.mil,Department of Defense,,true,false,3586,1905,2026-09-07T09:22:00.274Z,2026-09-07T17:29:11Z
bcda.cms.gov,Department of Health and Human Services,v3.13.0,true,false,3582,1626,2026-09-07T01:33:47.486Z,2026-09-07T17:29:11Z
rconnect.usgs.gov,Department of the Interior,,false,false,3563,3210,2026-09-07T04:17:29.584Z,2026-09-07T17:29:11Z
srst.nsopw.gov,Department of Justice,v3.12.0,true,false,3549,473,2026-09-07T00:38:21.013Z,2026-09-07T17:29:11Z
techbull.nlm.nih.gov,Department of Health and Human Services,,true,false,3547,1566,2026-09-07T12:06:35.418Z,2026-09-07T17:29:11Z
navair.usajobs.gov,Office of Personnel Management,,false,false,3532,1007,2026-09-07T07:55:10.602Z,2026-09-07T17:29:11Z
er.usembassy.gov,Department of State,,true,false,3529,1837,2026-09-07T04:41:59.218Z,2026-09-07T17:29:11Z
americansamoa.nsopw.gov,Department of Justice,v3.12.0,true,false,3529,394,2026-09-07T14:30:51.697Z,2026-09-07T17:29:11Z
learcat.bjs.ojp.gov,Department of Justice,,true,false,3525,705,2026-09-07T01:33:32.625Z,2026-09-07T17:29:11Z
blm.usajobs.gov,Office of Personnel Management,,false,false,3517,1688,2026-09-07T04:45:48.916Z,2026-09-07T17:29:11Z
taaps.gov,Department of the Treasury,,false,false,3515,3230,2026-09-04T22:37:23.447Z,2026-09-07T17:29:11Z
mh.usembassy.gov,Department of State,,true,false,3507,2525,2026-09-04T22:37:23.447Z,2026-09-07T17:29:11Z
strategy.data.gov,General Services Administration,v3.1.0,true,false,3504,1864,2026-09-04T22:37:23.447Z,2026-09-07T17:29:11Z
farmtoschoolcensus.fns.usda.gov,Department of Agriculture,2.11.1,true,false,3492,3013,2026-09-07T09:32:19.824Z,2026-09-07T17:29:11Z
economist.usajobs.gov,Office of Personnel Management,,false,false,3491,1535,2026-09-07T02:16:46.406Z,2026-09-07T17:29:11Z
pia.army.mil,Department of Defense,v3.13.0,true,false,3463,1855,2026-09-07T06:20:29.897Z,2026-09-07T17:29:11Z
www.blm.gov,Department of the Interior,,true,false,3454,2445,2026-09-07T10:56:14.493Z,2026-09-07T17:29:11Z
crg.health.mil,Department of Defense,,true,false,3435,2511,2026-09-07T03:47:02.312Z,2026-09-07T17:29:11Z
espanol.mycreditunion.gov,National Credit Union Administration,,true,false,3434,1471,2026-09-07T06:55:02.323Z,2026-09-07T17:29:11Z
mc-review-val.onemac.cms.gov,Department of Health and Human Services,,true,false,3428,361,2026-09-07T02:45:21.119Z,2026-09-07T17:29:11Z
physics.usajobs.gov,Office of Personnel Management,,false,false,3427,770,2026-09-07T14:28:37.923Z,2026-09-07T17:29:11Z
usoecd.usmission.gov,Department of State,,true,false,3418,1417,2026-09-07T06:44:05.124Z,2026-09-07T17:29:11Z
va.usembassy.gov,Department of State,,true,false,3416,2286,2026-09-04T22:37:23.447Z,2026-09-07T17:29:11Z
collections-us-east-1.awsprod.nlm.nih.gov,Department of Health and Human Services,,false,false,3377,2529,2026-09-07T07:45:52.103Z,2026-09-07T17:29:11Z
treasurydirect.services.treasury.gov,Department of the Treasury,,false,false,3371,3182,2026-09-04T22:37:23.447Z,2026-09-07T17:29:11Z
bioams.llnl.gov,Department of Energy,,true,false,3356,377,2026-09-07T06:16:56.342Z,2026-09-07T17:29:11Z
finddoxypep.cdc.gov,Department of Health and Human Services,,true,false,3330,1476,2026-09-07T07:32:29.636Z,2026-09-07T17:29:11Z
choir.research.va.gov,Department of Veterans Affairs,,true,false,3316,1689,2026-09-07T10:16:02.039Z,2026-09-07T17:29:11Z
tasc.llnl.gov,Department of Energy,,true,false,3315,148,2026-09-04T22:37:23.447Z,2026-09-07T17:29:11Z
ccrisktool.cancer.gov,Department of Health and Human Services,,true,false,3311,1946,2026-09-07T07:34:06.462Z,2026-09-07T17:29:11Z
erulings.cbp.gov,Department of Homeland Security,,false,false,3233,3063,2026-09-07T12:16:44.410Z,2026-09-07T17:29:11Z
nari.arc.nasa.gov,National Aeronautics and Space Administration,,false,false,3221,1682,2026-09-04T22:37:23.447Z,2026-09-07T17:29:11Z
chtn.cancer.gov,Department of Health and Human Services,,true,false,3220,1486,2026-09-07T10:15:39.166Z,2026-09-07T17:29:11Z
statspolicy.gov,General Services Administration,,true,false,3186,1985,2026-09-07T13:10:59.461Z,2026-09-07T17:29:11Z
collections.awsprod.nlm.nih.gov,Department of Health and Human Services,,false,false,3167,2079,2026-09-04T22:37:23.447Z,2026-09-07T17:29:11Z
juvenilecouncil.ojp.gov,Department of Justice,.,true,false,3111,700,2026-09-07T13:35:10.923Z,2026-09-07T17:29:11Z
arscareers.usajobs.gov,Office of Personnel Management,,false,false,3107,1519,2026-09-07T14:46:32.257Z,2026-09-07T17:29:11Z
mechanical.usajobs.gov,Office of Personnel Management,,false,false,3101,1214,2026-09-07T05:09:31.264Z,2026-09-07T17:29:11Z
dus.llnl.gov,Department of Energy,,true,false,3084,1791,2026-09-07T13:32:30.022Z,2026-09-07T17:29:11Z
qsg.llnl.gov,Department of Energy,,true,false,3076,2041,2026-09-07T12:15:06.991Z,2026-09-07T17:29:11Z
othercyber.usajobs.gov,Office of Personnel Management,,false,false,3071,1025,2026-09-07T03:21:45.874Z,2026-09-07T17:29:11Z
lspcountdown.ndc.nasa.gov,National Aeronautics and Space Administration,,false,false,3065,2525,2026-09-07T11:49:45.872Z,2026-09-07T17:29:11Z
marshallislands.llnl.gov,Department of Energy,,true,false,3059,1595,2026-09-07T05:39:59.141Z,2026-09-07T17:29:11Z
blastinjuryresearch.health.mil,Department of Defense,,true,false,3036,1592,2026-09-07T09:07:41.719Z,2026-09-07T17:29:11Z
cherp.research.va.gov,Department of Veterans Affairs,,true,false,3031,1291,2026-09-07T12:16:17.635Z,2026-09-07T17:29:11Z
permitsearch.epa.gov,Environmental Protection Agency,,true,false,3027,1068,2026-09-07T14:21:46.441Z,2026-09-07T17:29:11Z
fungi.ars.usda.gov,Department of Agriculture,,true,false,3024,3128,2026-09-07T09:52:42.216Z,2026-09-07T17:29:11Z
daymet.ornl.gov,Department of Energy,,true,false,3023,1486,2026-09-07T02:09:11.781Z,2026-09-07T17:29:11Z
cleanairnortheast.epa.gov,Environmental Protection Agency,v3.0.1,true,false,3003,505,2026-09-07T13:58:31.142Z,2026-09-07T17:29:11Z
mathematics.usajobs.gov,Office of Personnel Management,,false,false,2990,1162,2026-09-07T07:44:54.902Z,2026-09-07T17:29:11Z
eonet.gsfc.nasa.gov,National Aeronautics and Space Administration,v3.12.0,true,false,2933,2033,2026-09-07T10:37:42.322Z,2026-09-07T17:29:11Z
cdc.usajobs.gov,Office of Personnel Management,,false,false,2929,1283,2026-09-07T04:49:27.140Z,2026-09-07T17:29:11Z
dir.nichd.nih.gov,Department of Health and Human Services,v2.10.2,true,false,2928,553,2026-09-07T08:16:35.644Z,2026-09-07T17:29:11Z
sab.epa.gov,Environmental Protection Agency,,true,false,2899,613,2026-09-07T14:14:01.685Z,2026-09-07T17:29:11Z
ammos.nasa.gov,National Aeronautics and Space Administration,v2.13.3,true,false,2863,1617,2026-09-04T22:37:23.447Z,2026-09-07T17:29:11Z
virec.research.va.gov,Department of Veterans Affairs,,false,false,2855,2034,2026-09-07T10:17:12.268Z,2026-09-07T17:29:11Z
ctss.nih.gov,Department of Health and Human Services,v2.11.2,true,false,2839,2084,2026-09-07T15:01:13.172Z,2026-09-07T17:29:11Z
cisnet.cancer.gov,Department of Health and Human Services,,true,false,2829,1941,2026-09-07T10:33:10.129Z,2026-09-07T17:29:11Z
www.niddk.nih.gov,Department of Health and Human Services,,true,false,2822,982,2026-09-07T12:35:05.736Z,2026-09-07T17:29:11Z
n3c.ncats.nih.gov,Department of Health and Human Services,,false,false,2803,2598,2026-09-07T06:51:27.470Z,2026-09-07T17:29:11Z
seattledenvercoin.research.va.gov,Department of Veterans Affairs,,true,false,2801,811,2026-09-04T22:37:23.447Z,2026-09-07T17:29:11Z
ssaidenver.usajobs.gov,Office of Personnel Management,,false,false,2778,1466,2026-09-07T05:57:21.218Z,2026-09-07T17:29:11Z
ssis.nist.gov,Department of Commerce,,true,false,2762,704,2026-09-07T00:26:23.658Z,2026-09-07T17:29:11Z
data.hrsa.gov,Department of Health and Human Services,v3.13.0,true,false,2754,1709,2026-09-07T13:59:13.894Z,2026-09-07T17:29:11Z
www.bush41library.gov,National Archives and Records Administration,,true,false,2751,2312,2026-09-07T11:38:39.219Z,2026-09-07T17:29:11Z
sci.va.gov,Department of Veterans Affairs,,true,false,2748,1733,2026-09-07T06:59:54.086Z,2026-09-07T17:29:11Z
ssaiseattle.usajobs.gov,Office of Personnel Management,,false,false,2747,1517,2026-09-07T06:01:31.424Z,2026-09-07T17:29:11Z
mmr.osmre.gov,Department of the Interior,v3.10.0,true,false,2741,1683,2026-09-07T04:20:03.916Z,2026-09-07T17:29:11Z
cra.fdic.gov,Federal Deposit Insurance Corporation,v2.6.0,true,false,2733,1102,2026-09-07T02:50:17.339Z,2026-09-07T17:29:11Z
www.mymoney.gov,Department of the Treasury,,true,false,2721,1118,2026-09-07T04:15:15.702Z,2026-09-07T17:29:11Z
library.llnl.gov,Department of Energy,,true,false,2717,1627,2026-09-07T05:36:12.928Z,2026-09-07T17:29:11Z
camera.od.nih.gov,Department of Health and Human Services,,true,false,2704,1019,2026-09-07T05:58:52.458Z,2026-09-07T17:29:11Z
crcca.archives.gov,National Archives and Records Administration,,true,false,2698,1261,2026-09-07T07:18:02.749Z,2026-09-07T17:29:11Z
acreditor.section508.gov,General Services Administration,,true,false,2680,1329,2026-09-07T09:14:12.145Z,2026-09-07T17:29:11Z
cssbmb.gov,U.S. Commission on Civil Rights,,true,false,2678,1195,2026-09-04T22:37:23.447Z,2026-09-07T17:29:11Z
time.gov,Department of Commerce,,false,false,2676,2695,2026-09-07T14:08:18.904Z,2026-09-07T17:29:11Z
jlf.llnl.gov,Department of Energy,,true,false,2676,1485,2026-09-07T12:17:32.128Z,2026-09-07T17:29:11Z
csl.llnl.gov,Department of Energy,,true,false,2658,613,2026-09-04T22:37:23.447Z,2026-09-07T17:29:11Z
www.bia.gov,Department of the Interior,,true,false,2643,539,2026-09-07T14:53:47.097Z,2026-09-07T17:29:11Z
healthphysics.usajobs.gov,Office of Personnel Management,,false,false,2586,2078,2026-09-07T07:30:07.687Z,2026-09-07T17:29:11Z
aghealth.nih.gov,Department of Health and Human Services,,false,false,2558,1080,2026-09-07T09:19:40.609Z,2026-09-07T17:29:11Z
scribenet.response.epa.gov,Environmental Protection Agency,,true,false,2556,134,2026-09-07T14:20:13.315Z,2026-09-07T17:29:11Z
tscportal.fas.gsa.gov,General Services Administration,,true,false,2552,883,2026-09-07T12:49:26.315Z,2026-09-07T17:29:11Z
clearinghouse.marinedebris.noaa.gov,Department of Commerce,,true,false,2533,1220,2026-09-07T01:05:02.171Z,2026-09-07T17:29:11Z
gric.nsopw.gov,Department of Justice,v3.12.0,true,false,2521,423,2026-09-07T13:42:56.257Z,2026-09-07T17:29:11Z
downsyndrome.nih.gov,Department of Health and Human Services,,true,false,2496,1630,2026-09-07T05:45:54.404Z,2026-09-07T17:29:11Z
www.msha.gov,Department of Labor,,true,false,2495,1277,2026-09-07T04:48:38.147Z,2026-09-07T17:29:11Z
usoas.usmission.gov,Department of State,,true,false,2484,1989,2026-09-07T06:43:47.381Z,2026-09-07T17:29:11Z
conexus.gsa.gov,General Services Administration,,true,false,2469,2095,2026-09-07T06:07:50.300Z,2026-09-07T17:29:11Z
forensicscience.llnl.gov,Department of Energy,,true,false,2458,728,2026-09-07T05:21:05.389Z,2026-09-07T17:29:11Z
doe417.pnnl.gov,Department of Energy,v3.12.0,true,false,2458,1707,2026-09-07T12:29:59.784Z,2026-09-07T17:29:11Z
annarbor.hsrd.research.va.gov,Department of Veterans Affairs,,true,false,2450,1247,2026-09-04T22:37:23.447Z,2026-09-07T17:29:11Z
rosebud.nsopw.gov,Department of Justice,v3.12.0,true,false,2438,336,2026-09-07T00:31:46.734Z,2026-09-07T17:29:11Z
spokanetribe.nsopw.gov,Department of Justice,v3.12.0,true,false,2435,562,2026-09-07T13:04:44.763Z,2026-09-07T17:29:11Z
navfac.usajobs.gov,Office of Personnel Management,,false,false,2417,902,2026-09-07T14:16:14.348Z,2026-09-07T17:29:11Z
cbioportal.ccdi.cancer.gov,Department of Health and Human Services,,false,false,2415,444,2026-09-07T07:44:13.027Z,2026-09-07T17:29:11Z
ptfcehs.niehs.nih.gov,Department of Health and Human Services,,true,false,2391,1376,2026-09-07T05:52:58.654Z,2026-09-07T17:29:11Z
wisqars-viz.cdc.gov,Department of Health and Human Services,,false,false,2367,86,2026-09-07T09:34:44.701Z,2026-09-07T17:29:11Z
crossfunctional.usajobs.gov,Office of Personnel Management,,false,false,2367,965,2026-09-07T02:15:17.226Z,2026-09-07T17:29:11Z
spotlight.nlm.nih.gov,Department of Health and Human Services,,false,false,2335,315,2026-09-07T10:08:00.186Z,2026-09-07T17:29:11Z
www.pbgc.gov,Pension Benefit Guaranty Corporation,,true,false,2322,818,2026-09-07T12:59:34.132Z,2026-09-07T17:29:11Z
mvpiccs-viz.cdc.gov,Department of Health and Human Services,,false,false,2315,16,2026-09-07T04:16:44.519Z,2026-09-07T17:29:11Z
api.childwelfare.gov,Department of Health and Human Services,,true,false,2309,2028,2026-09-07T09:35:43.783Z,2026-09-07T17:29:11Z
nareeeab.ree.usda.gov,Department of Agriculture,,true,false,2307,1696,2026-09-04T22:37:23.447Z,2026-09-07T17:29:11Z
prescancerpanel.cancer.gov,Department of Health and Human Services,,true,false,2298,1611,2026-09-07T02:20:05.044Z,2026-09-07T17:29:11Z
darpacareers.usajobs.gov,Office of Personnel Management,,false,false,2296,1230,2026-09-07T04:47:20.061Z,2026-09-07T17:29:11Z
designsystem.cancer.gov,Department of Health and Human Services,,true,false,2278,1406,2026-09-07T05:47:45.940Z,2026-09-07T17:29:11Z
seaborg.llnl.gov,Department of Energy,,true,false,2276,729,2026-09-07T06:08:54.862Z,2026-09-07T17:29:11Z
dementia.cindrr.research.va.gov,Department of Veterans Affairs,,true,false,2275,1310,2026-09-07T09:51:11.945Z,2026-09-07T17:29:11Z
405d.hhs.gov,Department of Health and Human Services,,true,false,2273,662,2026-09-07T11:58:37.437Z,2026-09-07T17:29:11Z
procurement.llnl.gov,Department of Energy,,true,false,2267,1556,2026-09-07T13:16:46.766Z,2026-09-07T17:29:11Z
laboremploymenttraining.ornl.gov,Department of Energy,,false,false,2267,1205,2026-09-07T02:19:37.244Z,2026-09-07T17:29:11Z
kaw.nsopw.gov,Department of Justice,v3.12.0,true,false,2252,274,2026-09-07T05:08:35.820Z,2026-09-07T17:29:11Z
details.usajobs.gov,Office of Personnel Management,,false,false,2242,941,2026-09-07T04:46:02.396Z,2026-09-07T17:29:11Z
www.schoolsafety.gov,Department of Homeland Security,,true,false,2228,474,2026-09-07T01:40:08.804Z,2026-09-07T17:29:11Z
dowea-subs.usajobs.gov,Office of Personnel Management,,false,false,2222,734,2026-09-07T04:52:42.001Z,2026-09-07T17:29:11Z
pascuayaqui.nsopw.gov,Department of Justice,v3.12.0,true,false,2218,334,2026-09-07T04:08:58.337Z,2026-09-07T17:29:11Z
mrisktool.cancer.gov,Department of Health and Human Services,,true,false,2208,1319,2026-09-07T08:20:03.171Z,2026-09-07T17:29:11Z
yakama.nsopw.gov,Department of Justice,v3.12.0,true,false,2193,237,2026-09-07T00:43:16.743Z,2026-09-07T17:29:11Z
miccosukeetribe.nsopw.gov,Department of Justice,v3.12.0,true,false,2179,263,2026-09-07T00:34:52.672Z,2026-09-07T17:29:11Z
srpmic.nsopw.gov,Department of Justice,v3.12.0,true,false,2153,355,2026-09-07T12:38:58.386Z,2026-09-07T17:29:11Z
gdo-dcp.llnl.gov,Department of Energy,,false,false,2141,536,2026-09-07T12:18:12.675Z,2026-09-07T17:29:11Z
idcft.bls.gov,Department of Labor,v2.4.0,false,false,2137,410,2026-09-07T02:26:09.947Z,2026-09-07T17:29:11Z
www.epa.gov,Environmental Protection Agency,,true,false,2136,1121,2026-09-07T14:32:04.531Z,2026-09-07T17:29:11Z
www.cftc.gov,Commodity Futures Trading Commission,,false,true,2107,767,2026-09-07T05:53:38.176Z,2026-09-07T17:29:11Z
wisqars.glb.cdc.gov,Department of Health and Human Services,,false,false,2106,39,2026-09-07T07:25:09.276Z,2026-09-07T17:29:11Z
ce.permitting.innovation.gov,General Services Administration,,true,false,2095,1354,2026-09-07T09:27:48.160Z,2026-09-07T17:29:11Z
blackfeet.nsopw.gov,Department of Justice,v3.12.0,true,false,2080,314,2026-09-07T13:00:17.476Z,2026-09-07T17:29:11Z
physicalscience.usajobs.gov,Office of Personnel Management,,false,false,2077,1173,2026-09-07T07:57:49.040Z,2026-09-07T17:29:11Z
hud.usajobs.gov,Office of Personnel Management,,false,false,2074,969,2026-09-07T05:01:06.050Z,2026-09-07T17:29:11Z
cheyenneriver.nsopw.gov,Department of Justice,v3.12.0,true,false,2063,255,2026-09-07T05:07:34.829Z,2026-09-07T17:29:11Z
obamalibrary.archives.gov,National Archives and Records Administration,,false,false,2055,738,2026-09-07T01:21:43.834Z,2026-09-07T17:29:11Z
jamrs.war.gov,Department of Defense,,false,false,2046,1221,2026-09-04T22:37:23.447Z,2026-09-07T17:29:11Z
beta.ncbi.nlm.nih.gov,Department of Health and Human Services,,true,false,2044,1678,2026-09-07T14:52:57.877Z,2026-09-07T17:29:11Z
appointment.treasury.gov,Department of the Treasury,,true,false,2043,1705,2026-09-07T02:12:02.098Z,2026-09-07T17:29:11Z
mhanation.nsopw.gov,Department of Justice,v3.12.0,true,false,2036,331,2026-09-07T00:33:28.532Z,2026-09-07T17:29:11Z
cloud.nih.gov,Department of Health and Human Services,v2.14.0,true,false,2031,1453,2026-09-07T07:38:09.865Z,2026-09-07T17:29:11Z
fim.noaa.gov,Department of Commerce,,false,false,2020,1023,2026-09-07T01:38:49.268Z,2026-09-07T17:29:11Z
lift.llnl.gov,Department of Energy,,true,false,2018,1294,2026-09-07T13:23:44.989Z,2026-09-07T17:29:11Z
nlrbcareers.usajobs.gov,Office of Personnel Management,,false,false,2013,983,2026-09-07T07:54:02.186Z,2026-09-07T17:29:11Z
training.bls.gov,Department of Labor,v2.4.0,false,false,2009,468,2026-09-04T22:37:23.447Z,2026-09-07T17:29:11Z
usda-fsa.usajobs.gov,Office of Personnel Management,,false,false,2008,755,2026-09-07T08:14:36.676Z,2026-09-07T17:29:11Z
fedpay.gsa.gov,General Services Administration,v2.3.1,true,false,2003,1319,2026-09-07T05:15:07.932Z,2026-09-07T17:29:11Z
labs.waterdata.usgs.gov,Department of the Interior,,true,false,2003,1770,2026-09-04T22:37:23.447Z,2026-09-07T17:29:11Z
famauth-qa.wildfire.gov,Department of Agriculture,,true,false,2002,1312,2026-09-07T01:00:38.021Z,2026-09-07T17:29:11Z
nwis.waterservices.usgs.gov,Department of the Interior,,true,false,1996,223,2026-09-07T14:44:14.400Z,2026-09-07T17:29:11Z
cmor.llnl.gov,Department of Energy,v2.14.0,true,false,1979,459,2026-09-07T12:17:15.781Z,2026-09-07T17:29:11Z
armychildcarejobs.usajobs.gov,Office of Personnel Management,,false,false,1978,727,2026-09-07T04:45:31.823Z,2026-09-07T17:29:11Z
permitting.innovation.gov,General Services Administration,v3.13.0,true,false,1971,1380,2026-09-07T13:54:32.168Z,2026-09-07T17:29:11Z
mping.nssl.noaa.gov,Department of Commerce,v3.10.0,true,false,1957,1482,2026-09-07T01:58:16.264Z,2026-09-07T17:29:11Z
ssaiboston.usajobs.gov,Office of Personnel Management,,false,false,1949,1199,2026-09-07T13:53:01.406Z,2026-09-07T17:29:11Z
riverstreamassessment.epa.gov,Environmental Protection Agency,,true,false,1947,652,2026-09-07T14:13:53.267Z,2026-09-07T17:29:11Z
data.permits.performance.gov,General Services Administration,,true,false,1942,631,2026-09-04T22:37:23.447Z,2026-09-07T17:29:11Z
nationalcancerplan.cancer.gov,Department of Health and Human Services,,true,false,1917,1337,2026-09-04T22:37:23.447Z,2026-09-07T17:29:11Z
ttlplus.gov,Department of the Treasury,,false,false,1915,1650,2026-09-07T04:20:56.105Z,2026-09-07T17:29:11Z
ferretop.pmel.noaa.gov,Department of Commerce,v3.8.2,true,false,1903,1881,2026-09-07T01:37:37.154Z,2026-09-07T17:29:11Z
extranet.osha.gov,Department of Labor,,false,false,1899,1082,2026-09-07T02:32:50.112Z,2026-09-07T17:29:11Z
oig.eac.gov,Election Assistance Commission,,true,false,1896,436,2026-09-07T10:41:15.468Z,2026-09-07T17:29:11Z
amputation.research.va.gov,Department of Veterans Affairs,,true,false,1882,734,2026-09-07T14:37:19.269Z,2026-09-07T17:29:11Z
treatments.hhs.gov,Department of Health and Human Services,v3.7.0,true,false,1870,1136,2026-09-04T22:37:23.447Z,2026-09-07T17:29:11Z
www.cape.osd.mil,Department of Defense,v3.12.0,true,false,1868,1005,2026-09-07T04:18:41.035Z,2026-09-07T17:29:11Z
idcftars.bls.gov,Department of Labor,v2.4.0,false,false,1862,873,2026-09-07T11:12:47.824Z,2026-09-07T17:29:11Z
epilepsy.va.gov,Department of Veterans Affairs,,true,false,1861,973,2026-09-07T10:14:30.797Z,2026-09-07T17:29:11Z
cdo.hhs.gov,Department of Health and Human Services,v2.7.0,true,false,1861,1116,2026-09-07T13:08:04.514Z,2026-09-07T17:29:11Z
oglala.nsopw.gov,Department of Justice,v3.12.0,true,false,1856,129,2026-09-07T05:17:22.095Z,2026-09-07T17:29:11Z
library.usgs.gov,Department of the Interior,,true,false,1855,1002,2026-09-07T14:47:44.513Z,2026-09-07T17:29:11Z
fda.usajobs.gov,Office of Personnel Management,,false,false,1854,818,2026-09-07T14:10:18.786Z,2026-09-07T17:29:11Z
durham.hsrd.research.va.gov,Department of Veterans Affairs,,true,false,1843,693,2026-09-07T14:36:02.642Z,2026-09-07T17:29:11Z
cqr.cms.gov,Department of Health and Human Services,,false,false,1823,458,2026-09-04T22:37:23.447Z,2026-09-07T17:29:11Z
planetary.data.nasa.gov,National Aeronautics and Space Administration,,false,false,1816,1288,2026-09-07T13:18:49.834Z,2026-09-07T17:29:11Z
citenet.nlrb.gov,National Labor Relations Board,,true,false,1792,1079,2026-09-04T22:37:23.447Z,2026-09-07T17:29:11Z
nifuserguide.llnl.gov,Department of Energy,,true,false,1789,1332,2026-09-07T07:31:27.285Z,2026-09-07T17:29:11Z
psdi.astrogeology.usgs.gov,Department of the Interior,v3.1.0,true,false,1787,339,2026-09-07T14:19:17.557Z,2026-09-07T17:29:11Z
ssp.usajobs.gov,Office of Personnel Management,,false,false,1784,865,2026-09-07T14:43:52.835Z,2026-09-07T17:29:11Z
don-medical.usajobs.gov,Office of Personnel Management,,false,false,1776,643,2026-09-07T07:25:22.456Z,2026-09-07T17:29:11Z
shoreline.noaa.gov,Department of Commerce,,true,false,1775,1305,2026-09-07T02:48:53.275Z,2026-09-07T17:29:11Z
bamc.usajobs.gov,Office of Personnel Management,,false,false,1774,668,2026-09-07T04:10:08.405Z,2026-09-07T17:29:11Z
space-science.llnl.gov,Department of Energy,,true,false,1771,1393,2026-09-04T22:37:23.447Z,2026-09-07T17:29:11Z
annarbor.research.va.gov,Department of Veterans Affairs,,true,false,1770,855,2026-09-07T14:43:20.358Z,2026-09-07T17:29:11Z
dojoigcareers.usajobs.gov,Office of Personnel Management,,false,false,1770,907,2026-09-07T02:17:55.284Z,2026-09-07T17:29:11Z
10x.gsa.gov,General Services Administration,,true,false,1768,829,2026-09-07T05:27:54.070Z,2026-09-07T17:29:11Z
csat.bjs.ojp.gov,Department of Justice,,true,false,1765,873,2026-09-07T14:43:46.327Z,2026-09-07T17:29:11Z
dceg2.cancer.gov,Department of Health and Human Services,,true,false,1758,1502,2026-09-04T22:37:23.447Z,2026-09-07T17:29:11Z
sb.usembassy.gov,Department of State,,true,false,1756,1344,2026-09-07T08:49:50.251Z,2026-09-07T17:29:11Z
chickasaw.nsopw.gov,Department of Justice,v3.12.0,true,false,1756,255,2026-09-04T22:37:23.447Z,2026-09-07T17:29:11Z
spiritlake.nsopw.gov,Department of Justice,v3.12.0,true,false,1752,241,2026-09-07T06:17:09.146Z,2026-09-07T17:29:11Z
ibccareers.usajobs.gov,Office of Personnel Management,,false,false,1743,991,2026-09-07T05:19:18.325Z,2026-09-07T17:29:11Z
medicarerebates.helpdesk.cms.gov,Department of Health and Human Services,,true,false,1739,212,2026-09-07T05:44:54.865Z,2026-09-07T17:29:11Z
fortpecktribes.nsopw.gov,Department of Justice,v3.12.0,true,false,1733,287,2026-09-07T14:07:24.462Z,2026-09-07T17:29:11Z
natwebcaas01.wr.usgs.gov,Department of the Interior,,true,false,1730,64,2026-09-07T14:41:30.976Z,2026-09-07T17:29:11Z
evchart.driveelectric.gov,Department of Energy,,true,false,1714,360,2026-09-07T12:54:10.766Z,2026-09-07T17:29:11Z
snaped.fna.usda.gov,Department of Agriculture,,true,false,1713,916,2026-09-07T06:52:15.134Z,2026-09-07T17:29:11Z
hopi.nsopw.gov,Department of Justice,v3.12.0,true,false,1704,582,2026-09-07T07:19:57.388Z,2026-09-07T17:29:11Z
visualization.osdr.nasa.gov,National Aeronautics and Space Administration,,false,false,1688,1344,2026-09-07T13:44:34.644Z,2026-09-07T17:29:11Z
atf.usajobs.gov,Office of Personnel Management,,false,false,1688,921,2026-09-07T01:55:50.645Z,2026-09-07T17:29:11Z
marrowfailure.cancer.gov,Department of Health and Human Services,,true,false,1684,779,2026-09-04T22:37:23.447Z,2026-09-07T17:29:11Z
2017-2021.commerce.gov,Department of Commerce,,true,false,1684,1549,2026-09-07T05:50:44.485Z,2026-09-07T17:29:11Z
warmsprings.nsopw.gov,Department of Justice,v3.12.0,true,false,1683,208,2026-09-07T00:41:41.359Z,2026-09-07T17:29:11Z
opendata.ncats.nih.gov,Department of Health and Human Services,,false,false,1682,1188,2026-09-07T03:52:17.327Z,2026-09-07T17:29:11Z
qat.usaspending.gov,Department of the Treasury,,true,false,1678,212,2026-09-07T05:01:53.748Z,2026-09-07T17:29:11Z
reaganlibrary.archives.gov,National Archives and Records Administration,,true,false,1670,350,2026-09-07T00:53:53.504Z,2026-09-07T17:29:11Z
colvilletribes.nsopw.gov,Department of Justice,v3.12.0,true,false,1660,171,2026-09-07T04:59:02.239Z,2026-09-07T17:29:11Z
metabolomics-sig.nih.gov,Department of Health and Human Services,,false,false,1657,290,2026-09-07T14:54:15.751Z,2026-09-07T17:29:11Z
magazine-local.medlineplus.gov,Department of Health and Human Services,v1.6.6,true,false,1657,1642,2026-09-07T06:11:17.525Z,2026-09-07T17:29:11Z
api.reporter.nih.gov,Department of Health and Human Services,,false,false,1651,1471,2026-09-07T09:37:19.802Z,2026-09-07T17:29:11Z
natwebsdas01.cr.usgs.gov,Department of the Interior,,true,false,1638,153,2026-09-07T14:44:07.363Z,2026-09-07T17:29:11Z
swo.nsopw.gov,Department of Justice,v3.12.0,true,false,1626,368,2026-09-07T07:48:54.170Z,2026-09-07T17:29:11Z
eap.llnl.gov,Department of Energy,,true,false,1622,561,2026-09-07T05:02:04.097Z,2026-09-07T17:29:11Z
peprec.research.va.gov,Department of Veterans Affairs,,true,false,1606,645,2026-09-04T22:37:23.447Z,2026-09-07T17:29:11Z
methane.app.cloud.gov,General Services Administration,,true,false,1602,652,2026-09-07T05:55:14.740Z,2026-09-07T17:29:11Z
pfdps.tsa.dhs.gov,Department of Homeland Security,,true,false,1596,180,2026-09-04T22:37:23.447Z,2026-09-07T17:29:11Z
cidc.nci.nih.gov,Department of Health and Human Services,,true,false,1590,464,2026-09-07T07:36:14.080Z,2026-09-07T17:29:11Z
to.usembassy.gov,Department of State,,true,false,1585,1264,2026-09-07T14:38:36.689Z,2026-09-07T17:29:11Z
mrdc-pdp.health.mil,Department of Defense,,true,false,1576,470,2026-09-07T10:38:30.139Z,2026-09-07T17:29:11Z
lummi.nsopw.gov,Department of Justice,v3.12.0,true,false,1573,164,2026-09-07T07:33:39.888Z,2026-09-07T17:29:11Z
iafdb.travel.state.gov,Department of State,v3.7.1,true,false,1572,2095,2026-09-07T09:32:58.799Z,2026-09-07T17:29:11Z
mic.llnl.gov,Department of Energy,,true,false,1565,466,2026-09-07T05:44:27.608Z,2026-09-07T17:29:11Z
section14c.dol.gov,Department of Labor,,true,false,1562,552,2026-09-07T12:54:59.615Z,2026-09-07T17:29:11Z
psychologytraining.va.gov,Department of Veterans Affairs,,true,false,1561,995,2026-09-04T22:37:23.447Z,2026-09-07T17:29:11Z
strap.trials.nci.nih.gov,Department of Health and Human Services,,true,false,1552,568,2026-09-07T08:47:50.550Z,2026-09-07T17:29:11Z
ci2i.research.va.gov,Department of Veterans Affairs,,true,false,1550,557,2026-09-07T12:30:23.178Z,2026-09-07T17:29:11Z
hfradar.ndbc.noaa.gov,Department of Commerce,,true,false,1543,1278,2026-09-07T02:04:42.151Z,2026-09-07T17:29:11Z
fbi.usajobs.gov,Office of Personnel Management,,false,false,1534,704,2026-09-07T07:36:53.210Z,2026-09-07T17:29:11Z
northernarapaho.nsopw.gov,Department of Justice,v3.12.0,true,false,1527,199,2026-09-07T06:22:39.994Z,2026-09-07T17:29:11Z
nrt4.modaps.eosdis.nasa.gov,National Aeronautics and Space Administration,,true,false,1510,1187,2026-09-07T13:08:43.918Z,2026-09-07T17:29:11Z
accountcreation.cftc.gov,Commodity Futures Trading Commission,,false,true,1508,90,2026-09-07T05:17:08.766Z,2026-09-07T17:29:11Z
training.reginfo.gov,General Services Administration,,true,false,1503,37,2026-09-04T22:37:23.447Z,2026-09-07T17:29:11Z
benefits.ornl.gov,Department of Energy,,false,false,1496,883,2026-09-07T04:16:57.159Z,2026-09-07T17:29:11Z
fdanj.awsprod.nlm.nih.gov,Department of Health and Human Services,,false,false,1465,102,2026-09-07T12:01:55.181Z,2026-09-07T17:29:11Z
idcftoews.bls.gov,Department of Labor,v2.4.0,false,false,1464,102,2026-09-07T01:41:33.304Z,2026-09-07T17:29:11Z
dcma.usajobs.gov,Office of Personnel Management,,false,false,1461,511,2026-09-07T07:34:28.973Z,2026-09-07T17:29:11Z
portlandcoin.research.va.gov,Department of Veterans Affairs,,true,false,1456,629,2026-09-04T22:37:23.447Z,2026-09-07T17:29:11Z
rcv.va.gov,Department of Veterans Affairs,,true,false,1445,773,2026-09-04T22:37:23.447Z,2026-09-07T17:29:11Z
gap.tbportals.niaid.nih.gov,Department of Health and Human Services,,false,false,1431,150,2026-09-04T22:37:23.447Z,2026-09-07T17:29:11Z
sctribe.nsopw.gov,Department of Justice,v3.12.0,true,false,1430,194,2026-09-07T05:19:17.582Z,2026-09-07T17:29:11Z
natwebvaas01.er.usgs.gov,Department of the Interior,,true,false,1423,55,2026-09-07T04:38:14.360Z,2026-09-07T17:29:11Z
mvpiccs-viz.glb.cdc.gov,Department of Health and Human Services,,false,false,1421,19,2026-09-07T12:21:53.957Z,2026-09-07T17:29:11Z
carrier.opm.gov,Office of Personnel Management,v3.3.0,true,false,1407,694,2026-09-07T14:39:18.376Z,2026-09-07T17:29:11Z
cog.llnl.gov,Department of Energy,,true,false,1404,227,2026-09-07T12:19:42.197Z,2026-09-07T17:29:11Z
semesterofservice.usajobs.gov,Office of Personnel Management,,false,false,1402,737,2026-09-07T08:03:52.519Z,2026-09-07T17:29:11Z
lfs.cancer.gov,Department of Health and Human Services,,true,false,1399,728,2026-09-07T02:03:53.327Z,2026-09-07T17:29:11Z
cmip-publications.llnl.gov,Department of Energy,v2.14.0,true,false,1393,1312,2026-09-07T09:12:17.318Z,2026-09-07T17:29:11Z
analytics.app.cloud.gov,General Services Administration,v3.11.0,true,false,1391,2,2026-09-07T04:31:47.781Z,2026-09-07T17:29:11Z
veterans.llnl.gov,Department of Energy,,true,false,1391,471,2026-09-07T05:57:52.146Z,2026-09-07T17:29:11Z
isis.astrogeology.usgs.gov,Department of the Interior,v3.8.2,true,false,1386,987,2026-09-07T11:21:01.757Z,2026-09-07T17:29:11Z
pathfinder.va.gov,Department of Veterans Affairs,,true,false,1380,880,2026-09-07T04:17:31.213Z,2026-09-07T17:29:11Z
seattle.eric.research.va.gov,Department of Veterans Affairs,,true,false,1380,500,2026-09-07T10:11:01.210Z,2026-09-07T17:29:11Z
dctaskforce.usajobs.gov,Office of Personnel Management,,false,false,1376,808,2026-09-07T07:27:16.252Z,2026-09-07T17:29:11Z
nezperce.nsopw.gov,Department of Justice,v3.12.0,true,false,1365,133,2026-09-07T05:16:29.916Z,2026-09-07T17:29:11Z
wmat.nsopw.gov,Department of Justice,v3.12.0,true,false,1364,216,2026-09-07T05:31:25.588Z,2026-09-07T17:29:11Z
mescaleroapache.nsopw.gov,Department of Justice,v3.12.0,true,false,1350,311,2026-09-07T05:56:27.307Z,2026-09-07T17:29:11Z
nih.usajobs.gov,Office of Personnel Management,,false,false,1350,800,2026-09-07T07:33:44.479Z,2026-09-07T17:29:11Z
crownations.nsopw.gov,Department of Justice,v3.12.0,true,false,1348,183,2026-09-07T05:09:19.935Z,2026-09-07T17:29:11Z
crit.nsopw.gov,Department of Justice,v3.12.0,true,false,1343,215,2026-09-07T05:07:10.351Z,2026-09-07T17:29:11Z
fdic.usajobs.gov,Office of Personnel Management,,false,false,1337,711,2026-09-07T05:17:26.803Z,2026-09-07T17:29:11Z
actuary.usajobs.gov,Office of Personnel Management,,false,false,1337,761,2026-09-04T22:37:23.447Z,2026-09-07T17:29:11Z
cbpworkforce.cbp.gov,Department of Homeland Security,,false,false,1335,917,2026-09-07T10:20:59.234Z,2026-09-07T17:29:11Z
moleculartargets.ccdi.cancer.gov,Department of Health and Human Services,,false,false,1333,1184,2026-09-07T04:01:43.584Z,2026-09-07T17:29:11Z
ctuir.nsopw.gov,Department of Justice,v3.12.0,true,false,1333,380,2026-09-07T09:10:35.821Z,2026-09-07T17:29:11Z
siren.fort.usgs.gov,Department of the Interior,v3.6.0,true,false,1325,769,2026-09-04T22:37:23.447Z,2026-09-07T17:29:11Z
voyager.gsfc.nasa.gov,National Aeronautics and Space Administration,v3.13.0,true,false,1318,530,2026-09-07T13:35:54.239Z,2026-09-07T17:29:11Z
zuni.nsopw.gov,Department of Justice,v3.12.0,true,false,1317,184,2026-09-07T12:53:48.960Z,2026-09-07T17:29:11Z
data.gov,General Services Administration,,true,false,1317,1214,2026-09-07T08:58:29.441Z,2026-09-07T17:29:11Z
scat.nsopw.gov,Department of Justice,v3.12.0,true,false,1309,141,2026-09-07T00:36:46.604Z,2026-09-07T17:29:11Z
bio-sfa.llnl.gov,Department of Energy,,true,false,1307,182,2026-09-07T07:24:43.955Z,2026-09-07T17:29:11Z
standards.digital.gov,General Services Administration,,true,false,1304,825,2026-09-07T09:51:34.142Z,2026-09-07T17:29:11Z
puebloofacoma.nsopw.gov,Department of Justice,v3.12.0,true,false,1298,201,2026-09-04T22:37:23.447Z,2026-09-07T17:29:11Z
www.nlm.nih.gov,Department of Health and Human Services,,true,false,1297,236,2026-09-07T14:55:19.660Z,2026-09-07T17:29:11Z
cmc3.research.va.gov,Department of Veterans Affairs,,true,false,1297,495,2026-09-04T22:37:23.447Z,2026-09-07T17:29:11Z
packaging.llnl.gov,Department of Energy,,true,false,1294,241,2026-09-07T05:53:21.761Z,2026-09-07T17:29:11Z
usff.usajobs.gov,Office of Personnel Management,,false,false,1289,572,2026-09-07T08:16:16.839Z,2026-09-07T17:29:11Z
fact-efrc.ornl.gov,Department of Energy,,false,false,1279,982,2026-09-07T06:46:14.036Z,2026-09-07T17:29:11Z
nc-cherokee.nsopw.gov,Department of Justice,v3.12.0,true,false,1277,286,2026-09-07T00:32:24.129Z,2026-09-07T17:29:11Z
seminolenation.nsopw.gov,Department of Justice,v3.12.0,true,false,1270,246,2026-09-07T00:46:15.611Z,2026-09-07T17:29:11Z
passiveacoustics.fisheries.noaa.gov,Department of Commerce,v3.11.0,true,false,1268,968,2026-09-07T02:00:49.487Z,2026-09-07T17:29:11Z
laguna.nsopw.gov,Department of Justice,v3.12.0,true,false,1259,166,2026-09-07T05:16:08.748Z,2026-09-07T17:29:11Z
usda-early-careers.usajobs.gov,Office of Personnel Management,,false,false,1258,444,2026-09-07T08:48:19.661Z,2026-09-07T17:29:11Z
engage.dhs.gov,Department of Homeland Security,,false,false,1254,888,2026-09-07T02:04:06.510Z,2026-09-07T17:29:11Z
statistics.usajobs.gov,Office of Personnel Management,,false,false,1250,630,2026-09-07T08:11:02.630Z,2026-09-07T17:29:11Z
code.mil,Department of Defense,,true,false,1247,933,2026-09-07T03:03:56.851Z,2026-09-07T17:29:11Z
ihscphsofficers.usajobs.gov,Office of Personnel Management,,false,false,1246,562,2026-09-07T07:33:33.321Z,2026-09-07T17:29:11Z
clinical.datacommons.cancer.gov,Department of Health and Human Services,,false,false,1244,1120,2026-09-07T11:54:10.705Z,2026-09-07T17:29:11Z
weather-1.llnl.gov,Department of Energy,,false,true,1239,141,2026-09-07T06:16:30.367Z,2026-09-07T17:29:11Z
omaha.nsopw.gov,Department of Justice,v3.12.0,true,false,1237,276,2026-09-04T22:37:23.447Z,2026-09-07T17:29:11Z
water.llnl.gov,Department of Energy,,true,false,1234,138,2026-09-07T06:20:31.515Z,2026-09-07T17:29:11Z
its90.nist.gov,Department of Commerce,v3.13.0,true,false,1234,602,2026-09-07T10:28:10.516Z,2026-09-07T17:29:11Z
fecnotify.fec.gov,Federal Election Commission,,true,false,1229,570,2026-09-07T14:26:11.697Z,2026-09-07T17:29:11Z
apps.conservation.gov,Department of the Interior,,true,false,1228,588,2026-09-07T03:03:03.329Z,2026-09-07T17:29:11Z
sc.usembassy.gov,Department of State,,true,false,1221,955,2026-09-07T04:15:08.922Z,2026-09-07T17:29:11Z
ffb.treasury.gov,Department of the Treasury,,true,false,1220,739,2026-09-04T22:37:23.447Z,2026-09-07T17:29:11Z
chic.research.va.gov,Department of Veterans Affairs,,true,false,1218,424,2026-09-07T14:27:19.525Z,2026-09-07T17:29:11Z
bnm.llnl.gov,Department of Energy,,true,false,1217,197,2026-09-07T04:33:45.549Z,2026-09-07T17:29:11Z
sbtribes.nsopw.gov,Department of Justice,v3.12.0,true,false,1216,180,2026-09-07T05:22:52.696Z,2026-09-07T17:29:11Z
www.invasivespeciesinfo.gov,Department of Agriculture,,true,false,1199,563,2026-09-07T09:14:05.903Z,2026-09-07T17:29:11Z
clinicalcommons.ccdi.cancer.gov,Department of Health and Human Services,,false,false,1183,767,2026-09-07T06:42:37.627Z,2026-09-07T17:29:11Z
tulalip.nsopw.gov,Department of Justice,v3.12.0,true,false,1179,225,2026-09-07T12:50:33.365Z,2026-09-07T17:29:11Z
winnebagotribe.nsopw.gov,Department of Justice,v3.12.0,true,false,1174,156,2026-09-07T00:51:56.926Z,2026-09-07T17:29:11Z
fcoi.llnl.gov,Department of Energy,,true,false,1165,151,2026-09-07T09:10:51.981Z,2026-09-07T17:29:11Z
oig.hhs.gov,Department of Health and Human Services,,true,false,1164,819,2026-09-07T10:57:15.212Z,2026-09-07T17:29:11Z
controlbanding.llnl.gov,Department of Energy,,true,false,1157,129,2026-09-07T12:16:12.755Z,2026-09-07T17:29:11Z
www.eeoc.gov,Equal Employment Opportunity Commission,,true,false,1147,360,2026-09-07T13:25:31.738Z,2026-09-07T17:29:11Z
cobra.epa.gov,Environmental Protection Agency,2.10.0,true,false,1146,1023,2026-09-07T14:05:09.786Z,2026-09-07T17:29:11Z
wisqars-viz.glb.cdc.gov,Department of Health and Human Services,,false,false,1137,9,2026-09-07T07:22:59.119Z,2026-09-07T17:29:11Z
cyber-internship.llnl.gov,Department of Energy,,true,false,1130,438,2026-09-07T12:15:39.740Z,2026-09-07T17:29:11Z
cscrip.ntia.gov,Department of Commerce,,true,false,1113,479,2026-09-07T00:37:20.756Z,2026-09-07T17:29:11Z
trip.llnl.gov,Department of Energy,,true,false,1106,142,2026-09-07T06:34:33.116Z,2026-09-07T17:29:11Z
dnation.nsopw.gov,Department of Justice,v3.12.0,true,false,1099,410,2026-09-07T05:02:31.201Z,2026-09-07T17:29:11Z
sm.usmission.gov,Department of State,,true,false,1099,849,2026-09-07T12:06:45.548Z,2026-09-07T17:29:11Z
hhs-ihs.usajobs.gov,Office of Personnel Management,,false,false,1099,340,2026-09-07T13:50:19.944Z,2026-09-07T17:29:11Z
joltsdatat.bls.gov,Department of Labor,v2.4.0,false,false,1095,67,2026-09-07T06:31:53.324Z,2026-09-07T17:29:11Z
dctc.mil,Department of Defense,,false,false,1086,852,2026-09-07T07:53:07.254Z,2026-09-07T17:29:11Z
gw.usmission.gov,Department of State,,true,false,1081,694,2026-09-07T11:20:40.025Z,2026-09-07T17:29:11Z
spdatawarehouse.gsa.gov,General Services Administration,v2.14.0,true,false,1074,493,2026-09-04T22:37:23.447Z,2026-09-07T17:29:11Z
wof.nssl.noaa.gov,Department of Commerce,v3.10.0,true,false,1070,666,2026-09-07T14:32:55.239Z,2026-09-07T17:29:11Z
training.llnl.gov,Department of Energy,,true,false,1064,247,2026-09-07T06:12:42.599Z,2026-09-07T17:29:11Z
hualapai.nsopw.gov,Department of Justice,v3.12.0,true,false,1060,276,2026-09-07T07:55:48.273Z,2026-09-07T17:29:11Z
nexo.llnl.gov,Department of Energy,,true,false,1055,633,2026-09-07T05:47:13.532Z,2026-09-07T17:29:11Z
slst.usajobs.gov,Office of Personnel Management,,false,false,1055,617,2026-09-07T08:02:58.378Z,2026-09-07T17:29:11Z
pbpnation.nsopw.gov,Department of Justice,v3.12.0,true,false,1052,119,2026-09-07T05:19:38.105Z,2026-09-07T17:29:11Z
lasermaterials.llnl.gov,Department of Energy,,true,false,1049,301,2026-09-07T07:19:07.777Z,2026-09-07T17:29:11Z
biomassboard.gov,Department of Energy,,true,false,1047,530,2026-09-07T10:58:29.178Z,2026-09-07T17:29:11Z
blog.onrr.gov,Department of the Interior,,true,false,1045,912,2026-09-07T03:50:35.874Z,2026-09-07T17:29:11Z
returntowork.llnl.gov,Department of Energy,,true,false,1044,433,2026-09-07T07:32:40.917Z,2026-09-07T17:29:11Z
coastaloceanmodels.noaa.gov,Department of Commerce,,true,false,1041,657,2026-09-07T13:32:34.130Z,2026-09-07T17:29:11Z
datasharing.cancer.gov,Department of Health and Human Services,,false,false,1033,676,2026-09-07T06:41:31.834Z,2026-09-07T17:29:11Z
nationalguardbureau.usajobs.gov,Office of Personnel Management,,false,false,1030,463,2026-09-07T07:50:18.168Z,2026-09-07T17:29:11Z
intel.usajobs.gov,Office of Personnel Management,,false,false,1030,471,2026-09-07T05:03:14.254Z,2026-09-07T17:29:11Z
clinicaltrialsapi.cancer.gov,Department of Health and Human Services,v2.10.0,true,false,1030,443,2026-09-07T10:39:12.945Z,2026-09-07T17:29:11Z
ebg.llnl.gov,Department of Energy,,true,false,1029,68,2026-09-07T05:21:35.907Z,2026-09-07T17:29:11Z
nswcdd.usajobs.gov,Office of Personnel Management,,false,false,1028,452,2026-09-04T22:37:23.447Z,2026-09-07T17:29:11Z
developer.sba.gov,Small Business Administration,,true,false,1026,354,2026-09-07T05:39:11.974Z,2026-09-07T17:29:11Z
mathematicalstatistics.usajobs.gov,Office of Personnel Management,,false,false,1018,656,2026-09-07T05:07:17.073Z,2026-09-07T17:29:11Z
isleta.nsopw.gov,Department of Justice,v3.12.0,true,false,1017,237,2026-09-07T14:32:27.127Z,2026-09-07T17:29:11Z
pivot-beta.fema.gov,Department of Homeland Security,v1.6.9,false,false,1014,812,2026-09-07T04:23:44.322Z,2026-09-07T17:29:11Z
fsr5.usajobs.gov,Office of Personnel Management,,false,false,1012,451,2026-09-07T07:37:51.409Z,2026-09-07T17:29:11Z
patriotbonds.gov,Department of the Treasury,,false,false,1012,884,2026-09-04T22:37:23.447Z,2026-09-07T17:29:11Z
spaceforcecareers.usajobs.gov,Office of Personnel Management,,false,false,1010,584,2026-09-07T04:46:12.342Z,2026-09-07T17:29:11Z
cshiip.research.va.gov,Department of Veterans Affairs,,true,false,1005,456,2026-09-07T14:42:25.664Z,2026-09-07T17:29:11Z
prod-onrr-frontend.app.cloud.gov,General Services Administration,,true,false,996,2,2026-09-07T12:40:38.366Z,2026-09-07T17:29:11Z
rasopathies.cancer.gov,Department of Health and Human Services,,true,false,996,439,2026-09-07T11:11:17.103Z,2026-09-07T17:29:11Z
makah.nsopw.gov,Department of Justice,v3.12.0,true,false,993,168,2026-09-04T22:37:23.447Z,2026-09-07T17:29:11Z
quapaw.nsopw.gov,Department of Justice,v3.12.0,true,false,980,257,2026-09-07T00:42:08.303Z,2026-09-07T17:29:11Z
quickscore.epa.gov,Environmental Protection Agency,v3.7.1,true,false,977,182,2026-09-07T14:02:14.579Z,2026-09-07T17:29:11Z
ofia.gov,Federal Deposit Insurance Corporation,v2.2.1,true,false,974,657,2026-09-07T01:09:29.377Z,2026-09-07T17:29:11Z
www.fehrm.gov,Department of Defense,,true,false,972,383,2026-09-07T03:47:38.598Z,2026-09-07T17:29:11Z
ebit.llnl.gov,Department of Energy,,true,false,963,254,2026-09-07T05:04:41.424Z,2026-09-07T17:29:11Z
comanche.nsopw.gov,Department of Justice,v3.12.0,true,false,953,287,2026-09-07T11:46:40.735Z,2026-09-07T17:29:11Z
networx-public-pricer.eos.gsa.gov,General Services Administration,v3.8.0,false,false,945,438,2026-09-04T22:37:23.447Z,2026-09-07T17:29:11Z
brrc.research.va.gov,Department of Veterans Affairs,,true,false,943,374,2026-09-04T22:37:23.447Z,2026-09-07T17:29:11Z
trainingt.bls.gov,Department of Labor,v2.4.0,false,false,942,126,2026-09-04T22:37:23.447Z,2026-09-07T17:29:11Z
ftbelknap.nsopw.gov,Department of Justice,v3.12.0,true,false,942,239,2026-09-04T22:37:23.447Z,2026-09-07T17:29:11Z
cindrr.research.va.gov,Department of Veterans Affairs,,true,false,942,432,2026-09-07T13:29:58.406Z,2026-09-07T17:29:11Z
ppb.cancer.gov,Department of Health and Human Services,,true,false,940,334,2026-09-04T22:37:23.447Z,2026-09-07T17:29:11Z
vision.research.va.gov,Department of Veterans Affairs,,true,false,936,265,2026-09-07T09:49:40.481Z,2026-09-07T17:29:11Z
atbcstudy.cancer.gov,Department of Health and Human Services,,false,false,933,588,2026-09-07T11:49:24.962Z,2026-09-07T17:29:11Z
pci.nsopw.gov,Department of Justice,v3.12.0,true,false,932,346,2026-09-04T22:37:23.447Z,2026-09-07T17:29:11Z
vt.usembassy.gov,Department of State,,true,false,928,743,2026-09-07T04:18:34.649Z,2026-09-07T17:29:11Z
studycatalog.cancer.gov,Department of Health and Human Services,,false,false,926,777,2026-09-07T11:26:00.204Z,2026-09-07T17:29:11Z
tfi.usajobs.gov,Office of Personnel Management,,false,false,920,421,2026-09-07T08:00:42.238Z,2026-09-07T17:29:11Z
cesdatat.bls.gov,Department of Labor,v2.4.0,false,false,913,97,2026-09-07T03:56:53.665Z,2026-09-07T17:29:11Z
kickapoo.nsopw.gov,Department of Justice,v3.12.0,true,false,913,217,2026-09-07T05:14:06.913Z,2026-09-07T17:29:11Z
northerncheyenne.nsopw.gov,Department of Justice,v3.12.0,true,false,911,135,2026-09-07T05:18:41.160Z,2026-09-07T17:29:11Z
state-tables.fdic.gov,Federal Deposit Insurance Corporation,,true,false,908,818,2026-09-07T04:12:20.446Z,2026-09-07T17:29:11Z
astribe.nsopw.gov,Department of Justice,v3.12.0,true,false,906,237,2026-09-07T05:01:00.141Z,2026-09-07T17:29:11Z
parker.gsfc.nasa.gov,National Aeronautics and Space Administration,,true,false,902,555,2026-09-07T14:24:26.347Z,2026-09-07T17:29:11Z
pki.treas.gov,Department of the Treasury,v3.13.0,true,false,901,485,2026-09-07T08:16:53.227Z,2026-09-07T17:29:11Z
sc-programs.llnl.gov,Department of Energy,,true,false,896,535,2026-09-07T06:10:03.501Z,2026-09-07T17:29:11Z
swinomish.nsopw.gov,Department of Justice,v3.12.0,true,false,893,124,2026-09-07T00:43:16.653Z,2026-09-07T17:29:11Z
jicarilla.nsopw.gov,Department of Justice,v3.12.0,true,false,892,212,2026-09-04T22:37:23.447Z,2026-09-07T17:29:11Z
km.usembassy.gov,Department of State,,true,false,891,647,2026-09-07T12:51:15.162Z,2026-09-07T17:29:11Z
blscompdatat.bls.gov,Department of Labor,v2.4.0,false,false,887,96,2026-09-04T22:37:23.447Z,2026-09-07T17:29:11Z
eehpcwg.llnl.gov,Department of Energy,,true,false,886,491,2026-09-07T12:21:06.018Z,2026-09-07T17:29:11Z
seqapass.epa.gov,Environmental Protection Agency,,true,false,885,359,2026-09-04T22:37:23.447Z,2026-09-07T17:29:11Z
nctnbanks.cancer.gov,Department of Health and Human Services,,true,false,882,669,2026-09-04T22:37:23.447Z,2026-09-07T17:29:11Z
amlis.osmre.gov,Department of the Interior,v3.10.0,true,false,881,591,2026-09-07T05:21:51.963Z,2026-09-07T17:29:11Z
tscaguideme.epa.gov,Environmental Protection Agency,v2.12.1,true,false,879,449,2026-09-07T06:30:25.341Z,2026-09-07T17:29:11Z
www.secretservice.gov,Department of Homeland Security,v3.13.0,true,false,877,505,2026-09-07T09:10:03.263Z,2026-09-07T17:29:11Z
quinault.nsopw.gov,Department of Justice,v3.12.0,true,false,873,219,2026-09-07T12:41:18.993Z,2026-09-07T17:29:11Z
xd.gov,Department of Commerce,v3.1.0,true,false,871,478,2026-09-04T22:37:23.447Z,2026-09-07T17:29:11Z
ccgdata.cancer.gov,Department of Health and Human Services,,true,false,869,754,2026-09-04T22:37:23.447Z,2026-09-07T17:29:11Z
utetribe.nsopw.gov,Department of Justice,v3.12.0,true,false,868,89,2026-09-07T14:38:56.332Z,2026-09-07T17:29:11Z
radar.epa.gov,Environmental Protection Agency,,true,false,854,146,2026-09-07T14:13:40.359Z,2026-09-07T17:29:11Z
cadre.research.va.gov,Department of Veterans Affairs,,true,false,844,336,2026-09-04T22:37:23.447Z,2026-09-07T17:29:11Z
emblem.cancer.gov,Department of Health and Human Services,,true,false,843,225,2026-09-04T22:37:23.447Z,2026-09-07T17:29:11Z
rid.cancer.gov,Department of Health and Human Services,,false,false,842,671,2026-09-07T06:53:24.575Z,2026-09-07T17:29:11Z
nswcpcd.usajobs.gov,Office of Personnel Management,,false,false,837,456,2026-09-04T22:37:23.447Z,2026-09-07T17:29:11Z
jtapic.health.mil,Department of Defense,,true,false,834,490,2026-09-07T08:07:21.765Z,2026-09-07T17:29:11Z
havasupai.nsopw.gov,Department of Justice,v3.12.0,true,false,830,230,2026-09-07T14:29:45.864Z,2026-09-07T17:29:11Z
erd.llnl.gov,Department of Energy,v3.13.0,false,true,826,100,2026-09-07T12:15:29.587Z,2026-09-07T17:29:11Z
ak-chin.nsopw.gov,Department of Justice,v3.12.0,true,false,825,219,2026-09-07T04:59:52.048Z,2026-09-07T17:29:11Z
oneida.nsopw.gov,Department of Justice,v3.12.0,true,false,823,86,2026-09-04T22:37:23.447Z,2026-09-07T17:29:11Z
gdo127.llnl.gov,Department of Energy,,true,false,818,107,2026-09-07T13:29:02.719Z,2026-09-07T17:29:11Z
chippewacree.nsopw.gov,Department of Justice,v3.12.0,true,false,817,90,2026-09-07T09:34:24.711Z,2026-09-07T17:29:11Z
cebs.nci.nih.gov,Department of Health and Human Services,,true,false,817,761,2026-09-07T13:43:57.488Z,2026-09-07T17:29:11Z
usda-students.usajobs.gov,Office of Personnel Management,,false,false,808,376,2026-09-07T08:17:47.896Z,2026-09-07T17:29:11Z
kbic.nsopw.gov,Department of Justice,v3.12.0,true,false,801,85,2026-09-07T05:00:43.208Z,2026-09-07T17:29:11Z
coil.census.gov,Department of Commerce,v2.13.3,true,false,796,625,2026-09-07T07:26:58.751Z,2026-09-07T17:29:11Z
data-science.usajobs.gov,Office of Personnel Management,,true,false,794,643,2026-09-07T04:51:08.235Z,2026-09-07T17:29:11Z
kaibabpaiute.nsopw.gov,Department of Justice,v3.12.0,true,false,794,257,2026-09-07T05:10:59.367Z,2026-09-07T17:29:11Z
washoetribe.nsopw.gov,Department of Justice,v3.12.0,true,false,794,145,2026-09-07T08:26:05.022Z,2026-09-07T17:29:11Z
yankton.nsopw.gov,Department of Justice,v3.12.0,true,false,783,94,2026-09-07T04:13:48.045Z,2026-09-07T17:29:11Z
kewapueblo.nsopw.gov,Department of Justice,v3.12.0,true,false,782,78,2026-09-07T05:16:30.054Z,2026-09-07T17:29:11Z
nist.usajobs.gov,Office of Personnel Management,,false,false,782,343,2026-09-07T07:56:27.374Z,2026-09-07T17:29:11Z
pdc-docs.cancer.gov,Department of Health and Human Services,,true,false,779,531,2026-09-04T22:37:23.447Z,2026-09-07T17:29:11Z
oedca.va.gov,Department of Veterans Affairs,,true,false,777,581,2026-09-07T10:16:05.650Z,2026-09-07T17:29:11Z
rsic.nsopw.gov,Department of Justice,v3.12.0,true,false,771,232,2026-09-04T22:37:23.447Z,2026-09-07T17:29:11Z
icao.usmission.gov,Department of State,,true,false,761,489,2026-09-07T05:41:30.626Z,2026-09-07T17:29:11Z
boisforte.nsopw.gov,Department of Justice,v3.12.0,true,false,758,88,2026-09-07T00:33:33.831Z,2026-09-07T17:29:11Z
fsst.nsopw.gov,Department of Justice,v3.12.0,true,false,758,230,2026-09-07T05:05:54.388Z,2026-09-07T17:29:11Z
usaceportland.usajobs.gov,Office of Personnel Management,,false,false,757,270,2026-09-07T14:25:49.482Z,2026-09-07T17:29:11Z
gtb.nsopw.gov,Department of Justice,v3.12.0,true,false,756,221,2026-09-07T05:11:28.433Z,2026-09-07T17:29:11Z
www.section508.gov,General Services Administration,,true,false,752,173,2026-09-07T01:48:55.585Z,2026-09-07T17:29:11Z
gdo152.llnl.gov,Department of Energy,,true,false,744,100,2026-09-07T14:12:06.871Z,2026-09-07T17:29:11Z
ngms.llnl.gov,Department of Energy,,true,false,736,87,2026-09-07T05:50:02.291Z,2026-09-07T17:29:11Z
santaana.nsopw.gov,Department of Justice,v3.12.0,true,false,733,130,2026-09-07T00:40:50.052Z,2026-09-07T17:29:11Z
snpinfo.niehs.nih.gov,Department of Health and Human Services,,true,false,733,396,2026-09-07T08:36:13.185Z,2026-09-07T17:29:11Z
jemez.nsopw.gov,Department of Justice,v3.12.0,true,false,733,206,2026-09-07T05:04:22.949Z,2026-09-07T17:29:11Z
catribes.nsopw.gov,Department of Justice,v3.12.0,true,false,731,194,2026-09-07T05:04:25.565Z,2026-09-07T17:29:11Z
cybereffects.usajobs.gov,Office of Personnel Management,,false,false,728,280,2026-09-07T04:49:47.093Z,2026-09-07T17:29:11Z
usbiotechnologyregulation.mrp.usda.gov,Department of Agriculture,,true,false,726,594,2026-09-07T10:07:35.958Z,2026-09-07T17:29:11Z
actribe.nsopw.gov,Department of Justice,v3.12.0,true,false,723,236,2026-09-07T07:18:54.281Z,2026-09-07T17:29:11Z
samples.moonshotbiobank.cancer.gov,Department of Health and Human Services,,true,false,720,131,2026-09-07T11:23:22.553Z,2026-09-07T17:29:11Z
nhbpi.nsopw.gov,Department of Justice,v3.12.0,true,false,719,206,2026-09-07T05:15:39.106Z,2026-09-07T17:29:11Z
www.nichd.nih.gov,Department of Health and Human Services,,true,false,719,382,2026-09-07T14:55:40.839Z,2026-09-07T17:29:11Z
hpcic.llnl.gov,Department of Energy,,true,false,719,594,2026-09-07T12:26:31.799Z,2026-09-07T17:29:11Z
osage.nsopw.gov,Department of Justice,v3.12.0,true,false,715,197,2026-09-07T00:36:47.941Z,2026-09-07T17:29:11Z
avreap.research.va.gov,Department of Veterans Affairs,,true,false,714,195,2026-09-07T07:38:45.748Z,2026-09-07T17:29:11Z
omtribe.nsopw.gov,Department of Justice,v3.12.0,true,false,712,66,2026-09-07T05:12:47.125Z,2026-09-07T17:29:11Z
navwar.usajobs.gov,Office of Personnel Management,,false,false,709,438,2026-09-07T13:52:22.385Z,2026-09-07T17:29:11Z
miamination.nsopw.gov,Department of Justice,v3.12.0,true,false,709,293,2026-09-07T00:36:12.037Z,2026-09-07T17:29:11Z
ab2d.cms.gov,Department of Health and Human Services,v3.13.0,true,false,704,421,2026-09-07T06:08:02.669Z,2026-09-07T17:29:11Z
santee.nsopw.gov,Department of Justice,v3.12.0,true,false,703,111,2026-09-07T08:27:11.520Z,2026-09-07T17:29:11Z
iowanation.nsopw.gov,Department of Justice,v3.12.0,true,false,702,92,2026-09-07T05:15:25.088Z,2026-09-07T17:29:11Z
cocopah.nsopw.gov,Department of Justice,v3.12.0,true,false,701,206,2026-09-07T06:01:27.528Z,2026-09-07T17:29:11Z
ottawatribe.nsopw.gov,Department of Justice,v3.12.0,true,false,700,123,2026-09-07T08:21:46.689Z,2026-09-07T17:29:11Z
nswccarderock.usajobs.gov,Office of Personnel Management,,false,false,698,381,2026-09-07T06:02:41.259Z,2026-09-07T17:29:11Z
gis.usgs.gov,Department of the Interior,,true,false,690,558,2026-09-07T04:39:15.853Z,2026-09-07T17:29:11Z
breachforums.ic3.gov,Department of Justice,v3.8.0,true,false,684,627,2026-09-07T07:53:23.881Z,2026-09-07T17:29:11Z
kwla.llnl.gov,Department of Energy,,true,false,681,258,2026-09-07T07:25:20.099Z,2026-09-07T17:29:11Z
ssapathways.usajobs.gov,Office of Personnel Management,,false,false,677,290,2026-09-07T08:09:21.090Z,2026-09-07T17:29:11Z
hdrl.gsfc.nasa.gov,National Aeronautics and Space Administration,v3.3.0,true,false,672,513,2026-09-07T10:15:12.991Z,2026-09-07T17:29:11Z
fisherybiologist.usajobs.gov,Office of Personnel Management,,false,false,669,348,2026-09-07T06:10:48.105Z,2026-09-07T17:29:11Z
metlakatla.nsopw.gov,Department of Justice,v3.12.0,true,false,663,83,2026-09-07T05:17:59.259Z,2026-09-07T17:29:11Z
nist.time.gov,Department of Commerce,,false,false,659,415,2026-09-07T02:58:47.391Z,2026-09-07T17:29:11Z
peoriatribe.nsopw.gov,Department of Justice,v3.12.0,true,false,655,133,2026-09-07T00:40:52.750Z,2026-09-07T17:29:11Z
pawneenation.nsopw.gov,Department of Justice,v3.12.0,true,false,655,62,2026-09-07T05:13:50.704Z,2026-09-07T17:29:11Z
doc.usajobs.gov,Office of Personnel Management,,false,false,655,297,2026-09-07T07:33:14.433Z,2026-09-07T17:29:11Z
devpki.treasury.gov,Department of the Treasury,v3.13.0,true,false,653,166,2026-09-04T22:37:23.447Z,2026-09-07T17:29:11Z
dirseminar.nlm.nih.gov,Department of Health and Human Services,v3.0.1,true,false,649,423,2026-09-07T08:15:40.505Z,2026-09-07T17:29:11Z
ashanti.bja.ojp.gov,Department of Justice,.,true,false,646,401,2026-09-07T01:10:39.881Z,2026-09-07T17:29:11Z
aser.llnl.gov,Department of Energy,,true,false,645,508,2026-09-07T06:08:10.997Z,2026-09-07T17:29:11Z
mptn.nsopw.gov,Department of Justice,v3.12.0,true,false,643,120,2026-09-07T07:52:40.015Z,2026-09-07T17:29:11Z
tonkawa.nsopw.gov,Department of Justice,v3.12.0,true,false,635,135,2026-09-07T06:03:50.670Z,2026-09-07T17:29:11Z
caddo.nsopw.gov,Department of Justice,v3.12.0,true,false,626,209,2026-09-07T05:03:26.217Z,2026-09-07T17:29:11Z
cnap.nhlbi.nih.gov,Department of Health and Human Services,,true,false,625,416,2026-09-07T07:41:05.646Z,2026-09-07T17:29:11Z
plpt.nsopw.gov,Department of Justice,v3.12.0,true,false,624,135,2026-09-07T05:23:22.555Z,2026-09-07T17:29:11Z
nswcihd.usajobs.gov,Office of Personnel Management,,false,false,622,303,2026-09-07T14:18:10.702Z,2026-09-07T17:29:11Z
wyandotte.nsopw.gov,Department of Justice,v3.12.0,true,false,622,106,2026-09-07T07:55:50.296Z,2026-09-07T17:29:11Z
meskwaki.nsopw.gov,Department of Justice,v3.12.0,true,false,613,69,2026-09-07T05:15:26.199Z,2026-09-07T17:29:11Z
afmccareers.usajobs.gov,Office of Personnel Management,,false,false,612,200,2026-09-07T04:39:08.960Z,2026-09-07T17:29:11Z
cast.ornl.gov,Department of Energy,v3.12.0,true,false,608,483,2026-09-07T12:51:29.066Z,2026-09-07T17:29:11Z
modoc.nsopw.gov,Department of Justice,v3.12.0,true,false,605,103,2026-09-07T14:16:23.807Z,2026-09-07T17:29:11Z
geodata.nal.usda.gov,Department of Agriculture,,true,false,605,302,2026-09-07T14:47:28.751Z,2026-09-07T17:29:11Z
potawatomi.nsopw.gov,Department of Justice,v3.12.0,true,false,605,127,2026-09-07T04:11:07.787Z,2026-09-07T17:29:11Z
household-survey-d.fdic.gov,Federal Deposit Insurance Corporation,v2.6.0,true,false,604,156,2026-09-07T00:35:02.948Z,2026-09-07T17:29:11Z
chitimacha.nsopw.gov,Department of Justice,v3.12.0,true,false,603,58,2026-09-07T12:35:42.051Z,2026-09-07T17:29:11Z
ypit.nsopw.gov,Department of Justice,v3.12.0,true,false,602,143,2026-09-07T12:35:45.604Z,2026-09-07T17:29:11Z
respondents.bls.gov,Department of Labor,v2.4.0,false,false,601,103,2026-09-07T03:57:31.798Z,2026-09-07T17:29:11Z
taos.nsopw.gov,Department of Justice,v3.12.0,true,false,599,148,2026-09-07T00:39:23.423Z,2026-09-07T17:29:11Z
unitedkeetoowahband.nsopw.gov,Department of Justice,v3.12.0,true,false,597,91,2026-09-04T22:37:23.447Z,2026-09-07T17:29:11Z
nooksack.nsopw.gov,Department of Justice,v3.12.0,true,false,597,186,2026-09-07T05:20:33.026Z,2026-09-07T17:29:11Z
zfish.nichd.nih.gov,Department of Health and Human Services,,true,false,595,313,2026-09-07T09:05:41.396Z,2026-09-07T17:29:11Z
estoo.nsopw.gov,Department of Justice,v3.12.0,true,false,594,87,2026-09-07T14:35:45.278Z,2026-09-07T17:29:11Z
nisqually.nsopw.gov,Department of Justice,v3.12.0,true,false,593,225,2026-09-07T00:28:08.060Z,2026-09-07T17:29:11Z
nuwckeyport.usajobs.gov,Office of Personnel Management,,false,false,591,323,2026-09-07T03:05:41.518Z,2026-09-07T17:29:11Z
puyallup-tribe.nsopw.gov,Department of Justice,v3.12.0,true,false,585,125,2026-09-07T05:21:47.956Z,2026-09-07T17:29:11Z
www.helpspanish.cbp.gov,Department of Homeland Security,v2.8.0,true,false,580,267,2026-09-07T13:52:20.202Z,2026-09-07T17:29:11Z
pokagon.nsopw.gov,Department of Justice,v3.12.0,true,false,575,98,2026-09-07T08:25:59.225Z,2026-09-07T17:29:11Z
scalemeetings.ornl.gov,Department of Energy,,false,false,574,344,2026-09-07T02:01:46.280Z,2026-09-07T17:29:11Z
mojaveindiantribe.nsopw.gov,Department of Justice,v3.12.0,true,false,573,87,2026-09-04T22:37:23.447Z,2026-09-07T17:29:11Z
journal-reports.nlm.nih.gov,Department of Health and Human Services,,true,false,572,497,2026-09-07T01:40:57.979Z,2026-09-07T17:29:11Z
psaap.llnl.gov,Department of Energy,,true,false,572,448,2026-09-07T07:31:26.913Z,2026-09-07T17:29:11Z
digital-gov-static-prod.app.cloud.gov,General Services Administration,,true,false,567,567,2026-09-07T12:43:22.696Z,2026-09-07T17:29:11Z
squaxinisland.nsopw.gov,Department of Justice,v3.12.0,true,false,567,77,2026-09-07T09:05:48.072Z,2026-09-07T17:29:11Z
cerc.research.va.gov,Department of Veterans Affairs,,true,false,564,213,2026-09-07T12:30:46.433Z,2026-09-07T17:29:11Z
tontoapache.nsopw.gov,Department of Justice,v3.12.0,true,false,564,125,2026-09-07T00:44:02.655Z,2026-09-07T17:29:11Z
gis.fema.gov,Department of Homeland Security,,true,false,563,32,2026-09-07T09:13:20.909Z,2026-09-07T17:29:11Z
upperskagit.nsopw.gov,Department of Justice,v3.12.0,true,false,556,146,2026-09-07T00:47:20.704Z,2026-09-07T17:29:11Z
psd.cancer.gov,Department of Health and Human Services,,false,false,555,370,2026-09-07T02:26:50.110Z,2026-09-07T17:29:11Z
guide.llnl.gov,Department of Energy,,true,false,554,462,2026-09-07T05:10:11.888Z,2026-09-07T17:29:11Z
ftmcdowell.nsopw.gov,Department of Justice,v3.12.0,true,false,551,70,2026-09-07T05:10:03.181Z,2026-09-07T17:29:11Z
wasteplan.epa.gov,Environmental Protection Agency,,true,false,548,246,2026-09-07T14:28:44.981Z,2026-09-07T17:29:11Z
yavapaiapache.nsopw.gov,Department of Justice,v3.12.0,true,false,545,66,2026-09-07T00:40:49.668Z,2026-09-07T17:29:11Z
ohkayowingeh.nsopw.gov,Department of Justice,v3.12.0,true,false,542,107,2026-09-04T22:37:23.447Z,2026-09-07T17:29:11Z
shoalwaterbay.nsopw.gov,Department of Justice,v3.12.0,true,false,538,124,2026-09-07T00:35:40.043Z,2026-09-07T17:29:11Z
microbio.llnl.gov,Department of Energy,,true,false,533,186,2026-09-07T05:40:44.187Z,2026-09-07T17:29:11Z
high-pressure.llnl.gov,Department of Energy,,true,false,532,78,2026-09-07T12:25:37.914Z,2026-09-07T17:29:11Z
armynafciviliancareers.usajobs.gov,Office of Personnel Management,,false,false,530,340,2026-09-04T22:37:23.447Z,2026-09-07T17:29:11Z
www.ncpc.gov,National Capital Planning Commission,,false,false,526,182,2026-09-07T14:21:13.478Z,2026-09-07T17:29:11Z
www.niehs.nih.gov,Department of Health and Human Services,,true,false,526,252,2026-09-07T05:47:16.238Z,2026-09-07T17:29:11Z
navsea.usajobs.gov,Office of Personnel Management,,false,false,519,295,2026-09-07T07:56:27.940Z,2026-09-07T17:29:11Z
erscareers.usajobs.gov,Office of Personnel Management,,false,false,517,411,2026-09-07T07:34:58.882Z,2026-09-07T17:29:11Z
research.iowa-city.med.va.gov,Department of Veterans Affairs,,true,false,515,230,2026-09-07T13:04:27.905Z,2026-09-07T17:29:11Z
fdp.astrogeology.usgs.gov,Department of the Interior,v3.1.0,true,false,514,125,2026-09-07T11:26:31.740Z,2026-09-07T17:29:11Z
sanipueblo.nsopw.gov,Department of Justice,v3.12.0,true,false,513,81,2026-09-07T14:30:37.273Z,2026-09-07T17:29:11Z
pfabankfindui-q.app.cloud.gov,General Services Administration,,true,false,510,40,2026-09-07T12:49:28.679Z,2026-09-07T17:29:11Z
energetics.llnl.gov,Department of Energy,,true,false,510,414,2026-09-07T12:13:58.615Z,2026-09-07T17:29:11Z
technologytransfer.health.mil,Department of Defense,,true,false,505,251,2026-09-07T05:42:53.624Z,2026-09-07T17:29:11Z
fedpay.gss.gsa.gov,General Services Administration,v2.3.1,true,false,498,88,2026-09-07T06:12:38.302Z,2026-09-07T17:29:11Z
wetlandassessment.epa.gov,Environmental Protection Agency,,true,false,495,301,2026-09-07T14:29:53.664Z,2026-09-07T17:29:11Z
www.reaganlibrary.gov,National Archives and Records Administration,,true,false,488,191,2026-09-04T22:37:23.447Z,2026-09-07T17:29:11Z
elyshoshonetribe.nsopw.gov,Department of Justice,v3.12.0,true,false,487,57,2026-09-07T04:07:13.734Z,2026-09-07T17:29:11Z
networx-billing-pricer.eos.gsa.gov,General Services Administration,v3.8.0,false,false,487,98,2026-09-04T22:37:23.447Z,2026-09-07T17:29:11Z
santodomingo.nsopw.gov,Department of Justice,v3.12.0,true,false,485,43,2026-09-07T09:36:40.035Z,2026-09-07T17:29:11Z
gulflink.osd.mil,Department of Defense,,true,false,477,196,2026-09-07T07:23:17.063Z,2026-09-07T17:29:11Z
contenthub.llnl.gov,Department of Energy,,true,false,475,463,2026-09-07T12:14:31.173Z,2026-09-07T17:29:11Z
saulttribe.nsopw.gov,Department of Justice,v3.12.0,true,false,472,200,2026-09-07T00:36:23.590Z,2026-09-07T17:29:11Z
bioresilience.llnl.gov,Department of Energy,,true,false,471,354,2026-09-07T13:17:22.210Z,2026-09-07T17:29:11Z
cmec.llnl.gov,Department of Energy,v2.14.0,true,false,471,244,2026-09-07T04:36:22.444Z,2026-09-07T17:29:11Z
frtibrecruitment.usajobs.gov,Office of Personnel Management,,false,false,462,236,2026-09-07T02:25:28.488Z,2026-09-07T17:29:11Z
arpa-h-careers.usajobs.gov,Office of Personnel Management,,false,false,462,302,2026-09-07T07:26:26.410Z,2026-09-07T17:29:11Z
modac.cancer.gov,Department of Health and Human Services,,true,false,460,204,2026-09-04T22:37:23.447Z,2026-09-07T17:29:11Z
idp.pt.identitysandbox.gov,General Services Administration,,true,false,456,26,2026-09-07T08:22:36.659Z,2026-09-07T17:29:11Z
elwha.nsopw.gov,Department of Justice,v3.12.0,true,false,450,183,2026-09-04T22:37:23.447Z,2026-09-07T17:29:11Z
data.epa.gov,Environmental Protection Agency,,true,false,450,307,2026-09-07T13:59:28.989Z,2026-09-07T17:29:11Z
respondentst.bls.gov,Department of Labor,v2.4.0,false,false,450,58,2026-09-07T10:29:12.582Z,2026-09-07T17:29:11Z
example.hhsops.gov,Department of Health and Human Services,v3.3.0,true,false,445,320,2026-09-07T11:31:52.312Z,2026-09-07T17:29:11Z
leaf.llnl.gov,Department of Energy,,true,false,443,317,2026-09-07T14:09:13.698Z,2026-09-07T17:29:11Z
maint.treasurydirect.gov,Department of the Treasury,,false,false,440,360,2026-09-07T02:54:39.680Z,2026-09-07T17:29:11Z
gdo148.llnl.gov,Department of Energy,,true,false,438,86,2026-09-07T13:24:09.587Z,2026-09-07T17:29:11Z
conexus-cert.gsa.gov,General Services Administration,,true,false,438,310,2026-09-07T06:06:41.010Z,2026-09-07T17:29:11Z
training.rocis.gov,General Services Administration,,true,false,429,180,2026-09-07T08:10:30.450Z,2026-09-07T17:29:11Z
sos26.ornl.gov,Department of Energy,,false,false,429,411,2026-09-07T07:09:47.633Z,2026-09-07T17:29:11Z
heronext.epa.gov,Environmental Protection Agency,v3.12.0,true,false,418,340,2026-09-07T05:17:43.183Z,2026-09-07T17:29:11Z
ai-toolkit.xd.gov,Department of Commerce,v3.8.2,true,false,416,323,2026-09-07T13:13:52.479Z,2026-09-07T17:29:11Z
wits3-public-pricer.eos.gsa.gov,General Services Administration,v3.8.0,false,false,414,128,2026-09-07T08:58:30.673Z,2026-09-07T17:29:11Z
www.arm.gov,Department of Energy,,false,false,410,142,2026-09-07T03:29:16.148Z,2026-09-07T17:29:11Z
fieldterminal.nesdis.noaa.gov,Department of Commerce,v3.13.0,true,false,409,369,2026-09-07T11:04:45.902Z,2026-09-07T17:29:11Z
www.nibib.nih.gov,Department of Health and Human Services,,true,false,407,225,2026-09-07T07:16:57.813Z,2026-09-07T17:29:11Z
windriver.nsopw.gov,Department of Justice,v3.12.0,true,false,406,40,2026-09-07T11:48:18.558Z,2026-09-07T17:29:11Z
tadp.astrogeology.usgs.gov,Department of the Interior,v3.7.1,true,false,396,193,2026-09-07T11:46:15.854Z,2026-09-07T17:29:11Z
bep.usajobs.gov,Office of Personnel Management,,false,false,393,190,2026-09-07T04:47:59.922Z,2026-09-07T17:29:11Z
uspp.usajobs.gov,Office of Personnel Management,,false,false,391,194,2026-09-07T08:20:02.560Z,2026-09-07T17:29:11Z
wicworks.fna.usda.gov,Department of Agriculture,,true,false,388,232,2026-09-07T07:53:48.024Z,2026-09-07T17:29:11Z
vbasea.usajobs.gov,Office of Personnel Management,,false,false,386,363,2026-09-07T05:11:50.892Z,2026-09-07T17:29:11Z
fsr5fire.usajobs.gov,Office of Personnel Management,,false,false,384,168,2026-09-07T05:18:45.816Z,2026-09-07T17:29:11Z
qbpgraphbook.fdic.gov,Federal Deposit Insurance Corporation,v2.6.0,true,false,384,359,2026-09-07T03:12:59.464Z,2026-09-07T17:29:11Z
maps-beta.usgs.gov,Department of the Interior,,true,false,381,103,2026-09-07T14:38:18.488Z,2026-09-07T17:29:11Z
sgita.epa.gov,Environmental Protection Agency,,true,false,381,60,2026-09-07T14:18:33.837Z,2026-09-07T17:29:11Z
visualization.genelab.nasa.gov,National Aeronautics and Space Administration,,false,false,380,237,2026-09-07T14:35:59.890Z,2026-09-07T17:29:11Z
securecomms.ornl.gov,Department of Energy,v3.12.0,true,false,377,302,2026-09-07T02:26:00.561Z,2026-09-07T17:29:11Z
doe417.energy.gov,Department of Energy,v3.12.0,true,false,368,258,2026-09-07T12:58:31.322Z,2026-09-07T17:29:11Z
globaldossier-cloud-fqt.etc.uspto.gov,Department of Commerce,,false,false,367,100,2026-09-07T06:31:44.543Z,2026-09-07T17:29:11Z
pivot.fema.gov,Department of Homeland Security,v1.6.9,false,false,362,236,2026-09-07T04:24:39.566Z,2026-09-07T17:29:11Z
veterinaryjobs.usajobs.gov,Office of Personnel Management,,false,false,361,236,2026-09-07T08:26:19.927Z,2026-09-07T17:29:11Z
le_nps.usajobs.gov,Office of Personnel Management,,false,false,355,151,2026-09-07T07:47:01.143Z,2026-09-07T17:29:11Z
gdo-meta2db.llnl.gov,Department of Energy,,true,false,354,201,2026-09-07T12:18:46.270Z,2026-09-07T17:29:11Z
acf.ornl.gov,Department of Energy,,false,false,353,311,2026-09-04T22:37:23.447Z,2026-09-07T17:29:11Z
tortoisedti.nichd.nih.gov,Department of Health and Human Services,v2.11.2,true,false,341,222,2026-09-07T12:09:37.744Z,2026-09-07T17:29:11Z
sacandfoxnation.nsopw.gov,Department of Justice,v3.12.0,true,false,338,85,2026-09-07T00:44:06.254Z,2026-09-07T17:29:11Z
treasury-occ.usajobs.gov,Office of Personnel Management,,false,false,338,267,2026-09-07T08:16:02.241Z,2026-09-07T17:29:11Z
beta.nicic.gov,Department of Justice,,true,false,336,76,2026-09-07T11:58:28.145Z,2026-09-07T17:29:11Z
study-volunteers.ornl.gov,Department of Energy,,false,false,335,304,2026-09-07T05:35:17.653Z,2026-09-07T17:29:11Z
spi-data.bjs.ojp.gov,Department of Justice,v2.11.2,true,false,330,255,2026-09-07T14:39:59.918Z,2026-09-07T17:29:11Z
rotc.llnl.gov,Department of Energy,,true,false,324,231,2026-09-07T13:18:11.248Z,2026-09-07T17:29:11Z
llns-champ.llnl.gov,Department of Energy,,true,false,322,297,2026-09-07T12:26:53.660Z,2026-09-07T17:29:11Z
carrieruat.opm.gov,Office of Personnel Management,v3.3.0,true,false,320,177,2026-09-07T05:07:59.277Z,2026-09-07T17:29:11Z
forestservicetempfire.usajobs.gov,Office of Personnel Management,,false,false,318,148,2026-09-04T22:37:23.447Z,2026-09-07T17:29:11Z
odocs.osmre.gov,Department of the Interior,v3.10.0,true,false,315,193,2026-09-07T02:44:22.602Z,2026-09-07T17:29:11Z
cayuga.nsopw.gov,Department of Justice,v3.12.0,true,false,313,178,2026-09-04T22:37:23.447Z,2026-09-07T17:29:11Z
planetary-sdi.astrogeology.usgs.gov,Department of the Interior,v3.1.0,true,false,311,176,2026-09-07T11:41:03.924Z,2026-09-07T17:29:11Z
gdo-wintap.llnl.gov,Department of Energy,,false,false,310,150,2026-09-07T05:12:11.663Z,2026-09-07T17:29:11Z
www.dfc.gov,United States International Development Finance Corporation,,true,false,306,115,2026-09-07T06:20:08.378Z,2026-09-07T17:29:11Z
hudoig.usajobs.gov,Office of Personnel Management,,false,false,304,146,2026-09-07T04:58:10.468Z,2026-09-07T17:29:11Z
chldata.erdc.dren.mil,Department of Defense,v3.12.0,true,false,304,72,2026-09-07T02:39:59.629Z,2026-09-07T17:29:11Z
prod-web-alb-tg.uspto.gov,Department of Commerce,v2.8.0,false,false,303,303,2026-09-07T12:09:13.872Z,2026-09-07T17:29:11Z
deajobs.usajobs.gov,Office of Personnel Management,,false,false,303,293,2026-09-04T22:37:23.447Z,2026-09-07T17:29:11Z
cdcphsofficers.usajobs.gov,Office of Personnel Management,,false,false,301,130,2026-09-07T04:47:17.943Z,2026-09-07T17:29:11Z
class.cancer.gov,Department of Health and Human Services,,false,false,301,266,2026-09-07T14:10:25.876Z,2026-09-07T17:29:11Z
gulflink.health.mil,Department of Defense,,true,false,300,194,2026-09-07T05:40:33.752Z,2026-09-07T17:29:11Z
nanoscience.llnl.gov,Department of Energy,,true,false,292,231,2026-09-07T05:48:09.434Z,2026-09-07T17:29:11Z
urban.llnl.gov,Department of Energy,,true,false,292,171,2026-09-07T14:14:58.966Z,2026-09-07T17:29:11Z
sroc.usajobs.gov,Office of Personnel Management,,false,false,291,241,2026-09-07T13:51:59.439Z,2026-09-07T17:29:11Z
nif-dliuserguide.llnl.gov,Department of Energy,,true,false,289,194,2026-09-07T05:52:40.543Z,2026-09-07T17:29:11Z
waterqualitydata.epa.gov,Environmental Protection Agency,,true,false,285,198,2026-09-07T07:40:49.777Z,2026-09-07T17:29:11Z
www.boem.gov,Department of the Interior,,true,false,283,152,2026-09-07T14:08:52.182Z,2026-09-07T17:29:11Z
smeqa.usds.gov,Executive Office of the President,,true,false,282,194,2026-09-07T14:27:57.912Z,2026-09-07T17:29:11Z
carbon-economy.llnl.gov,Department of Energy,,true,false,281,246,2026-09-07T04:34:49.833Z,2026-09-07T17:29:11Z
household-survey-q.fdic.gov,Federal Deposit Insurance Corporation,v2.6.0,true,false,278,102,2026-09-04T22:37:23.447Z,2026-09-07T17:29:11Z
cms-sesjobs.usajobs.gov,Office of Personnel Management,,false,false,278,126,2026-09-07T04:55:41.944Z,2026-09-07T17:29:11Z
3dhrs.epa.gov,Environmental Protection Agency,v3.0.0,true,false,277,193,2026-09-07T14:23:42.333Z,2026-09-07T17:29:11Z
gis.hhs.gov,Department of Health and Human Services,v3.10.0,true,false,277,238,2026-09-07T11:02:39.556Z,2026-09-07T17:29:11Z
pfabankfindui-d.app.cloud.gov,General Services Administration,,true,false,274,33,2026-09-07T05:59:35.778Z,2026-09-07T17:29:11Z
gis1.usgs.gov,Department of the Interior,,true,false,272,160,2026-09-04T22:37:23.447Z,2026-09-07T17:29:11Z
www.realpropertyprofile.gov,General Services Administration,v2.13.2,true,false,272,71,2026-09-07T00:56:54.442Z,2026-09-07T17:29:11Z
radnet.epa.gov,Environmental Protection Agency,,true,false,270,164,2026-09-07T14:14:36.053Z,2026-09-07T17:29:11Z
conferencerooms.ornl.gov,Department of Energy,,false,false,267,199,2026-09-07T10:29:52.186Z,2026-09-07T17:29:11Z
mecs.llnl.gov,Department of Energy,,true,false,264,260,2026-09-07T07:26:27.972Z,2026-09-07T17:29:11Z
internal-trademarkcenter-passive.uspto.gov,Department of Commerce,,false,false,263,142,2026-09-07T06:59:03.403Z,2026-09-07T17:29:11Z
atsdr-origin.cdc.gov,Department of Health and Human Services,,true,false,263,221,2026-09-04T22:37:23.447Z,2026-09-07T17:29:11Z
minutes.frtib.gov,Federal Retirement Thrift Investment Board,v3.2.0,true,false,261,180,2026-09-07T09:28:31.536Z,2026-09-07T17:29:11Z
mara.llnl.gov,Department of Energy,,true,false,253,203,2026-09-07T05:36:31.509Z,2026-09-07T17:29:11Z
usacestpaul.usajobs.gov,Office of Personnel Management,,false,false,251,95,2026-09-07T08:18:47.091Z,2026-09-07T17:29:11Z
reaction-dynamics.llnl.gov,Department of Energy,,true,false,251,218,2026-09-07T11:03:26.529Z,2026-09-07T17:29:11Z
vbaoak.usajobs.gov,Office of Personnel Management,,false,false,250,130,2026-09-04T22:37:23.447Z,2026-09-07T17:29:11Z
lvoc.llnl.gov,Department of Energy,,true,false,245,160,2026-09-07T05:36:53.648Z,2026-09-07T17:29:11Z
hmddirectory.nlm.nih.gov,Department of Health and Human Services,v3.0.1,true,false,245,201,2026-09-07T12:44:01.725Z,2026-09-07T17:29:11Z
powerapps.nhlbi.nih.gov,Department of Health and Human Services,v3.1.0,true,false,243,180,2026-09-04T22:37:23.447Z,2026-09-07T17:29:11Z
epases.usajobs.gov,Office of Personnel Management,,false,false,241,136,2026-09-07T07:29:38.453Z,2026-09-07T17:29:11Z
pkikc.fiscal.treasury.gov,Department of the Treasury,v3.13.0,true,false,239,32,2026-09-07T02:51:51.137Z,2026-09-07T17:29:11Z
www.trumanlibrary.gov,National Archives and Records Administration,,true,false,237,98,2026-09-07T13:33:12.778Z,2026-09-07T17:29:11Z
devpki.treas.gov,Department of the Treasury,v3.13.0,true,false,237,63,2026-09-07T02:59:31.308Z,2026-09-07T17:29:11Z
gdo-lc.llnl.gov,Department of Energy,,true,false,235,68,2026-09-07T12:24:04.714Z,2026-09-07T17:29:11Z
ccp2025.ornl.gov,Department of Energy,,false,false,234,180,2026-09-07T02:02:25.611Z,2026-09-07T17:29:11Z
hcup-ts.ahrq.gov,Department of Health and Human Services,,true,false,234,195,2026-09-07T00:41:33.539Z,2026-09-07T17:29:11Z
gis-beta.usgs.gov,Department of the Interior,,true,false,233,124,2026-09-07T04:33:32.733Z,2026-09-07T17:29:11Z
gdo-cislunar.llnl.gov,Department of Energy,,true,false,233,117,2026-09-07T05:13:49.226Z,2026-09-07T17:29:11Z
www.dol.gov,Department of Labor,,true,false,232,226,2026-09-07T13:03:38.261Z,2026-09-07T17:29:11Z
gmd-prod.cmdl.noaa.gov,Department of Commerce,,true,false,232,211,2026-09-07T01:57:23.540Z,2026-09-07T17:29:11Z
www.permitting.gov,Federal Permitting Improvement Council,,true,false,232,86,2026-09-07T04:46:58.919Z,2026-09-07T17:29:11Z
glovis-cloud.usgs.gov,Department of the Interior,,true,false,228,143,2026-09-04T22:37:23.447Z,2026-09-07T17:29:11Z
bulk-cloud.usgs.gov,Department of the Interior,,true,false,227,106,2026-09-07T09:38:03.569Z,2026-09-07T17:29:11Z
www.fordlibrarymuseum.gov,National Archives and Records Administration,,true,false,226,87,2026-09-07T13:49:28.994Z,2026-09-07T17:29:11Z
seasonal-nps.usajobs.gov,Office of Personnel Management,,false,false,224,151,2026-09-04T22:37:23.447Z,2026-09-07T17:29:11Z
blm-wy.usajobs.gov,Office of Personnel Management,,false,false,224,111,2026-09-07T13:47:26.396Z,2026-09-07T17:29:11Z
appshare.cancer.gov,Department of Health and Human Services,,false,false,223,154,2026-09-04T22:37:23.447Z,2026-09-07T17:29:11Z
gdo-datasci.llnl.gov,Department of Energy,,true,false,222,53,2026-09-07T06:49:18.953Z,2026-09-07T17:29:11Z
fsisstudentjobs.usajobs.gov,Office of Personnel Management,,false,false,221,131,2026-09-07T07:34:05.163Z,2026-09-07T17:29:11Z
dfcstudentsandrecentgrads.usajobs.gov,Office of Personnel Management,,false,false,221,134,2026-09-07T14:47:28.917Z,2026-09-07T17:29:11Z
cirp.usace.army.mil,Department of Defense,v3.12.0,true,false,220,169,2026-09-07T03:11:04.869Z,2026-09-07T17:29:11Z
shoshonepaiute.nsopw.gov,Department of Justice,v3.12.0,true,false,217,48,2026-09-07T00:41:37.866Z,2026-09-07T17:29:11Z
gdo168.llnl.gov,Department of Energy,,false,false,217,84,2026-09-07T12:14:43.193Z,2026-09-07T17:29:11Z
www.irs.gov,Department of the Treasury,,true,false,217,220,2026-09-07T11:13:50.267Z,2026-09-07T17:29:11Z
grantee2.teams.simpler.grants.gov,Department of Health and Human Services,,true,false,213,51,2026-09-04T22:37:23.447Z,2026-09-07T17:29:11Z
ncw.acf.gov,Department of Health and Human Services,,true,false,212,120,2026-09-07T03:18:27.331Z,2026-09-07T17:29:11Z
uatpstrainingtracker.fns.usda.gov,Department of Agriculture,,true,false,212,41,2026-09-07T14:51:55.500Z,2026-09-07T17:29:11Z
armyacquisition.usajobs.gov,Office of Personnel Management,,false,false,209,124,2026-09-07T02:08:01.653Z,2026-09-07T17:29:11Z
californiayrtc.usajobs.gov,Office of Personnel Management,,false,false,208,87,2026-09-07T04:45:08.685Z,2026-09-07T17:29:11Z
foodsafetycareers.usajobs.gov,Office of Personnel Management,,false,false,207,135,2026-09-07T04:55:29.732Z,2026-09-07T17:29:11Z
pfabankfindui.app.cloud.gov,General Services Administration,v2.6.0,true,false,207,71,2026-09-07T04:23:08.926Z,2026-09-07T17:29:11Z
dctd-prod-acsf.cancer.gov,Department of Health and Human Services,,true,false,207,121,2026-09-04T22:37:23.447Z,2026-09-07T17:29:11Z
gdo-sphenix.llnl.gov,Department of Energy,,true,false,206,35,2026-09-07T05:59:58.156Z,2026-09-07T17:29:11Z
techtransfer-prod-acsf.cancer.gov,Department of Health and Human Services,,true,false,206,106,2026-09-07T10:40:48.933Z,2026-09-07T17:29:11Z
coastalcondition.epa.gov,Environmental Protection Agency,,true,false,206,89,2026-09-07T11:44:43.968Z,2026-09-07T17:29:11Z
pki.dimc.dhs.gov,Department of Homeland Security,v3.13.0,true,false,206,42,2026-09-07T09:13:00.195Z,2026-09-07T17:29:11Z
wampanoag.nsopw.gov,Department of Justice,v3.12.0,true,false,204,57,2026-09-07T00:49:06.576Z,2026-09-07T17:29:11Z
retreat.nichd.nih.gov,Department of Health and Human Services,v1.4.5,true,false,203,159,2026-09-07T06:01:47.184Z,2026-09-07T17:29:11Z
www.niaaa.nih.gov,Department of Health and Human Services,,true,false,202,58,2026-09-07T10:07:20.797Z,2026-09-07T17:29:11Z
westernfedlands.usajobs.gov,Office of Personnel Management,,false,false,202,113,2026-09-07T08:28:11.561Z,2026-09-07T17:29:11Z
sbir-prod-acsf.cancer.gov,Department of Health and Human Services,,true,false,201,118,2026-09-04T22:37:23.447Z,2026-09-07T17:29:11Z
cfpb.usajobs.gov,Office of Personnel Management,,false,false,198,156,2026-09-07T07:24:27.991Z,2026-09-07T17:29:11Z
cobra.app.cloud.gov,General Services Administration,2.10.0,true,false,196,51,2026-09-07T09:53:32.988Z,2026-09-07T17:29:11Z
nationalcancerplan-prod-acsf.cancer.gov,Department of Health and Human Services,,true,false,194,94,2026-09-07T03:56:27.275Z,2026-09-07T17:29:11Z
meshb.wip.nlm.nih.gov,Department of Health and Human Services,,false,false,194,110,2026-09-07T01:50:37.994Z,2026-09-07T17:29:11Z
isfnt-16.ornl.gov,Department of Energy,,false,false,192,99,2026-09-04T22:37:23.447Z,2026-09-07T17:29:11Z
biosecurity.llnl.gov,Department of Energy,,true,false,191,171,2026-09-07T12:13:28.034Z,2026-09-07T17:29:11Z
comments2.cftc.gov,Commodity Futures Trading Commission,,false,true,190,124,2026-09-07T01:27:45.616Z,2026-09-07T17:29:11Z
nccherokee.nsopw.gov,Department of Justice,v3.12.0,true,false,188,49,2026-09-07T05:19:10.855Z,2026-09-07T17:29:11Z
gdo-hdp.llnl.gov,Department of Energy,,true,false,188,32,2026-09-07T05:10:03.589Z,2026-09-07T17:29:11Z
usao-dnm.usajobs.gov,Office of Personnel Management,,false,false,188,136,2026-09-07T13:54:27.769Z,2026-09-07T17:29:11Z
wlf-nps.usajobs.gov,Office of Personnel Management,,false,false,188,146,2026-09-04T22:37:23.447Z,2026-09-07T17:29:11Z
dceg-prod-acsf.cancer.gov,Department of Health and Human Services,,true,false,187,96,2026-09-07T07:46:34.614Z,2026-09-07T17:29:11Z
gdo-microlensing.llnl.gov,Department of Energy,,true,false,186,60,2026-09-07T12:21:39.386Z,2026-09-07T17:29:11Z
ebms.nci.nih.gov,Department of Health and Human Services,,true,false,186,183,2026-09-07T09:51:58.271Z,2026-09-07T17:29:11Z
clinicaltrialsapi-prod.cancer.gov,Department of Health and Human Services,v2.10.0,true,false,186,159,2026-09-07T06:44:08.014Z,2026-09-07T17:29:11Z
magpie.nlm.nih.gov,Department of Health and Human Services,,false,false,185,184,2026-09-07T10:15:24.793Z,2026-09-07T17:29:11Z
lehd-node1.did.census.gov,Department of Commerce,2.13.3,true,false,185,75,2026-09-07T05:13:27.057Z,2026-09-07T17:29:11Z
pv.usajobs.gov,Office of Personnel Management,,false,false,185,142,2026-09-07T04:31:10.286Z,2026-09-07T17:29:11Z
gdo156.llnl.gov,Department of Energy,,true,false,185,33,2026-09-07T12:17:24.050Z,2026-09-07T17:29:11Z
peacecorpsjobs.usajobs.gov,Office of Personnel Management,,false,false,185,119,2026-09-07T06:54:38.993Z,2026-09-07T17:29:11Z
gdo-dance.llnl.gov,Department of Energy,,true,false,184,57,2026-09-07T12:20:26.627Z,2026-09-07T17:29:11Z
ace-accounts-sat.cbp.gov,Department of Homeland Security,,false,false,183,149,2026-09-04T22:37:23.447Z,2026-09-07T17:29:11Z
raft-model.pnnl.gov,Department of Energy,v3.13.0,true,false,180,147,2026-09-04T22:37:23.447Z,2026-09-07T17:29:11Z
devpki.dimc.dhs.gov,Department of Homeland Security,v3.13.0,true,false,179,13,2026-09-07T08:57:07.811Z,2026-09-07T17:29:11Z
edie-d.fdic.gov,Federal Deposit Insurance Corporation,,true,false,175,38,2026-09-07T04:53:15.966Z,2026-09-07T17:29:11Z
usnicweb2.espc.nesdis.noaa.gov,Department of Commerce,,true,false,175,170,2026-09-07T14:35:44.206Z,2026-09-07T17:29:11Z
usda-veterans.usajobs.gov,Office of Personnel Management,,false,false,174,86,2026-09-07T10:08:35.005Z,2026-09-07T17:29:11Z
household-survey-s.fdic.gov,Federal Deposit Insurance Corporation,,true,false,173,43,2026-09-07T10:22:11.710Z,2026-09-07T17:29:11Z
forms.niddk.nih.gov,Department of Health and Human Services,v3.8.0,true,false,173,46,2026-09-07T13:49:58.781Z,2026-09-07T17:29:11Z
geodata-prod.nal.usda.gov,Department of Agriculture,,true,false,169,90,2026-09-07T10:14:52.726Z,2026-09-07T17:29:11Z
dhs-hq.usajobs.gov,Office of Personnel Management,,false,false,169,115,2026-09-07T07:25:22.721Z,2026-09-07T17:29:11Z
jobs-origin.cdc.gov,Department of Health and Human Services,,false,false,168,129,2026-09-07T12:16:01.201Z,2026-09-07T17:29:11Z
prescancerpanel-prod-acsf.cancer.gov,Department of Health and Human Services,,true,false,168,85,2026-09-04T22:37:23.447Z,2026-09-07T17:29:11Z
gdo160.llnl.gov,Department of Energy,,true,false,168,32,2026-09-07T12:22:11.111Z,2026-09-07T17:29:11Z
ins.llnl.gov,Department of Energy,,true,false,167,121,2026-09-07T07:22:55.821Z,2026-09-07T17:29:11Z
docline-us-east-1.awsprod.nlm.nih.gov,Department of Health and Human Services,,false,false,166,152,2026-09-07T05:29:53.926Z,2026-09-07T17:29:11Z
gdo163.llnl.gov,Department of Energy,,true,false,165,50,2026-09-07T05:14:38.946Z,2026-09-07T17:29:11Z
transmission-library.pnnl.gov,Department of Energy,,true,false,164,90,2026-09-07T07:53:07.068Z,2026-09-07T17:29:11Z
puyalluptribe.nsopw.gov,Department of Justice,v3.12.0,true,false,163,35,2026-09-07T13:59:50.943Z,2026-09-07T17:29:11Z
grantee1.teams.simpler.grants.gov,Department of Health and Human Services,,true,false,162,46,2026-09-07T09:26:55.198Z,2026-09-07T17:29:11Z
gdo170.llnl.gov,Department of Energy,,true,false,162,45,2026-09-07T05:17:35.240Z,2026-09-07T17:29:11Z
wis.erdc.dren.mil,Department of Defense,v3.12.0,true,false,161,148,2026-09-07T12:43:55.371Z,2026-09-07T17:29:11Z
wf.nicic.gov,Department of Justice,,true,false,159,46,2026-09-07T04:05:06.485Z,2026-09-07T17:29:11Z
mbpi.nsopw.gov,Department of Justice,v3.12.0,true,false,157,32,2026-09-07T07:21:19.318Z,2026-09-07T17:29:11Z
register.state.gov,Department of State,v3.7.1,true,false,156,153,2026-09-07T02:45:32.284Z,2026-09-07T17:29:11Z
gdo167.llnl.gov,Department of Energy,,true,false,156,47,2026-09-07T07:24:14.054Z,2026-09-07T17:29:11Z
akchin.nsopw.gov,Department of Justice,v3.12.0,true,false,155,22,2026-09-07T05:02:29.122Z,2026-09-07T17:29:11Z
search.nicic.gov,Department of Justice,,true,false,154,26,2026-09-07T04:22:05.067Z,2026-09-07T17:29:11Z
gdo172.llnl.gov,Department of Energy,,true,false,154,35,2026-09-07T06:11:34.061Z,2026-09-07T17:29:11Z
lhncbc-portal.lhcaws-prod-pub.nlm.nih.gov,Department of Health and Human Services,,true,false,153,119,2026-09-07T03:01:42.785Z,2026-09-07T17:29:11Z
gdo164.llnl.gov,Department of Energy,,true,false,152,42,2026-09-07T05:11:39.960Z,2026-09-07T17:29:11Z
mass.llnl.gov,Department of Energy,,true,false,152,119,2026-09-07T05:40:31.297Z,2026-09-07T17:29:11Z
usda-rd.usajobs.gov,Office of Personnel Management,,false,false,150,80,2026-09-07T07:58:50.258Z,2026-09-07T17:29:11Z
gdo-nfsdm.llnl.gov,Department of Energy,,true,false,149,40,2026-09-07T12:23:13.918Z,2026-09-07T17:29:11Z
nswcpd.usajobs.gov,Office of Personnel Management,,false,false,148,94,2026-09-07T07:14:06.676Z,2026-09-07T17:29:11Z
stem.health.mil,Department of Defense,,true,false,147,91,2026-09-07T05:24:36.646Z,2026-09-07T17:29:11Z
ely.nsopw.gov,Department of Justice,v3.12.0,true,false,146,26,2026-09-07T04:56:26.533Z,2026-09-07T17:29:11Z
isomir.ccr.cancer.gov,Department of Health and Human Services,v1.6.9,true,false,145,106,2026-09-04T22:37:23.447Z,2026-09-07T17:29:11Z
id.nicic.gov,Department of Justice,,true,false,144,34,2026-09-07T09:16:21.981Z,2026-09-07T17:29:11Z
gdo169.llnl.gov,Department of Energy,,true,false,144,27,2026-09-07T07:21:01.413Z,2026-09-07T17:29:11Z
gutenpress.ornl.gov,Department of Energy,,false,false,143,138,2026-09-07T06:52:36.671Z,2026-09-07T17:29:11Z
timp-ccid-mig.fda.gov,Department of Health and Human Services,v3.8.0,true,false,143,83,2026-09-07T05:20:57.670Z,2026-09-07T17:29:11Z
kb.nicic.gov,Department of Justice,,true,false,141,31,2026-09-07T06:14:08.085Z,2026-09-07T17:29:11Z
fhfa.usajobs.gov,Office of Personnel Management,,false,false,141,64,2026-09-07T07:38:19.874Z,2026-09-07T17:29:11Z
opmoig.usajobs.gov,Office of Personnel Management,,false,false,141,72,2026-09-07T07:57:13.179Z,2026-09-07T17:29:11Z
gdo165.llnl.gov,Department of Energy,,true,false,140,25,2026-09-07T05:15:57.015Z,2026-09-07T17:29:11Z
satepsanone.nesdis.noaa.gov,Department of Commerce,v3.10.0,true,false,139,104,2026-09-07T09:06:24.989Z,2026-09-07T17:29:11Z
software.llnl.gov,Department of Energy,,true,false,139,75,2026-09-07T07:02:29.965Z,2026-09-07T17:29:11Z
ops-impl.cms.gov,Department of Health and Human Services,v3.7.1,true,false,137,47,2026-09-07T02:53:40.494Z,2026-09-07T17:29:11Z
whs.usajobs.gov,Office of Personnel Management,,false,false,136,64,2026-09-07T09:07:27.587Z,2026-09-07T17:29:11Z
populationsciences.datacommons.cancer.gov,Department of Health and Human Services,,false,false,136,127,2026-09-07T07:56:56.475Z,2026-09-07T17:29:11Z
cotuit.er.usgs.gov,Department of the Interior,,true,false,133,110,2026-09-07T11:35:12.229Z,2026-09-07T17:29:11Z
ace-accounts-d6.cbp.gov,Department of Homeland Security,,false,false,133,112,2026-09-07T02:41:51.996Z,2026-09-07T17:29:11Z
ferretr.pmel.noaa.gov,Department of Commerce,v3.8.2,true,false,130,102,2026-09-07T06:52:27.665Z,2026-09-07T17:29:11Z
anlnscience.llnl.gov,Department of Energy,,true,false,130,110,2026-09-04T22:37:23.447Z,2026-09-07T17:29:11Z
gdo-maltte.llnl.gov,Department of Energy,,true,false,127,18,2026-09-07T07:27:50.044Z,2026-09-07T17:29:11Z
gdo-ai-agent-challenge.llnl.gov,Department of Energy,,true,false,117,26,2026-09-07T10:44:50.337Z,2026-09-07T17:29:11Z
mywaterway-prod.app.cloud.gov,General Services Administration,,true,false,115,2,2026-09-07T12:51:17.005Z,2026-09-07T17:29:11Z
rse.llnl.gov,Department of Energy,,true,false,113,88,2026-09-07T06:03:50.760Z,2026-09-07T17:29:11Z
beta-ut.clinicaltrials.gov,Department of Health and Human Services,,true,false,112,105,2026-09-07T11:00:54.214Z,2026-09-07T17:29:11Z
state-tables-q.fdic.gov,Federal Deposit Insurance Corporation,,true,false,111,75,2026-09-07T03:08:13.788Z,2026-09-07T17:29:11Z
waterservices.gen-r53.usgs.gov,Department of the Interior,,true,false,109,72,2026-09-07T05:28:48.260Z,2026-09-07T17:29:11Z
waterservices.resolve.usgs.gov,Department of the Interior,,true,false,108,68,2026-09-07T05:29:25.867Z,2026-09-07T17:29:11Z
www.hirevets.gov,Department of Labor,,true,false,108,30,2026-09-07T11:24:54.319Z,2026-09-07T17:29:11Z
plasmasphere.nasa.gov,National Aeronautics and Space Administration,v3.3.0,true,false,107,105,2026-09-04T22:37:23.447Z,2026-09-07T17:29:11Z
state-tables-d.fdic.gov,Federal Deposit Insurance Corporation,v2.6.0,true,false,104,70,2026-09-07T05:23:49.006Z,2026-09-07T17:29:11Z
prevention.usajobs.gov,Office of Personnel Management,,false,false,102,59,2026-09-07T07:49:16.401Z,2026-09-07T17:29:11Z
snpfisher.nichd.nih.gov,Department of Health and Human Services,,true,false,102,62,2026-09-07T05:10:08.238Z,2026-09-07T17:29:11Z
cmvista.pnnl.gov,Department of Energy,,false,true,102,39,2026-09-04T22:37:23.447Z,2026-09-07T17:29:11Z
aeronauticsprojects.arc.nasa.gov,National Aeronautics and Space Administration,,false,false,98,49,2026-09-07T07:39:02.254Z,2026-09-07T17:29:11Z
dowea-htf.usajobs.gov,Office of Personnel Management,,false,false,98,77,2026-09-07T05:21:33.132Z,2026-09-07T17:29:11Z
beta.ask.gsa.gov,General Services Administration,v2.13.2,true,false,97,48,2026-09-07T03:32:25.663Z,2026-09-07T17:29:11Z
argosua.noaa.gov,Department of Commerce,v2.12.0,true,false,94,74,2026-09-07T06:52:59.244Z,2026-09-07T17:29:11Z
ace-accounts-d3.cbp.gov,Department of Homeland Security,,false,false,93,71,2026-09-07T12:49:43.798Z,2026-09-07T17:29:11Z
wicbreastfeeding.fna.usda.gov,Department of Agriculture,,true,false,93,41,2026-09-07T05:32:36.968Z,2026-09-07T17:29:11Z
dsscareers.usajobs.gov,Office of Personnel Management,,false,false,89,70,2026-09-04T22:37:23.447Z,2026-09-07T17:29:11Z
fac-preview.app.cloud.gov,General Services Administration,,true,false,89,28,2026-09-07T05:48:05.414Z,2026-09-07T17:29:11Z
goesdcs.noaa.gov,Department of Commerce,v2.12.0,true,false,88,68,2026-09-07T02:04:16.994Z,2026-09-07T17:29:11Z
fsapps.nwcg.gov,Department of Agriculture,,false,false,88,42,2026-09-07T01:02:03.850Z,2026-09-07T17:29:11Z
iaf.usajobs.gov,Office of Personnel Management,,false,false,85,70,2026-09-07T04:59:24.175Z,2026-09-07T17:29:11Z
www.oig.usda.gov,Council of the Inspectors General on Integrity and Efficiency,,true,false,84,42,2026-09-07T10:37:13.183Z,2026-09-07T17:29:11Z
learn.wip.nlm.nih.gov,Department of Health and Human Services,,false,false,83,63,2026-09-07T08:41:01.015Z,2026-09-07T17:29:11Z
www.cpsc.gov,Consumer Product Safety Commission,v3.4.1,true,false,82,30,2026-09-07T11:28:08.056Z,2026-09-07T17:29:11Z
ustp.usajobs.gov,Office of Personnel Management,,false,false,82,60,2026-09-07T08:30:12.426Z,2026-09-07T17:29:11Z
nicbr.health.mil,Department of Defense,,true,false,81,52,2026-09-07T07:55:26.533Z,2026-09-07T17:29:11Z
www.boulder.noaa.gov,Department of Commerce,v3.3.0,true,false,81,28,2026-09-04T22:37:23.447Z,2026-09-07T17:29:11Z
eparegion8.usajobs.gov,Office of Personnel Management,,false,false,80,44,2026-09-07T04:56:31.108Z,2026-09-07T17:29:11Z
ml4i.llnl.gov,Department of Energy,,true,false,79,62,2026-09-04T22:37:23.447Z,2026-09-07T17:29:11Z
ai.cms.gov,Department of Health and Human Services,v3.2.0,true,false,79,38,2026-09-07T14:08:02.217Z,2026-09-07T17:29:11Z
hmddirectory.wip.nlm.nih.gov,Department of Health and Human Services,v3.0.1,true,false,78,60,2026-09-07T12:07:25.177Z,2026-09-07T17:29:11Z
campd.epa.gov,Environmental Protection Agency,v3.13.0,true,false,78,76,2026-09-07T11:44:23.941Z,2026-09-07T17:29:11Z
financeearlycareer.usajobs.gov,Office of Personnel Management,,false,false,75,42,2026-09-07T07:30:21.245Z,2026-09-07T17:29:11Z
indexcat.wip.nlm.nih.gov,Department of Health and Human Services,,false,false,75,57,2026-09-07T01:48:38.733Z,2026-09-07T17:29:11Z
gulflink.fhpr.osd.mil,Department of Defense,,true,false,73,40,2026-09-07T13:05:29.157Z,2026-09-07T17:29:11Z
iaea.llnl.gov,Department of Energy,,true,false,73,31,2026-09-07T07:27:01.827Z,2026-09-07T17:29:11Z
www.iprcenter.gov,Department of Justice,,true,false,70,31,2026-09-07T09:28:47.906Z,2026-09-07T17:29:11Z
irpseminar.wip.nlm.nih.gov,Department of Health and Human Services,v3.0.1,true,false,69,51,2026-09-04T22:37:23.447Z,2026-09-07T17:29:11Z
egptraining.wildfire.gov,Department of Agriculture,v2.0.3,true,false,69,14,2026-09-07T06:52:38.854Z,2026-09-07T17:29:11Z
steel.trade.gov,Department of Commerce,,true,false,62,28,2026-09-07T08:12:52.029Z,2026-09-07T17:29:11Z
lhc-maintenance.nlm.nih.gov,Department of Health and Human Services,,true,false,62,53,2026-09-07T01:45:17.879Z,2026-09-07T17:29:11Z
obocareers.usajobs.gov,Office of Personnel Management,,false,false,61,32,2026-09-07T03:04:30.319Z,2026-09-07T17:29:11Z
www.fda.gov,Department of Health and Human Services,,true,false,60,61,2026-09-07T03:16:51.239Z,2026-09-07T17:29:11Z
train2.rocis.gov,General Services Administration,,true,false,59,38,2026-09-07T12:43:18.095Z,2026-09-07T17:29:11Z
sat2.reginfo.gov,General Services Administration,,true,false,59,36,2026-09-07T00:48:49.292Z,2026-09-07T17:29:11Z
www.uspto.gov,Department of Commerce,v2.8.0,false,false,54,56,2026-09-07T15:01:52.957Z,2026-09-07T17:29:11Z
old-pcmdi.llnl.gov,Department of Energy,v2.14.0,true,false,52,52,2026-09-07T05:45:24.637Z,2026-09-07T17:29:11Z
dodea-ed-aides.usajobs.gov,Office of Personnel Management,,false,false,51,23,2026-09-07T12:48:23.237Z,2026-09-07T17:29:11Z
nepa.gov,Department of Energy,v3.13.0,true,false,49,47,2026-09-07T11:05:46.949Z,2026-09-07T17:29:11Z
bisulfite.nichd.nih.gov,Department of Health and Human Services,,true,false,49,49,2026-09-07T05:57:32.480Z,2026-09-07T17:29:11Z
femareservist.usajobs.gov,Office of Personnel Management,,false,false,49,23,2026-09-07T13:50:57.255Z,2026-09-07T17:29:11Z
disc-beta.gsfc.nasa.gov,National Aeronautics and Space Administration,,false,false,45,29,2026-09-07T07:42:02.613Z,2026-09-07T17:29:11Z
fr-usa-accord.llnl.gov,Department of Energy,,true,false,45,28,2026-09-07T12:14:15.463Z,2026-09-07T17:29:11Z
www.fairs.reporting.gov,General Services Administration,v2.13.2,true,false,44,2,2026-09-07T12:56:01.673Z,2026-09-07T17:29:11Z
search.ahrq.gov,Department of Health and Human Services,,true,false,44,19,2026-09-07T00:42:22.621Z,2026-09-07T17:29:11Z
train2.reginfo.gov,General Services Administration,,true,false,44,15,2026-09-07T06:54:11.715Z,2026-09-07T17:29:11Z
www.niaid.nih.gov,Department of Health and Human Services,,false,false,44,5,2026-09-07T13:52:48.765Z,2026-09-07T17:29:11Z
www.bsee.gov,Department of the Interior,,true,false,36,14,2026-09-07T11:30:59.199Z,2026-09-07T17:29:11Z
usda-disability-hiring.usajobs.gov,Office of Personnel Management,,false,false,33,20,2026-09-07T08:21:57.794Z,2026-09-07T17:29:11Z
www.ibwc.gov,Department of State,v3.4.1,true,false,32,12,2026-09-07T10:00:20.442Z,2026-09-07T17:29:11Z
cybersecurity.llnl.gov,Department of Energy,,true,false,30,32,2026-09-07T12:16:49.480Z,2026-09-07T17:29:11Z
www.wapa.gov,Department of Energy,,true,false,29,10,2026-09-04T22:37:23.447Z,2026-09-07T17:29:11Z
www.atsdr.cdc.gov,Department of Health and Human Services,,true,false,28,21,2026-09-07T09:32:17.793Z,2026-09-07T17:29:11Z
chemview.epa.gov,Environmental Protection Agency,,true,false,28,80,2026-09-07T14:01:20.475Z,2026-09-07T17:29:11Z
www.nrc.gov,Nuclear Regulatory Commission,,true,false,27,27,2026-09-07T13:31:28.572Z,2026-09-07T17:29:11Z
dfcveteransandmilitaryspouses.usajobs.gov,Office of Personnel Management,,false,false,24,15,2026-09-07T04:45:30.412Z,2026-09-07T17:29:11Z
usda-military-spouses.usajobs.gov,Office of Personnel Management,,false,false,23,18,2026-09-07T13:56:07.543Z,2026-09-07T17:29:11Z
repository.library.noaa.gov,Department of Commerce,,false,false,22,22,2026-09-07T02:29:24.556Z,2026-09-07T17:29:11Z
www.dsac.gov,Department of Justice,,true,false,22,9,2026-09-07T11:24:48.114Z,2026-09-07T17:29:11Z
2017-2021.state.gov,Department of State,,false,false,21,21,2026-09-07T09:32:38.989Z,2026-09-07T17:29:11Z
healthit.gov,Department of Health and Human Services,,true,false,20,21,2026-09-07T12:01:25.759Z,2026-09-07T17:29:11Z
reclamationpathways.usajobs.gov,Office of Personnel Management,,false,false,19,9,2026-09-07T10:36:24.626Z,2026-09-07T17:29:11Z
techearlycareer.usajobs.gov,Office of Personnel Management,,false,false,18,11,2026-09-07T08:03:02.117Z,2026-09-07T17:29:11Z
www.noaa.gov,Department of Commerce,,true,false,18,17,2026-09-07T14:24:37.052Z,2026-09-07T17:29:11Z
ai.fmcsa.dot.gov,Department of Transportation,,true,false,18,18,2026-09-04T22:37:23.447Z,2026-09-07T17:29:11Z
www.nsa.gov,Department of Defense,,false,false,17,13,2026-09-04T22:37:23.447Z,2026-09-07T17:29:11Z
rtips.cancer.gov,Department of Health and Human Services,,true,false,15,15,2026-09-04T22:37:23.447Z,2026-09-07T17:29:11Z
developer.va.gov,Department of Veterans Affairs,,true,false,14,14,2026-09-07T10:11:29.954Z,2026-09-07T17:29:11Z
www.georgewbushlibrary.gov,National Archives and Records Administration,v3.4.1,true,false,13,5,2026-09-07T11:59:28.265Z,2026-09-07T17:29:11Z
atec.usajobs.gov,Office of Personnel Management,,false,false,12,4,2026-09-07T04:56:32.726Z,2026-09-07T17:29:11Z
exim.gov,Export-Import Bank of the United States,,true,false,12,12,2026-09-07T14:57:17.228Z,2026-09-07T17:29:11Z
fac-prod.app.cloud.gov,General Services Administration,,true,false,11,5,2026-09-07T05:39:23.819Z,2026-09-07T17:29:11Z
workatferc.usajobs.gov,Office of Personnel Management,,false,false,11,10,2026-09-07T08:22:20.484Z,2026-09-07T17:29:11Z
treasuryhq.usajobs.gov,Office of Personnel Management,,false,false,11,7,2026-09-04T22:37:23.447Z,2026-09-07T17:29:11Z
www.cisa.gov,Department of Homeland Security,,true,false,10,10,2026-09-07T14:17:34.437Z,2026-09-07T17:29:11Z
www.gsa.gov,General Services Administration,,true,false,10,12,2026-09-07T13:16:36.995Z,2026-09-07T17:29:11Z
catalog.data.gov,General Services Administration,v3.14.0,true,false,9,13,2026-09-07T02:25:16.851Z,2026-09-07T17:29:11Z
www.fmc.gov,Federal Maritime Commission,v3.7.1,true,false,9,6,2026-09-07T05:48:15.846Z,2026-09-07T17:29:11Z
genealogy.uscis.dhs.gov,Department of Homeland Security,v3.13.0,true,false,9,14,2026-09-07T08:52:29.397Z,2026-09-07T17:29:11Z
www.nimh.nih.gov,Department of Health and Human Services,,true,false,7,8,2026-09-07T10:24:54.346Z,2026-09-07T17:29:11Z
cdc-ncipc.usajobs.gov,Office of Personnel Management,,false,false,7,6,2026-09-07T13:43:36.778Z,2026-09-07T17:29:11Z
www.ars.usda.gov,Department of Agriculture,,true,false,6,6,2026-09-07T14:12:57.651Z,2026-09-07T17:29:11Z
downloads.psl.noaa.gov,Department of Commerce,v3.8.0,true,false,6,4,2026-09-07T13:31:39.932Z,2026-09-07T17:29:11Z
www.usembassy.gov,Department of State,,true,false,6,5,2026-09-07T03:56:43.215Z,2026-09-07T17:29:11Z
www.fincen.gov,Department of the Treasury,,true,false,6,7,2026-09-07T04:33:00.173Z,2026-09-07T17:29:11Z
www.vcf.gov,Department of Justice,,true,false,6,3,2026-09-07T07:01:18.757Z,2026-09-07T17:29:11Z
www.ic3.gov,Department of Justice,v3.8.2,true,false,5,5,2026-09-07T14:06:07.037Z,2026-09-07T17:29:11Z
www.ttb.gov,Department of the Treasury,,true,false,5,4,2026-09-04T22:37:23.447Z,2026-09-07T17:29:11Z
touchpoints.app.cloud.gov,General Services Administration,v3.12.0,true,false,5,5,2026-09-07T06:03:05.375Z,2026-09-07T17:29:11Z
www.ready.gov,Department of Homeland Security,,true,false,5,5,2026-09-07T14:10:57.583Z,2026-09-07T17:29:11Z
www.cem.va.gov,Department of Veterans Affairs,,true,false,5,5,2026-09-07T08:56:46.012Z,2026-09-07T17:29:11Z
www.fsa.usda.gov,Department of Agriculture,v3.14.0,true,false,4,2,2026-09-04T22:37:23.447Z,2026-09-07T17:29:11Z
www.fs.usda.gov,Department of Agriculture,,true,false,4,6,2026-09-07T08:07:46.865Z,2026-09-07T17:29:11Z
pages.cloud.gov,General Services Administration,,true,false,4,3,2026-09-07T07:51:58.629Z,2026-09-07T17:29:11Z
www.helpwithmybank.gov,Department of the Treasury,,true,false,4,4,2026-09-07T13:43:10.661Z,2026-09-07T17:29:11Z
www.benefits.va.gov,Department of Veterans Affairs,,true,false,4,4,2026-09-07T08:49:54.121Z,2026-09-07T17:29:11Z
www.ntia.gov,Department of Commerce,,true,false,4,3,2026-09-07T10:32:19.958Z,2026-09-07T17:29:11Z
www.bep.gov,Department of the Treasury,,true,false,4,3,2026-09-07T14:44:29.200Z,2026-09-07T17:29:11Z
www.jimmycarterlibrary.gov,National Archives and Records Administration,,false,false,4,4,2026-09-07T07:23:59.013Z,2026-09-07T17:29:11Z
www.doi.gov,Department of the Interior,,true,false,4,4,2026-09-07T11:57:38.666Z,2026-09-07T17:29:11Z
www.travel.reporting.gov,General Services Administration,v2.13.2,true,false,3,2,2026-09-07T08:06:50.221Z,2026-09-07T17:29:11Z
usaccess-alp.gsa.gov,General Services Administration,v2.13.2,true,false,3,3,2026-09-07T09:00:51.148Z,2026-09-07T17:29:11Z
stacks.cdc.gov,Department of Health and Human Services,,false,false,3,4,2026-09-07T01:10:14.830Z,2026-09-07T17:29:11Z
ntis.gov,Department of Commerce,,false,false,3,3,2026-09-07T00:57:37.127Z,2026-09-07T17:29:11Z
login.usajobs.gov,Office of Personnel Management,,false,false,3,3,2026-09-07T05:00:06.933Z,2026-09-07T17:29:11Z
basc.pnnl.gov,Department of Energy,v3.9.0,true,false,3,3,2026-09-07T14:45:05.076Z,2026-09-07T17:29:11Z
medlineplus.awsqa.nlm.nih.gov,Department of Health and Human Services,,true,false,3,3,2026-09-07T10:07:37.649Z,2026-09-07T17:29:11Z
lookforwatersense-prod.app.cloud.gov,General Services Administration,,true,false,2,2,2026-09-07T05:53:38.269Z,2026-09-07T17:29:11Z
nlrbinternalvacancies.usajobs.gov,Office of Personnel Management,,false,false,2,2,2026-09-07T07:14:29.642Z,2026-09-07T17:29:11Z
www.nesdis.noaa.gov,Department of Commerce,,true,false,2,2,2026-09-07T14:16:26.087Z,2026-09-07T17:29:11Z
www.nixonlibrary.gov,National Archives and Records Administration,v3.4.1,true,false,2,2,2026-09-07T12:39:45.989Z,2026-09-07T17:29:11Z
stemcells.nih.gov,Department of Health and Human Services,,false,false,2,2,2026-09-07T13:53:51.363Z,2026-09-07T17:29:11Z
www.cdfifund.gov,Department of the Treasury,,true,false,2,2,2026-09-04T22:37:23.447Z,2026-09-07T17:29:11Z
nlrb.usajobs.gov,Office of Personnel Management,,false,false,2,1,2026-09-07T07:31:52.814Z,2026-09-07T17:29:11Z
cra-q.fdic.gov,Federal Deposit Insurance Corporation,v2.6.0,true,false,1,1,2026-09-07T02:59:56.701Z,2026-09-07T17:29:11Z
library.bldrdoc.gov,Department of Commerce,v2.13.0,true,false,1,1,2026-09-07T06:46:24.033Z,2026-09-07T17:29:11Z
accessgudid.nlm.nih.gov,Department of Health and Human Services,,true,false,1,1,2026-09-07T09:37:11.861Z,2026-09-07T17:29:11Z
ors.ofac.treas.gov,Department of the Treasury,,true,false,0,0,2026-09-07T01:56:46.999Z,2026-09-07T17:29:11Z
rsac.fra.dot.gov,Department of Transportation,,true,false,0,0,2026-09-07T10:42:00.925Z,2026-09-07T17:29:11Z
metdat-grn.llnl.gov,Department of Energy,v3.13.0,false,true,0,0,2026-09-07T05:45:13.396Z,2026-09-07T17:29:11Z
softwarelicensing.llnl.gov,Department of Energy,,false,true,0,0,2026-09-07T06:10:58.412Z,2026-09-07T17:29:11Z
abo.ltcfeds.gov,Office of Personnel Management,,true,false,0,0,2026-09-07T06:37:45.262Z,2026-09-07T17:29:11Z
www.ltcfeds.gov,Office of Personnel Management,,true,false,0,0,2026-09-07T06:44:36.268Z,2026-09-07T17:29:11Z
www.macpac.gov,Medicaid and CHIP Payment and Access Commission,,true,false,0,0,2026-09-04T22:37:23.447Z,2026-09-07T17:29:11Z
hub.marinecadastre.gov,Department of Commerce,,false,false,0,0,2026-09-07T07:05:38.353Z,2026-09-07T17:29:11Z
www.llnl.gov,Department of Energy,,true,false,0,0,2026-09-07T13:28:23.977Z,2026-09-07T17:29:11Z
www.mcc.gov,Millennium Challenge Corporation,v3.5.0,true,false,0,0,2026-09-07T07:45:41.526Z,2026-09-07T17:29:11Z
www.medpac.gov,Medicare Payment Advisory Commission,,true,false,0,0,2026-09-07T10:30:01.421Z,2026-09-07T17:29:11Z
www.lcacommons.gov,Department of Agriculture,,true,false,0,0,2026-09-07T12:47:23.874Z,2026-09-07T17:29:11Z
jwod.gov,United States AbilityOne Commission,v3.11.0,true,false,0,0,2026-09-07T06:53:29.076Z,2026-09-07T17:29:11Z
www.mgi.gov,Department of Commerce,,true,false,0,0,2026-09-07T04:32:31.871Z,2026-09-07T17:29:11Z
www.mspb.gov,Merit Systems Protection Board,v1.6.8,true,false,0,0,2026-09-07T07:45:16.297Z,2026-09-07T17:29:11Z
usalogin.justice.gov,Department of Justice,,false,false,0,0,2026-09-07T14:21:52.629Z,2026-09-07T17:29:11Z
probono.eoir.justice.gov,Department of Justice,,false,false,0,0,2026-09-07T09:21:22.064Z,2026-09-07T17:29:11Z
www.juntos.gov,Department of Homeland Security,v2.12.0,true,false,0,0,2026-09-07T12:54:51.063Z,2026-09-07T17:29:11Z
www.nano.gov,Executive Office of the President,v2.8.1,true,false,0,0,2026-09-07T07:41:26.301Z,2026-09-07T17:29:11Z
www.jem.gov,Department of the Interior,,false,true,0,0,2026-09-07T09:31:31.503Z,2026-09-07T17:29:11Z
explorationscience.nasa.gov,National Aeronautics and Space Administration,,false,false,0,0,2026-09-07T13:49:54.862Z,2026-09-07T17:29:11Z
isotopes.gov,Department of Energy,v3.11.0,true,false,0,0,2026-09-04T22:37:23.447Z,2026-09-07T17:29:11Z
gcn.nasa.gov,National Aeronautics and Space Administration,,true,false,0,0,2026-09-07T14:08:26.154Z,2026-09-07T17:29:11Z
hesto.smce.nasa.gov,National Aeronautics and Space Administration,,false,false,0,0,2026-09-07T09:47:02.740Z,2026-09-07T17:29:11Z
lunarscience.arc.nasa.gov,National Aeronautics and Space Administration,,false,false,0,0,2026-09-07T11:46:41.704Z,2026-09-07T17:29:11Z
lunarscience.nasa.gov,National Aeronautics and Space Administration,,false,false,0,0,2026-09-04T22:37:23.447Z,2026-09-07T17:29:11Z
www.irsauctions.gov,Department of the Treasury,,true,false,0,0,2026-09-07T14:37:03.607Z,2026-09-07T17:29:11Z
nightsky.jpl.nasa.gov,National Aeronautics and Space Administration,,true,false,0,0,2026-09-07T11:12:23.382Z,2026-09-07T17:29:11Z
nlsi.arc.nasa.gov,National Aeronautics and Space Administration,,false,false,0,0,2026-09-07T01:09:04.902Z,2026-09-07T17:29:11Z
apply.intelligencecareers.gov,Department of Defense,,true,false,0,0,2026-09-07T10:03:57.963Z,2026-09-07T17:29:11Z
imls.gov,Institute of Museum and Library Services,,true,false,0,0,2026-09-07T08:36:29.146Z,2026-09-07T17:29:11Z
pds.mcp.nasa.gov,National Aeronautics and Space Administration,,false,false,0,0,2026-09-07T05:46:36.109Z,2026-09-07T17:29:11Z
sservi.arc.nasa.gov,National Aeronautics and Space Administration,,false,false,0,0,2026-09-07T06:10:47.573Z,2026-09-07T17:29:11Z
www.ihs.gov,Department of Health and Human Services,,false,false,0,0,2026-09-07T14:20:15.000Z,2026-09-07T17:29:11Z
contact.iedison.gov,Department of Commerce,,true,false,0,0,2026-09-07T14:12:43.457Z,2026-09-07T17:29:11Z
sservi.nasa.gov,National Aeronautics and Space Administration,,false,false,0,0,2026-09-07T13:41:18.669Z,2026-09-07T17:29:11Z
aa.usno.navy.mil,Department of Defense,v2.12.0,true,false,0,0,2026-09-07T12:36:02.313Z,2026-09-07T17:29:11Z
www.idmanagement.gov,General Services Administration,v3.13.0,true,false,0,0,2026-09-07T09:13:10.943Z,2026-09-07T17:29:11Z
crf.usno.navy.mil,Department of Defense,v2.11.2,true,false,0,0,2026-09-07T02:12:36.074Z,2026-09-07T17:29:11Z
portal.ursula.identitysandbox.gov,General Services Administration,,true,false,0,0,2026-09-07T09:11:07.869Z,2026-09-07T17:29:11Z
portal.int.identitysandbox.gov,General Services Administration,,true,false,0,0,2026-09-07T10:39:55.380Z,2026-09-07T17:29:11Z
nrewwwtest.nre.navy.mil,Department of Defense,,true,false,0,0,2026-09-07T07:48:47.817Z,2026-09-07T17:29:11Z
sec8k.ic3.gov,Department of Justice,v3.8.0,true,false,0,0,2026-09-07T07:52:19.134Z,2026-09-07T17:29:11Z
www.nbrc.gov,Northern Border Regional Commission,,true,false,0,0,2026-09-07T02:47:11.602Z,2026-09-07T17:29:11Z
www.ncd.gov,National Council on Disability,,true,false,0,0,2026-09-07T02:49:03.364Z,2026-09-07T17:29:11Z
feds.iawg.gov,Department of State,,true,false,0,0,2026-09-07T07:47:54.647Z,2026-09-07T17:29:11Z
www.neh.gov,National Endowment for the Humanities,,false,true,0,0,2026-09-07T14:37:21.983Z,2026-09-07T17:29:11Z
www.huduser.gov,Department of Housing and Urban Development,v2.13.3,true,false,0,0,2026-09-07T08:53:58.528Z,2026-09-07T17:29:11Z
okta.hud.gov,Department of Housing and Urban Development,,false,false,0,0,2026-09-07T10:48:02.480Z,2026-09-07T17:29:11Z
opotxfind.hrsa.gov,Department of Health and Human Services,v3.13.0,true,false,0,0,2026-09-07T09:04:16.640Z,2026-09-07T17:29:11Z
findhivcare.hrsa.gov,Department of Health and Human Services,v3.13.0,true,false,0,0,2026-09-07T08:57:54.899Z,2026-09-07T17:29:11Z
findanetwork.hrsa.gov,Department of Health and Human Services,v3.13.0,true,false,0,0,2026-09-07T06:33:55.786Z,2026-09-07T17:29:11Z
findahealthcenter.hrsa.gov,Department of Health and Human Services,v3.13.0,true,false,0,0,2026-09-07T09:43:56.098Z,2026-09-07T17:29:11Z
oidc.hwss.hpc.mil,Department of Defense,v1.6.14,true,false,0,0,2026-09-07T08:50:26.693Z,2026-09-07T17:29:11Z
www.speaker.gov,United States House of Representatives,,false,false,0,0,2026-09-07T06:31:33.975Z,2026-09-07T17:29:11Z
cisneros.house.gov,United States House of Representatives,,false,false,0,0,2026-09-07T00:38:26.348Z,2026-09-07T17:29:11Z
www.ojp.gov,Department of Justice,.,true,false,0,0,2026-09-07T09:30:33.713Z,2026-09-07T17:29:11Z
ncua.okta.com,National Credit Union Administration,,false,false,0,0,2026-09-07T09:13:14.400Z,2026-09-07T17:29:11Z
xms.hhs.gov,Department of Health and Human Services,v2.0.2,true,false,0,0,2026-09-07T07:38:53.583Z,2026-09-07T17:29:11Z
ncua-preview.okta.com,National Credit Union Administration,,false,false,0,0,2026-09-07T09:12:01.838Z,2026-09-07T17:29:11Z
tanfdata.acf.hhs.gov,Department of Health and Human Services,,true,false,0,0,2026-09-07T11:23:38.704Z,2026-09-07T17:29:11Z
resources.rhyttac.org,Department of Health and Human Services,,true,false,0,0,2026-09-04T22:37:23.447Z,2026-09-07T17:29:11Z
earth-info.nga.mil,Department of Defense,2.7.0,true,false,0,0,2026-09-04T22:37:23.447Z,2026-09-07T17:29:11Z
geonames.nga.mil,Department of Defense,v3.2.0,false,false,0,0,2026-09-07T09:16:23.213Z,2026-09-07T17:29:11Z
www.rds.cms.hhs.gov,Department of Health and Human Services,v3.12.0,true,false,0,0,2026-09-07T10:48:45.890Z,2026-09-07T17:29:11Z
ocsp.acf.hhs.gov,Department of Health and Human Services,v3.7.1,true,false,0,0,2026-09-07T12:14:08.198Z,2026-09-07T17:29:11Z
gwg.nga.mil,Department of Defense,v2.13.0,true,false,0,0,2026-09-07T09:34:29.004Z,2026-09-07T17:29:11Z
nytd.acf.hhs.gov,Department of Health and Human Services,,true,false,0,0,2026-09-07T12:16:58.438Z,2026-09-07T17:29:11Z
www.usai.gov,General Services Administration,,true,false,0,0,2026-09-07T07:23:38.055Z,2026-09-07T17:29:11Z
nppes.cms.hhs.gov,Department of Health and Human Services,,false,false,0,0,2026-09-07T10:50:20.679Z,2026-09-07T17:29:11Z
int.xms.hhs.gov,Department of Health and Human Services,v2.0.2,true,false,0,0,2026-09-07T11:31:57.778Z,2026-09-07T17:29:11Z
int.fedhub.hhs.gov,Department of Health and Human Services,v2.0.2,true,false,0,0,2026-09-07T11:25:46.327Z,2026-09-07T17:29:11Z
hses.ohs.acf.hhs.gov,Department of Health and Human Services,,false,false,0,0,2026-09-07T10:19:11.008Z,2026-09-07T17:29:11Z
uas.nifc.gov,Department of the Interior,v2.13.0,true,false,0,0,2026-09-07T04:36:54.667Z,2026-09-07T17:29:11Z
www.unemployment.gov,Department of Labor,v3.13.0,true,false,0,0,2026-09-07T14:23:34.084Z,2026-09-07T17:29:11Z
forms.oig.hhs.gov,Department of Health and Human Services,v3.13.0,true,false,0,0,2026-09-07T11:09:50.090Z,2026-09-07T17:29:11Z
mycitrix.tva.gov,Tennessee Valley Authority,,false,false,0,0,2026-09-07T13:38:39.668Z,2026-09-07T17:29:11Z
www.tvaoig.gov,Tennessee Valley Authority,v3.4.1,true,false,0,0,2026-09-07T14:24:32.851Z,2026-09-07T17:29:11Z
forms.iglb.oig.hhs.gov,Department of Health and Human Services,v3.13.0,true,false,0,0,2026-09-07T11:11:02.508Z,2026-09-07T17:29:11Z
fedhub.hhs.gov,Department of Health and Human Services,v2.0.2,true,false,0,0,2026-09-07T12:19:06.266Z,2026-09-07T17:29:11Z
accessclinicaldata.niaid.nih.gov,Department of Health and Human Services,,false,false,0,0,2026-09-07T11:25:09.987Z,2026-09-07T17:29:11Z
empowerprogram.hhs.gov,Department of Health and Human Services,v2.7.1,true,false,0,0,2026-09-07T13:09:13.839Z,2026-09-07T17:29:11Z
dab.efile.hhs.gov,Department of Health and Human Services,v3.8.0,true,false,0,0,2026-09-07T09:48:03.072Z,2026-09-07T17:29:11Z
bdr.hhs.gov,Department of Health and Human Services,,true,false,0,0,2026-09-07T09:50:02.682Z,2026-09-07T17:29:11Z
accessgudid.awsprod.nlm.nih.gov,Department of Health and Human Services,,true,false,0,0,2026-09-07T04:38:20.106Z,2026-09-07T17:29:11Z
usamricd.health.mil,Department of Defense,,true,false,0,0,2026-09-07T08:35:15.733Z,2026-09-07T17:29:11Z
trumpcard.gov,Executive Office of the President,,false,false,0,0,2026-09-07T03:24:45.620Z,2026-09-07T17:29:11Z
usamraa.health.mil,Department of Defense,,true,false,0,0,2026-09-07T13:52:40.282Z,2026-09-07T17:29:11Z
bioart.niaid.nih.gov,Department of Health and Human Services,,false,false,0,0,2026-09-07T06:37:57.025Z,2026-09-07T17:29:11Z
www.cc.nih.gov,Department of Health and Human Services,,true,false,0,0,2026-09-07T07:49:43.782Z,2026-09-07T17:29:11Z
home.tei.treasury.gov,Department of the Treasury,v2.10.1,true,false,0,0,2026-09-07T13:28:37.064Z,2026-09-07T17:29:11Z
biolincc.nhlbi.nih.gov,Department of Health and Human Services,,false,false,0,0,2026-09-07T05:55:32.351Z,2026-09-07T17:29:11Z
bit.niddk.nih.gov,Department of Health and Human Services,,true,false,0,0,2026-09-07T05:47:59.034Z,2026-09-07T17:29:11Z
www.nei.nih.gov,Department of Health and Human Services,,true,true,0,0,2026-09-07T07:37:32.666Z,2026-09-07T17:29:11Z
clinicalsurvey.nichd.nih.gov,Department of Health and Human Services,,true,false,0,0,2026-09-07T14:57:04.068Z,2026-09-07T17:29:11Z
cmr.nci.nih.gov,Department of Health and Human Services,,true,false,0,0,2026-09-07T07:44:22.671Z,2026-09-07T17:29:11Z
finred.usalearning.gov,Office of Personnel Management,,true,false,0,0,2026-09-07T04:40:31.512Z,2026-09-07T17:29:11Z
caia-acc.treasury.gov,Department of the Treasury,v2.4.0,true,false,0,0,2026-09-07T13:23:32.446Z,2026-09-07T17:29:11Z
api.usaspending.gov,Department of the Treasury,,true,false,0,0,2026-09-07T04:58:03.850Z,2026-09-07T17:29:11Z
broker.usaspending.gov,Department of the Treasury,,true,false,0,0,2026-09-07T05:56:16.136Z,2026-09-07T17:29:11Z
bsaefiling-sandbox.fincen.gov,Department of the Treasury,,true,false,0,0,2026-09-07T02:07:19.763Z,2026-09-07T17:29:11Z
manuals.dha.mil,Department of Defense,,true,false,0,0,2026-09-07T03:54:37.209Z,2026-09-07T17:29:11Z
www.ddshub.nih.gov,Department of Health and Human Services,,true,false,0,0,2026-09-07T05:42:17.811Z,2026-09-07T17:29:11Z
www.usccr.gov,U.S. Commission on Civil Rights,,true,false,0,0,2026-09-07T07:16:03.940Z,2026-09-07T17:29:11Z
dirkozel.nhlbi.nih.gov,Department of Health and Human Services,,false,false,0,0,2026-09-07T10:24:44.207Z,2026-09-07T17:29:11Z
idp.uscis.gov,Department of Homeland Security,,true,false,0,0,2026-09-07T14:31:51.694Z,2026-09-07T17:29:11Z
externaltest.idp.uscis.gov,Department of Homeland Security,,true,false,0,0,2026-09-07T07:20:09.376Z,2026-09-07T17:29:11Z
eph.health.mil,Department of Defense,,true,false,0,0,2026-09-07T09:00:02.349Z,2026-09-07T17:29:11Z
ecqi.healthit.gov,Department of Health and Human Services,,true,false,0,0,2026-09-07T06:02:57.167Z,2026-09-07T17:29:11Z
ofaclicensinguat.ofac.treas.gov,Department of the Treasury,,false,false,0,0,2026-09-04T22:37:23.447Z,2026-09-07T17:29:11Z
healthdata.gov,Department of Health and Human Services,,true,false,0,0,2026-09-04T22:37:23.447Z,2026-09-07T17:29:11Z
pdw.hanford.gov,Department of Energy,,true,false,0,0,2026-09-07T03:33:28.387Z,2026-09-07T17:29:11Z
dir.nhlbi.nih.gov,Department of Health and Human Services,,false,false,0,0,2026-09-07T01:29:10.274Z,2026-09-07T17:29:11Z
cand.uscourts.gov,Administrative Office of the United States Courts,,true,false,0,0,2026-09-07T05:25:00.006Z,2026-09-07T17:29:11Z
www.cvb.uscourts.gov,Administrative Office of the United States Courts,v3.13.0,true,false,0,0,2026-09-07T05:00:32.895Z,2026-09-07T17:29:11Z
www.ksp.uscourts.gov,Administrative Office of the United States Courts,,true,false,0,0,2026-09-07T14:05:50.746Z,2026-09-07T17:29:11Z
pacer.login.uscourts.gov,Administrative Office of the United States Courts,,false,false,0,0,2026-09-07T09:18:10.240Z,2026-09-07T17:29:11Z
pcl.uscourts.gov,Administrative Office of the United States Courts,,false,false,0,0,2026-09-07T07:42:50.999Z,2026-09-07T17:29:11Z
www.eauth.usda.gov,Department of Agriculture,v2.11.2,true,false,0,0,2026-09-07T14:45:22.342Z,2026-09-07T17:29:11Z
acir.aphis.usda.gov,Department of Agriculture,,true,false,0,0,2026-09-07T07:00:11.987Z,2026-09-07T17:29:11Z
acsl.ars.usda.gov,Department of Agriculture,,true,false,0,0,2026-09-07T14:11:15.653Z,2026-09-07T17:29:11Z
webshop.gsa.gov,General Services Administration,,true,false,0,0,2026-09-07T05:46:06.691Z,2026-09-07T17:29:11Z
portal.agcounts.usda.gov,Department of Agriculture,v2.12.1,false,false,0,0,2026-09-07T07:05:49.860Z,2026-09-07T17:29:11Z
dirweb.nhlbi.nih.gov,Department of Health and Human Services,,false,false,0,0,2026-09-07T12:29:40.252Z,2026-09-07T17:29:11Z
www.nal.usda.gov,Department of Agriculture,,true,false,0,0,2026-09-07T14:32:43.052Z,2026-09-07T17:29:11Z
www.cert.eauth.usda.gov,Department of Agriculture,v2.11.2,true,false,0,0,2026-09-07T14:32:17.296Z,2026-09-07T17:29:11Z
i5k.nal.usda.gov,Department of Agriculture,v3.9.0,true,false,0,0,2026-09-07T14:47:50.295Z,2026-09-07T17:29:11Z
apps.ars.usda.gov,Department of Agriculture,,true,false,0,0,2026-09-07T14:18:25.582Z,2026-09-07T17:29:11Z
paymentsearch.gsa.gov,General Services Administration,v3.1.0,true,false,0,0,2026-09-07T03:59:13.347Z,2026-09-07T17:29:11Z
nsobs-cert.fasbilling.gsa.gov,General Services Administration,,true,false,0,0,2026-09-07T07:53:59.149Z,2026-09-07T17:29:11Z
beepop.ars.usda.gov,Department of Agriculture,,true,false,0,0,2026-09-07T02:59:20.985Z,2026-09-07T17:29:11Z
datahub.transportation.gov,Department of Transportation,,true,false,0,0,2026-09-07T01:43:45.528Z,2026-09-07T17:29:11Z
cig.sc.egov.usda.gov,Department of Agriculture,v2.10.0,true,false,0,0,2026-09-04T22:37:23.447Z,2026-09-07T17:29:11Z
www.climatehubs.usda.gov,Department of Agriculture,,true,false,0,0,2026-09-07T09:34:08.264Z,2026-09-07T17:29:11Z
croplandcros.scinet.usda.gov,Department of Agriculture,,true,false,0,0,2026-09-07T08:01:18.770Z,2026-09-07T17:29:11Z
gsbca.gsa.gov,General Services Administration,,true,false,0,0,2026-09-07T02:56:32.385Z,2026-09-07T17:29:11Z
www.trainingproviderresults.gov,Department of Labor,,true,false,0,0,2026-09-07T01:49:03.527Z,2026-09-07T17:29:11Z
gsbca2.gsa.gov,General Services Administration,,true,false,0,0,2026-09-07T07:53:55.135Z,2026-09-07T17:29:11Z
directives.sc.egov.usda.gov,Department of Agriculture,,true,false,0,0,2026-09-07T14:26:54.953Z,2026-09-07T17:29:11Z
www.together.gov,Department of Homeland Security,v2.12.0,true,false,0,0,2026-09-07T08:06:50.221Z,2026-09-07T17:29:11Z
efile.aphis.usda.gov,Department of Agriculture,,true,false,0,0,2026-09-04T22:37:23.447Z,2026-09-07T17:29:11Z
efotg.sc.egov.usda.gov,Department of Agriculture,,false,false,0,0,2026-09-07T08:31:58.846Z,2026-09-07T17:29:11Z
www.nrcs.usda.gov,Department of Agriculture,,true,false,0,0,2026-09-07T09:10:59.947Z,2026-09-07T17:29:11Z
esmis.nal.usda.gov,Department of Agriculture,,true,false,0,0,2026-09-07T08:32:04.158Z,2026-09-07T17:29:11Z
nsobs.fasbilling.gsa.gov,General Services Administration,,true,false,0,0,2026-09-07T12:58:52.341Z,2026-09-07T17:29:11Z
form.together.gov,Department of Homeland Security,,false,false,0,0,2026-09-07T02:51:52.320Z,2026-09-07T17:29:11Z
mfalogin.fas.gsa.gov,General Services Administration,,false,false,0,0,2026-09-07T09:44:25.663Z,2026-09-07T17:29:11Z
www.fpacbc.usda.gov,Department of Agriculture,v3.13.0,true,false,0,0,2026-09-07T14:18:37.626Z,2026-09-07T17:29:11Z
dsid.usda.nih.gov,Department of Health and Human Services,v3.8.1,true,false,0,0,2026-09-07T08:31:00.431Z,2026-09-07T17:29:11Z
dsld.od.nih.gov,Department of Health and Human Services,v2.10.0,true,false,0,0,2026-09-07T08:24:45.029Z,2026-09-07T17:29:11Z
gain.fas.usda.gov,Department of Agriculture,v2.12.1,true,false,0,0,2026-09-07T09:52:00.480Z,2026-09-07T17:29:11Z
assist.gsa.gov,General Services Administration,v3.13.0,true,false,0,0,2026-09-07T06:02:09.974Z,2026-09-07T17:29:11Z
www.tigta.gov,Department of the Treasury,v3.11.0,true,false,0,0,2026-09-04T22:37:23.447Z,2026-09-07T17:29:11Z
auth.gsa.gov,General Services Administration,,false,false,0,0,2026-09-07T07:07:28.063Z,2026-09-07T17:29:11Z
hemp.ams.usda.gov,Department of Agriculture,,false,false,0,0,2026-09-07T10:13:15.983Z,2026-09-07T17:29:11Z
inciweb.fs2c.usda.gov,Department of Agriculture,,true,false,0,0,2026-09-07T09:24:01.201Z,2026-09-07T17:29:11Z
lat.fpac.usda.gov,Department of Agriculture,,true,false,0,0,2026-09-07T10:14:15.760Z,2026-09-07T17:29:11Z
legacy.rma.usda.gov,Department of Agriculture,,true,false,0,0,2026-09-07T10:26:57.045Z,2026-09-07T17:29:11Z
lessons.fs2c.usda.gov,Department of Agriculture,,true,false,0,0,2026-09-07T10:29:58.562Z,2026-09-07T17:29:11Z
wiki.simpler.grants.gov,Department of Health and Human Services,,false,false,0,0,2026-09-07T02:25:41.299Z,2026-09-07T17:29:11Z
np107.arsnet.usda.gov,Department of Agriculture,v2.7.1,true,false,0,0,2026-09-04T22:37:23.447Z,2026-09-07T17:29:11Z
training.grants.gov,Department of Health and Human Services,v3.3.0,true,false,0,0,2026-09-07T05:20:00.621Z,2026-09-07T17:29:11Z
pdi-spotlight-usdaars.hub.arcgis.com,Department of Agriculture,,false,false,0,0,2026-09-07T04:07:50.025Z,2026-09-07T17:29:11Z
www.training.grants.gov,Department of Health and Human Services,v3.3.0,true,false,0,0,2026-09-07T10:51:47.039Z,2026-09-07T17:29:11Z
plantatree.fs.usda.gov,Department of Agriculture,,true,false,0,0,2026-09-07T02:25:48.184Z,2026-09-07T17:29:11Z
plantpathology.ba.ars.usda.gov,Department of Agriculture,,true,false,0,0,2026-09-07T10:07:19.739Z,2026-09-07T17:29:11Z
tak.gov,Department of Defense,,false,false,0,0,2026-09-07T01:33:54.339Z,2026-09-07T17:29:11Z
pml-fsa.fpac.usda.gov,Department of Agriculture,v3.8.0,false,false,0,0,2026-09-07T07:41:04.683Z,2026-09-07T17:29:11Z
pmp.errc.ars.usda.gov,Department of Agriculture,,true,false,0,0,2026-09-07T14:23:39.612Z,2026-09-07T17:29:11Z
policy.nrcs.usda.gov,Department of Agriculture,,true,false,0,0,2026-09-07T02:38:40.475Z,2026-09-07T17:29:11Z
mohela.studentaid.gov,Department of Education,,false,false,0,0,2026-09-07T08:00:30.816Z,2026-09-07T17:29:11Z
www.ree.usda.gov,Department of Agriculture,,true,false,0,0,2026-09-07T04:32:19.534Z,2026-09-07T17:29:11Z
release.nass.usda.gov,Department of Agriculture,v1.0.0,true,false,0,0,2026-09-07T02:59:40.801Z,2026-09-07T17:29:11Z
www.gps.gov,Department of Commerce,,true,false,0,0,2026-09-07T13:04:14.967Z,2026-09-07T17:29:11Z
login.ginniemae.gov,Department of Housing and Urban Development,,false,false,0,0,2026-09-07T15:00:27.315Z,2026-09-07T17:29:11Z
gmaccess.ginniemae.gov,Department of Housing and Urban Development,,false,false,0,0,2026-09-07T05:31:08.027Z,2026-09-07T17:29:11Z
login.nih.gov,Department of Health and Human Services,,true,false,0,0,2026-09-07T12:27:55.116Z,2026-09-07T17:29:11Z
www.gao.gov,Government Accountability Office,,true,false,0,0,2026-09-07T14:56:54.447Z,2026-09-07T17:29:11Z
www.fvap.gov,Department of Defense,,true,false,0,0,2026-09-07T09:33:58.209Z,2026-09-07T17:29:11Z
uatfoodbuyingguide.fns.usda.gov,Department of Agriculture,,true,false,0,0,2026-09-07T03:18:17.340Z,2026-09-07T17:29:11Z
neidatacommons.nei.nih.gov,Department of Health and Human Services,,true,false,0,0,2026-09-07T02:52:57.006Z,2026-09-07T17:29:11Z
rn.ftc.gov,Federal Trade Commission,,false,false,0,0,2026-09-07T14:08:59.327Z,2026-09-07T17:29:11Z
finder.training.nih.gov,Department of Health and Human Services,,true,false,0,0,2026-09-07T12:15:40.520Z,2026-09-07T17:29:11Z
oig.ftc.gov,Federal Trade Commission,,true,false,0,0,2026-09-07T04:57:36.721Z,2026-09-07T17:29:11Z
wayf.globe.nih.gov,Department of Health and Human Services,,false,false,0,0,2026-09-07T14:58:08.796Z,2026-09-07T17:29:11Z
tstservice.fsd.gov,General Services Administration,,true,false,0,0,2026-09-07T04:55:51.485Z,2026-09-07T17:29:11Z
www.usds.gov,Executive Office of the President,,true,false,0,0,2026-09-07T14:48:20.007Z,2026-09-07T17:29:11Z
dojloginexternal.usdoj.gov,Department of Justice,,false,false,0,0,2026-09-07T07:42:00.124Z,2026-09-07T17:29:11Z
dojlogin.usdoj.gov,Department of Justice,,false,false,0,0,2026-09-07T05:25:24.937Z,2026-09-07T17:29:11Z
www.fsd.gov,General Services Administration,,true,false,0,0,2026-09-07T14:30:12.342Z,2026-09-07T17:29:11Z
stories.state.gov,Department of State,,false,false,0,0,2026-09-07T01:02:44.041Z,2026-09-07T17:29:11Z
sprint.usds.gov,Executive Office of the President,,true,false,0,0,2026-09-07T09:32:38.577Z,2026-09-07T17:29:11Z
social-archive.state.gov,Department of State,,false,false,0,0,2026-09-07T07:46:21.620Z,2026-09-07T17:29:11Z
www.frtib.gov,Federal Retirement Thrift Investment Board,v3.3.0,true,false,0,0,2026-09-07T00:56:02.193Z,2026-09-07T17:29:11Z
www.pmddtc.state.gov,Department of State,,true,false,0,0,2026-09-07T09:02:54.679Z,2026-09-07T17:29:11Z
fosteringthefuture.gov,Department of Health and Human Services,,true,false,0,0,2026-09-07T04:53:30.752Z,2026-09-07T17:29:11Z
www.foreignfundinghighered.gov,Department of Education,,true,false,0,0,2026-09-07T06:15:38.130Z,2026-09-07T17:29:11Z
passportfacilitylocator.travel.state.gov,Department of State,v3.7.1,true,false,0,0,2026-09-07T13:16:13.721Z,2026-09-07T17:29:11Z
www.fmcs.gov,Federal Mediation and Conciliation Service,,false,false,0,0,2026-09-07T05:53:57.930Z,2026-09-07T17:29:11Z
globe.nih.gov,Department of Health and Human Services,,false,false,0,0,2026-09-07T08:52:48.164Z,2026-09-07T17:29:11Z
efile.flra.gov,Federal Labor Relations Authority,,true,false,0,0,2026-09-07T09:17:19.072Z,2026-09-07T17:29:11Z
www.fletc.gov,Department of Homeland Security,,true,false,0,0,2026-09-07T04:36:11.385Z,2026-09-07T17:29:11Z
www.fleta.gov,Department of Homeland Security,v3.12.0,true,false,0,0,2026-09-07T04:34:39.257Z,2026-09-07T17:29:11Z
5x5.firstnet.gov,Department of Commerce,,true,false,0,0,2026-09-07T07:12:46.482Z,2026-09-07T17:29:11Z
history.nih.gov,Department of Health and Human Services,,true,false,0,0,2026-09-07T12:40:12.288Z,2026-09-07T17:29:11Z
www.financialresearch.gov,Department of the Treasury,,false,false,0,0,2026-09-07T13:10:26.181Z,2026-09-07T17:29:11Z
ficor.gov,Department of the Interior,v3.7.0,true,false,0,0,2026-09-07T09:43:54.851Z,2026-09-07T17:29:11Z
www.fhfaoig.gov,Federal Housing Finance Agency,,false,false,0,0,2026-09-07T06:31:24.980Z,2026-09-07T17:29:11Z
fgdc.gov,Department of the Interior,,false,false,0,0,2026-09-07T02:30:31.934Z,2026-09-07T17:29:11Z
www.ffb.gov,Department of the Treasury,,true,false,0,0,2026-09-07T04:28:09.159Z,2026-09-07T17:29:11Z
state.okta.com,Department of State,,false,false,0,0,2026-09-07T14:19:12.732Z,2026-09-07T17:29:11Z
go.fema.gov,Department of Homeland Security,,false,false,0,0,2026-09-07T04:04:06.443Z,2026-09-07T17:29:11Z
iocareers.state.gov,Department of State,v3.7.0,false,false,0,0,2026-09-07T07:26:49.698Z,2026-09-07T17:29:11Z
www.federalreserveconsumerhelp.gov,Board of Governors of the Federal Reserve,v3.11.0,true,false,0,0,2026-09-07T12:54:47.461Z,2026-09-07T17:29:11Z
registration.fdms.gov,General Services Administration,2.14.0,false,false,0,0,2026-09-07T03:15:12.622Z,2026-09-07T17:29:11Z
fdicoig.gov,Federal Deposit Insurance Corporation,,true,false,0,0,2026-09-07T03:11:41.956Z,2026-09-07T17:29:11Z
icmr.nhlbi.nih.gov,Department of Health and Human Services,,false,false,0,0,2026-09-07T01:35:23.747Z,2026-09-07T17:29:11Z
dsscrimetips.state.gov,Department of State,2.0.0,true,false,0,0,2026-09-07T07:15:31.883Z,2026-09-07T17:29:11Z
deccs.pmddtc.state.gov,Department of State,,true,false,0,0,2026-09-07T02:43:07.101Z,2026-09-07T17:29:11Z
playmoneysmart.fdic.gov,Federal Deposit Insurance Corporation,,true,false,0,0,2026-09-07T12:52:41.991Z,2026-09-07T17:29:11Z
orders.fdic.gov,Federal Deposit Insurance Corporation,,true,false,0,0,2026-09-07T04:46:51.401Z,2026-09-07T17:29:11Z
deccs.auth.pmddtc.state.gov,Department of State,,false,false,0,0,2026-09-07T07:05:53.421Z,2026-09-07T17:29:11Z
irpseminar.nlm.nih.gov,Department of Health and Human Services,v3.0.1,true,false,0,0,2026-09-04T22:37:23.447Z,2026-09-07T17:29:11Z
988lifeline.org,Department of Health and Human Services,,false,false,0,0,2026-09-07T00:32:08.402Z,2026-09-07T17:29:11Z
edie-s.fdic.gov,Federal Deposit Insurance Corporation,,true,false,0,0,2026-09-07T08:59:51.004Z,2026-09-07T17:29:11Z
labalaban.nhlbi.nih.gov,Department of Health and Human Services,,false,false,0,0,2026-09-07T10:09:35.025Z,2026-09-07T17:29:11Z
www.spectrum.gov,Department of Commerce,,true,false,0,0,2026-09-07T07:03:39.585Z,2026-09-07T17:29:11Z
soarc.gov,Department of Defense,,true,false,0,0,2026-09-07T13:08:20.895Z,2026-09-07T17:29:11Z
catalog.fdic.gov,Federal Deposit Insurance Corporation,v2.6.0,true,false,0,0,2026-09-07T04:50:03.298Z,2026-09-07T17:29:11Z
banks-q.data.fdic.gov,Federal Deposit Insurance Corporation,,true,false,0,0,2026-09-07T02:56:31.251Z,2026-09-07T17:29:11Z
banks-d.data.fdic.gov,Federal Deposit Insurance Corporation,,true,false,0,0,2026-09-07T13:55:10.725Z,2026-09-07T17:29:11Z
ask.fdic.gov,Federal Deposit Insurance Corporation,,true,false,0,0,2026-09-07T02:48:24.104Z,2026-09-07T17:29:11Z
archive.fdic.gov,Federal Deposit Insurance Corporation,,false,false,0,0,2026-09-07T03:21:29.163Z,2026-09-07T17:29:11Z
nbk.fdicconnect.gov,Federal Deposit Insurance Corporation,v2.10.0,true,false,0,0,2026-09-07T03:59:43.276Z,2026-09-07T17:29:11Z
www.simplereport.gov,Department of Health and Human Services,v2.14.0,true,false,0,0,2026-09-07T09:26:46.382Z,2026-09-07T17:29:11Z
pentest.simplereport.gov,Department of Health and Human Services,v2.1.0,true,false,0,0,2026-09-07T01:38:15.976Z,2026-09-07T17:29:11Z
www.fcsic.gov,Farm Credit System Insurance Corporation,v0.14.0,false,false,0,0,2026-09-07T10:34:01.754Z,2026-09-07T17:29:11Z
fcc.okta.com,Federal Communications Commission,,false,false,0,0,2026-09-07T01:51:11.234Z,2026-09-07T17:29:11Z
c2h.fcc.gov,Federal Communications Commission,,false,false,0,0,2026-09-07T05:00:33.408Z,2026-09-07T17:29:11Z
www.fcc.gov,Federal Communications Commission,,true,false,0,0,2026-09-07T13:48:45.117Z,2026-09-07T17:29:11Z
www.fca.gov,Farm Credit Administration,v1.4.1,true,false,0,0,2026-09-07T01:30:55.303Z,2026-09-07T17:29:11Z
ndex.fbi.gov,Department of Justice,v1.4.2,true,false,0,0,2026-09-07T09:43:38.853Z,2026-09-07T17:29:11Z
www.fai.gov,General Services Administration,v2.14.0,true,false,0,0,2026-09-04T22:37:23.447Z,2026-09-07T17:29:11Z
workforcedev.faa.gov,Department of Transportation,,true,false,0,0,2026-09-07T09:57:01.813Z,2026-09-07T17:29:11Z
help.myaccess.faa.gov,Department of Transportation,,true,false,0,0,2026-09-07T14:53:58.687Z,2026-09-07T17:29:11Z
faadronezone-access.faa.gov,Department of Transportation,,true,false,0,0,2026-09-07T14:59:12.549Z,2026-09-07T17:29:11Z
designee.faa.gov,Department of Transportation,,false,false,0,0,2026-09-07T14:47:23.216Z,2026-09-07T17:29:11Z
myaccessxtl.faa.gov,Department of Transportation,,true,false,0,0,2026-09-07T14:56:47.161Z,2026-09-07T17:29:11Z
aepproto.airports.faa.gov,Department of Transportation,,true,false,0,0,2026-09-07T14:44:42.304Z,2026-09-07T17:29:11Z
www.armed-services.senate.gov,United States Senate,,false,false,0,0,2026-09-07T14:15:10.325Z,2026-09-07T17:29:11Z
medlineplus.awsprod.nlm.nih.gov,Department of Health and Human Services,,true,false,0,0,2026-09-07T05:44:55.899Z,2026-09-07T17:29:11Z
www.sdr.gov,Department of Commerce,v3.3.0,true,false,0,0,2026-09-07T01:47:00.754Z,2026-09-07T17:29:11Z
nephele.niaid.nih.gov,Department of Health and Human Services,,false,false,0,0,2026-09-07T05:51:49.146Z,2026-09-07T17:29:11Z
www.niams.nih.gov,Department of Health and Human Services,,true,false,0,0,2026-09-04T22:37:23.447Z,2026-09-07T17:29:11Z
www.sbir.gov,Small Business Administration,,true,false,0,0,2026-09-04T22:37:23.447Z,2026-09-07T17:29:11Z
app.www.sbir.gov,Small Business Administration,,true,false,0,0,2026-09-07T06:53:13.335Z,2026-09-07T17:29:11Z
maps.certify.sba.gov,Small Business Administration,v1.3.1,true,false,0,0,2026-09-07T13:25:52.542Z,2026-09-07T17:29:11Z
www.nidcr.nih.gov,Department of Health and Human Services,,true,false,0,0,2026-09-07T03:39:59.527Z,2026-09-07T17:29:11Z
search.certifications.sba.gov,Small Business Administration,,true,false,0,0,2026-09-07T06:41:02.588Z,2026-09-07T17:29:11Z
www.nimhd.nih.gov,Department of Health and Human Services,,true,false,0,0,2026-09-07T12:02:20.959Z,2026-09-07T17:29:11Z
data.sba.gov,Small Business Administration,,true,false,0,0,2026-09-07T01:22:58.667Z,2026-09-07T17:29:11Z
dfcme.ondcp.eop.gov,Executive Office of the President,,true,false,0,0,2026-09-07T13:56:10.692Z,2026-09-07T17:29:11Z
pantex.energy.gov,Department of Energy,,true,false,0,0,2026-09-07T13:03:35.069Z,2026-09-07T17:29:11Z
datahub.certify.sba.gov,Small Business Administration,,true,false,0,0,2026-09-07T09:06:04.437Z,2026-09-07T17:29:11Z
bsesc.energy.gov,Department of Energy,v3.9.0,true,false,0,0,2026-09-07T11:27:12.264Z,2026-09-07T17:29:11Z
www.ninr.nih.gov,Department of Health and Human Services,,true,false,0,0,2026-09-07T09:28:30.694Z,2026-09-07T17:29:11Z
amsc.energy.gov,Department of Energy,,false,false,0,0,2026-09-07T11:30:01.151Z,2026-09-07T17:29:11Z
energycodes.gov,Department of Energy,,true,false,0,0,2026-09-07T13:52:13.393Z,2026-09-07T17:29:11Z
tfa-auth.ed.gov,Department of Education,,false,false,0,0,2026-09-07T13:16:21.079Z,2026-09-07T17:29:11Z
securitytouch.ed.gov,Department of Education,,true,false,0,0,2026-09-07T12:10:46.668Z,2026-09-07T17:29:11Z
sso.naep.ed.gov,Department of Education,v3.10.0,false,false,0,0,2026-09-07T03:12:55.333Z,2026-09-07T17:29:11Z
login.ed.gov,Department of Education,v3.4.1,true,false,0,0,2026-09-07T12:44:49.404Z,2026-09-07T17:29:11Z
gateway.ies.ed.gov,Department of Education,,true,false,0,0,2026-09-07T08:32:35.711Z,2026-09-07T17:29:11Z
fsacitrixweb.ed.gov,Department of Education,,false,false,0,0,2026-09-07T06:24:20.663Z,2026-09-07T17:29:11Z
fafsa.partnerportal.ed.gov,Department of Education,,true,false,0,0,2026-09-07T00:42:26.389Z,2026-09-07T17:29:11Z
fafsa.partnerportal-2627.ed.gov,Department of Education,,true,false,0,0,2026-09-07T11:52:38.372Z,2026-09-07T17:29:11Z
fafsa.partnerportal-2526.ed.gov,Department of Education,,true,false,0,0,2026-09-07T02:50:14.004Z,2026-09-07T17:29:11Z
fsapartners.ed.gov,Department of Education,,false,false,0,0,2026-09-07T12:56:13.491Z,2026-09-07T17:29:11Z
eed.communities.ed.gov,Department of Education,,true,false,0,0,2026-09-07T11:36:46.584Z,2026-09-07T17:29:11Z
easie.communities.ed.gov,Department of Education,v3.7.0,true,false,0,0,2026-09-07T12:57:25.996Z,2026-09-07T17:29:11Z
crdc.communities.ed.gov,Department of Education,,true,false,0,0,2026-09-07T11:57:07.538Z,2026-09-07T17:29:11Z
certifications.sba.gov,Small Business Administration,,true,false,0,0,2026-09-07T09:07:50.409Z,2026-09-07T17:29:11Z
www.eac.gov,Election Assistance Commission,v3.9.0,true,false,0,0,2026-09-07T11:31:21.098Z,2026-09-07T17:29:11Z
calculator.certifications.sba.gov,Small Business Administration,v3.7.1,true,false,0,0,2026-09-07T01:30:47.090Z,2026-09-07T17:29:11Z
www.drought.gov,Department of Commerce,v3.7.1,true,false,0,0,2026-09-07T12:45:20.744Z,2026-09-07T17:29:11Z
nitaac.nih.gov,Department of Health and Human Services,,false,false,0,0,2026-09-04T22:37:23.447Z,2026-09-07T17:29:11Z
frfdataportal.erdc.dren.mil,Department of Defense,v3.12.0,true,false,0,0,2026-09-07T12:42:18.097Z,2026-09-07T17:29:11Z
nmr.cit.nih.gov,Department of Health and Human Services,,true,false,0,0,2026-09-07T05:55:25.889Z,2026-09-07T17:29:11Z
workforce.faa.gov,Department of Transportation,,true,false,0,0,2026-09-07T14:56:09.319Z,2026-09-07T17:29:11Z
trespasstoolkit.fra.dot.gov,Department of Transportation,,true,false,0,0,2026-09-07T09:25:07.276Z,2026-09-07T17:29:11Z
tpr.fmcsa.dot.gov,Department of Transportation,,true,false,0,0,2026-09-07T10:41:33.769Z,2026-09-07T17:29:11Z
hpc-tutorials.llnl.gov,Department of Energy,,true,false,0,0,2026-09-07T12:23:15.465Z,2026-09-07T17:29:11Z
nhtsa.okta.com,Department of Transportation,v3.1.0,false,false,0,0,2026-09-07T09:35:13.353Z,2026-09-07T17:29:11Z
motus.dot.gov,Department of Transportation,v3.4.1,true,false,0,0,2026-09-07T02:58:59.502Z,2026-09-07T17:29:11Z
its.dot.gov,Department of Transportation,,true,false,0,0,2026-09-07T09:36:16.771Z,2026-09-07T17:29:11Z
ia-training.phmsa.dot.gov,Department of Transportation,v3.13.0,true,false,0,0,2026-09-07T10:10:42.313Z,2026-09-07T17:29:11Z
gradecrossingtoolkit.fra.dot.gov,Department of Transportation,,true,false,0,0,2026-09-07T02:55:43.744Z,2026-09-07T17:29:11Z
eld.fmcsa.dot.gov,Department of Transportation,,true,false,0,0,2026-09-07T03:52:42.319Z,2026-09-07T17:29:11Z
dataqs.fmcsa.dot.gov,Department of Transportation,,true,false,0,0,2026-09-07T03:46:26.970Z,2026-09-07T17:29:11Z
csa.fmcsa.dot.gov,Department of Transportation,,true,false,0,0,2026-09-07T03:54:09.226Z,2026-09-07T17:29:11Z
clearinghouse.fmcsa.dot.gov,Department of Transportation,,true,false,0,0,2026-09-07T14:19:52.779Z,2026-09-07T17:29:11Z
bridge.flhd.fhwa.dot.gov,Department of Transportation,v2.14.0,true,false,0,0,2026-09-07T12:10:18.053Z,2026-09-07T17:29:11Z
spars-signin.samhsa.gov,Department of Health and Human Services,,false,false,0,0,2026-09-07T08:56:33.592Z,2026-09-07T17:29:11Z
oprs.dol.gov,Department of Labor,,true,false,0,0,2026-09-07T11:51:43.710Z,2026-09-07T17:29:11Z
olmsofficelocator.dol.gov,Department of Labor,,false,false,0,0,2026-09-07T11:48:57.677Z,2026-09-07T17:29:11Z
lostandfound-intake.dol.gov,Department of Labor,,true,false,0,0,2026-09-07T12:02:27.718Z,2026-09-07T17:29:11Z
lostandfound.dol.gov,Department of Labor,,true,false,0,0,2026-09-07T11:47:51.358Z,2026-09-07T17:29:11Z
efile.dol.gov,Department of Labor,,true,false,0,0,2026-09-07T12:02:58.422Z,2026-09-07T17:29:11Z
cba-olms.dol.gov,Department of Labor,,true,false,0,0,2026-09-07T11:57:19.627Z,2026-09-07T17:29:11Z
snacregister.samhsa.gov,Department of Health and Human Services,,true,false,0,0,2026-09-07T01:04:15.904Z,2026-09-07T17:29:11Z
www.doioig.gov,Department of the Interior,,true,false,0,0,2026-09-07T01:01:07.143Z,2026-09-07T17:29:11Z
pilt.doi.gov,Department of the Interior,,false,false,0,0,2026-09-07T11:55:11.756Z,2026-09-07T17:29:11Z
ibc.doi.gov,Department of the Interior,,true,false,0,0,2026-09-07T12:47:32.034Z,2026-09-07T17:29:11Z
careers.doi.gov,Department of the Interior,,false,true,0,0,2026-09-07T04:12:17.941Z,2026-09-07T17:29:11Z
spr.okta.com,Department of Energy,,false,false,0,0,2026-09-07T11:37:15.450Z,2026-09-07T17:29:11Z
pantex.doe.gov,Department of Energy,,true,false,0,0,2026-09-07T11:47:24.166Z,2026-09-07T17:29:11Z
login-rsa.vdi.doe.gov,Department of Energy,,false,false,0,0,2026-09-07T11:26:55.633Z,2026-09-07T17:29:11Z
data.jgi.doe.gov,Department of Energy,,false,false,0,0,2026-09-07T12:32:49.339Z,2026-09-07T17:29:11Z
info.nsumhss.samhsa.gov,Department of Health and Human Services,v2.10.0,false,false,0,0,2026-09-07T13:42:36.606Z,2026-09-07T17:29:11Z
eams-hub.oneid.energy.gov,Department of Energy,v3.13.0,true,false,0,0,2026-09-07T15:00:36.523Z,2026-09-07T17:29:11Z
www.docline.gov,Department of Health and Human Services,,false,false,0,0,2026-09-07T10:56:00.720Z,2026-09-07T17:29:11Z
www.safetyact.gov,Department of Homeland Security,v3.0.0,true,false,0,0,2026-09-07T04:21:51.890Z,2026-09-07T17:29:11Z
calendar.library.doc.gov,Department of Commerce,v2.12.0,true,false,0,0,2026-09-07T10:34:35.638Z,2026-09-07T17:29:11Z
login-legacy.dla.mil,Department of Defense,,false,false,0,0,2026-09-07T10:26:08.825Z,2026-09-07T17:29:11Z
militarychildcare.csd.disa.mil,Department of Defense,,true,false,0,0,2026-09-07T10:20:45.384Z,2026-09-07T17:29:11Z
esgr.csd.disa.mil,Department of Defense,,false,false,0,0,2026-09-07T05:13:47.677Z,2026-09-07T17:29:11Z
dcast.csd.disa.mil,Department of Defense,,true,false,0,0,2026-09-07T05:02:48.195Z,2026-09-07T17:29:11Z
godirect.gov,Department of the Treasury,v3.12.0,true,false,0,0,2026-09-07T09:56:19.178Z,2026-09-07T17:29:11Z
www.saferproducts.gov,Consumer Product Safety Commission,,true,false,0,0,2026-09-07T12:44:26.236Z,2026-09-07T17:29:11Z
www.oig.dhs.gov,Department of Homeland Security,,true,false,0,0,2026-09-07T10:21:03.069Z,2026-09-07T17:29:11Z
immvets.dhs.gov,Department of Homeland Security,v3.0.0,true,false,0,0,2026-09-07T02:21:22.767Z,2026-09-07T17:29:11Z
safeocs.gov,Department of Transportation,,true,false,0,0,2026-09-07T13:19:24.368Z,2026-09-07T17:29:11Z
fcwebex.tsa.dhs.gov,Department of Homeland Security,v3.7.1,true,false,0,0,2026-09-07T02:06:12.155Z,2026-09-07T17:29:11Z
dhsauthportalintnonprod.dhs.gov,Department of Homeland Security,,false,false,0,0,2026-09-07T02:46:24.692Z,2026-09-07T17:29:11Z
dhsauthportalextnonprod.dhs.gov,Department of Homeland Security,,false,false,0,0,2026-09-07T02:31:31.888Z,2026-09-07T17:29:11Z
dhsauthportal.dhs.gov,Department of Homeland Security,,false,false,0,0,2026-09-07T10:43:52.703Z,2026-09-07T17:29:11Z
www.rocis.gov,General Services Administration,,true,false,0,0,2026-09-07T09:04:01.886Z,2026-09-07T17:29:11Z
caadi-7001.dhs.gov,Department of Homeland Security,v3.0.0,true,false,0,0,2026-09-07T08:20:13.998Z,2026-09-07T17:29:11Z
dhsauthportalext.dhs.gov,Department of Homeland Security,,false,false,0,0,2026-09-07T09:02:57.447Z,2026-09-07T17:29:11Z
www.restorethegulf.gov,Gulf Coast Ecosystem Restoration Council,,true,false,0,0,2026-09-04T22:37:23.447Z,2026-09-07T17:29:11Z
smartvoucher.dfas.mil,Department of Defense,v3.8.1,true,false,0,0,2026-09-07T04:38:21.062Z,2026-09-07T17:29:11Z
mypay.dfas.mil,Department of Defense,,true,false,0,0,2026-09-07T08:22:02.720Z,2026-09-07T17:29:11Z
harvest.data.gov,General Services Administration,v3.14.0,true,false,0,0,2026-09-07T08:01:12.769Z,2026-09-07T17:29:11Z
www.research.gov,National Science Foundation,,true,false,0,0,2026-09-07T14:32:44.620Z,2026-09-07T17:29:11Z
darpa.okta.com,Department of Defense,,false,false,0,0,2026-09-07T08:22:07.514Z,2026-09-07T17:29:11Z
www.darpa.mil,Department of Defense,,true,false,0,0,2026-09-07T08:00:20.034Z,2026-09-07T17:29:11Z
rt.cto.mil,Department of Defense,,false,false,0,0,2026-09-07T00:56:44.650Z,2026-09-07T17:29:11Z
www.criticalminerals.gov,Department of the Interior,,false,false,0,0,2026-09-07T00:38:29.831Z,2026-09-07T17:29:11Z
oig.cpsc.gov,Consumer Product Safety Commission,,true,false,0,0,2026-09-07T02:06:06.212Z,2026-09-07T17:29:11Z
publicrecords.copyright.gov,Library of Congress,,false,false,0,0,2026-09-07T06:24:24.001Z,2026-09-07T17:29:11Z
www.connect.gov,Department of Agriculture,v3.13.0,true,false,0,0,2026-09-07T10:38:15.307Z,2026-09-07T17:29:11Z
performance.commerce.gov,Department of Commerce,,true,false,0,0,2026-09-07T02:45:11.555Z,2026-09-07T17:29:11Z
data.commerce.gov,Department of Commerce,,true,false,0,0,2026-09-07T03:07:51.188Z,2026-09-07T17:29:11Z
www.commerce.gov,Department of Commerce,,true,false,0,0,2026-09-07T04:33:00.388Z,2026-09-07T17:29:11Z
www.collegedrinkingprevention.gov,Department of Health and Human Services,,true,false,0,0,2026-09-07T12:54:00.771Z,2026-09-07T17:29:11Z
www.coldcaserecords.gov,Civil Rights Cold Case Records Review Board,,true,false,0,0,2026-09-07T02:56:29.740Z,2026-09-07T17:29:11Z
www.property.reporting.gov,General Services Administration,v2.13.2,true,false,0,0,2026-09-07T01:00:23.950Z,2026-09-07T17:29:11Z
mmshub.cms.gov,Department of Health and Human Services,v2.8.0,true,false,0,0,2026-09-07T02:38:54.874Z,2026-09-07T17:29:11Z
identity.cms.gov,Department of Health and Human Services,,true,false,0,0,2026-09-07T02:43:09.327Z,2026-09-07T17:29:11Z
test.idp.idm.cms.gov,Department of Health and Human Services,v2.14.0,true,false,0,0,2026-09-07T03:03:48.726Z,2026-09-07T17:29:11Z
www.emeasuretool.cms.gov,Department of Health and Human Services,v3.13.0,true,false,0,0,2026-09-07T08:37:14.589Z,2026-09-07T17:29:11Z
del.cms.gov,Department of Health and Human Services,,false,false,0,0,2026-09-07T02:42:58.528Z,2026-09-07T17:29:11Z
impl.idp.idm.cms.gov,Department of Health and Human Services,v2.14.0,true,false,0,0,2026-09-07T10:43:47.309Z,2026-09-07T17:29:11Z
idm.cms.gov,Department of Health and Human Services,v2.14.0,true,false,0,0,2026-09-07T13:11:07.961Z,2026-09-07T17:29:11Z
www.obesityresearch.nih.gov,Department of Health and Human Services,,true,false,0,0,2026-09-04T22:37:23.447Z,2026-09-07T17:29:11Z
upgrade-onrr-frontend.app.cloud.gov,General Services Administration,,true,false,0,0,2026-09-07T03:29:49.735Z,2026-09-07T17:29:11Z
pathstudy.nih.gov,Department of Health and Human Services,,false,false,0,0,2026-09-07T04:13:33.341Z,2026-09-07T17:29:11Z
tdp-project-updates.app.cloud.gov,General Services Administration,v3.0.0,true,false,0,0,2026-09-07T02:35:08.102Z,2026-09-07T17:29:11Z
www.reginfo.gov,General Services Administration,,true,false,0,0,2026-09-07T14:13:22.454Z,2026-09-07T17:29:11Z
pegsexplorer.niehs.nih.gov,Department of Health and Human Services,,true,false,0,0,2026-09-07T07:25:45.738Z,2026-09-07T17:29:11Z
www.quantum.gov,Executive Office of the President,v2.8.1,true,false,0,0,2026-09-04T22:37:23.447Z,2026-09-07T17:29:11Z
directory.psc.gov,Department of Health and Human Services,,true,false,0,0,2026-09-07T00:43:08.768Z,2026-09-07T17:29:11Z
psa.gov,Court Services and Offender Supervision Agency for the District of Columbia,,true,false,0,0,2026-09-07T03:41:57.774Z,2026-09-07T17:29:11Z
omh-website.app.cloud.gov,General Services Administration,,true,false,0,0,2026-09-07T07:49:31.112Z,2026-09-07T17:29:11Z
oasis.app.cloud.gov,General Services Administration,,true,false,0,0,2026-09-07T10:40:55.168Z,2026-09-07T17:29:11Z
colorado-river-portal.usgs.gov,Department of the Interior,,false,false,0,0,2026-09-04T22:37:23.447Z,2026-09-07T17:29:11Z
presidentialserviceawards.gov,Corporation for National and Community Service,,true,false,0,0,2026-09-07T07:32:32.555Z,2026-09-07T17:29:11Z
tethys.pnnl.gov,Department of Energy,v3.9.0,true,false,0,0,2026-09-07T14:36:55.351Z,2026-09-07T17:29:11Z
methanestg.app.cloud.gov,General Services Administration,,true,false,0,0,2026-09-07T05:57:46.272Z,2026-09-07T17:29:11Z
tethys-engineering.pnnl.gov,Department of Energy,v3.9.0,true,false,0,0,2026-09-07T03:08:21.245Z,2026-09-07T17:29:11Z
www.flickr.com,Department of Energy,,false,false,0,0,2026-09-07T12:49:29.704Z,2026-09-07T17:29:11Z
www.emsl.pnnl.gov,Department of Energy,v3.9.0,true,false,0,0,2026-09-07T12:20:52.874Z,2026-09-07T17:29:11Z
www.energycodes.gov,Department of Energy,,true,false,0,0,2026-09-04T22:37:23.447Z,2026-09-07T17:29:11Z
sites.nlm.nih.gov,Department of Health and Human Services,,true,false,0,0,2026-09-07T08:42:03.927Z,2026-09-07T17:29:11Z
www.performance.gov,General Services Administration,2.12.1,true,false,0,0,2026-09-07T07:05:06.115Z,2026-09-07T17:29:11Z
bidenadministration.archives.performance.gov,General Services Administration,2.12.1,true,false,0,0,2026-09-07T03:18:09.055Z,2026-09-07T17:29:11Z
peacecorpsoig.gov,Peace Corps,,true,false,0,0,2026-09-07T03:16:17.747Z,2026-09-07T17:29:11Z
mapstg.peacecorps.gov,Peace Corps,,true,false,0,0,2026-09-07T02:47:48.389Z,2026-09-07T17:29:11Z
ahwmpt-prod.app.cloud.gov,General Services Administration,,true,false,0,0,2026-09-07T05:37:39.614Z,2026-09-07T17:29:11Z
map.peacecorps.gov,Peace Corps,,true,false,0,0,2026-09-07T02:43:43.756Z,2026-09-07T17:29:11Z
www.pbrb.gov,Public Buildings Reform Board,,true,false,0,0,2026-09-07T02:36:28.160Z,2026-09-07T17:29:11Z
citap.gov,Department of Energy,,false,true,0,0,2026-09-07T12:30:36.812Z,2026-09-07T17:29:11Z
myservices.cisa.gov,Department of Homeland Security,,true,false,0,0,2026-09-07T08:17:40.302Z,2026-09-07T17:29:11Z
natwebcaww01.wr.usgs.gov,Department of the Interior,,true,false,0,0,2026-09-07T14:39:52.369Z,2026-09-07T17:29:11Z
natwebcaww02.wr.usgs.gov,Department of the Interior,,true,false,0,0,2026-09-07T14:37:20.946Z,2026-09-07T17:29:11Z
oig.pbgc.gov,Pension Benefit Guaranty Corporation,,true,false,0,0,2026-09-07T13:43:16.053Z,2026-09-07T17:29:11Z
natwebsdww01.cr.usgs.gov,Department of the Interior,,true,false,0,0,2026-09-07T06:00:06.197Z,2026-09-07T17:29:11Z
natwebsdww02.cr.usgs.gov,Department of the Interior,,true,false,0,0,2026-09-07T14:40:34.801Z,2026-09-07T17:29:11Z
awards.cigie.gov,Council of the Inspectors General on Integrity and Efficiency,,true,false,0,0,2026-09-07T05:21:26.355Z,2026-09-07T17:29:11Z
natwebvaww01.er.usgs.gov,Department of the Interior,,true,false,0,0,2026-09-04T22:37:23.447Z,2026-09-07T17:29:11Z
natwebvaww02.er.usgs.gov,Department of the Interior,,true,false,0,0,2026-09-07T10:12:41.741Z,2026-09-07T17:29:11Z
askchips.chips.gov,Department of Commerce,v2.13.2,true,false,0,0,2026-09-07T05:19:00.618Z,2026-09-07T17:29:11Z
applications.chips.gov,Department of Commerce,v2.13.2,true,false,0,0,2026-09-07T05:22:26.867Z,2026-09-07T17:29:11Z
learn.childwelfare.gov,Department of Health and Human Services,v3.13.0,true,false,0,0,2026-09-07T05:19:34.181Z,2026-09-07T17:29:11Z
mypaa.pbgc.gov,Pension Benefit Guaranty Corporation,,false,false,0,0,2026-09-07T14:04:13.942Z,2026-09-07T17:29:11Z
www.challenge.gov,General Services Administration,,true,false,0,0,2026-09-07T05:11:31.427Z,2026-09-07T17:29:11Z
vmd-xplor.cit.nih.gov,Department of Health and Human Services,,true,false,0,0,2026-09-07T06:22:12.915Z,2026-09-07T17:29:11Z
cfius.gov,Department of the Treasury,v3.13.0,true,false,0,0,2026-09-07T07:28:43.349Z,2026-09-07T17:29:11Z
usatradeonline.census.gov,Department of Commerce,,true,false,0,0,2026-09-07T12:28:26.896Z,2026-09-07T17:29:11Z
stn.wim.usgs.gov,Department of the Interior,v2.12.2,true,false,0,0,2026-09-07T04:38:38.083Z,2026-09-07T17:29:11Z
registration.tco.census.gov,Department of Commerce,v2.12.2,true,false,0,0,2026-09-07T02:27:36.902Z,2026-09-07T17:29:11Z
vmd-xplor.niddk.nih.gov,Department of Health and Human Services,,true,false,0,0,2026-09-07T06:09:19.330Z,2026-09-07T17:29:11Z
www.papahanaumokuakea.gov,Department of Commerce,,false,false,0,0,2026-09-04T22:37:23.447Z,2026-09-07T17:29:11Z
pacer.uscourts.gov,Administrative Office of the United States Courts,,true,false,0,0,2026-09-07T07:35:12.173Z,2026-09-07T17:29:11Z
pssvlab.tco.census.gov,Department of Commerce,v2.12.2,true,false,0,0,2026-09-07T02:29:56.344Z,2026-09-07T17:29:11Z
wim.usgs.gov,Department of the Interior,v2.13.3,true,false,0,0,2026-09-07T04:25:51.212Z,2026-09-07T17:29:11Z
pss.tco.census.gov,Department of Commerce,v2.12.2,true,false,0,0,2026-09-07T02:25:47.525Z,2026-09-07T17:29:11Z
usich.gov,U.S. Interagency Council on Homelessness,,true,false,0,0,2026-09-07T11:51:06.400Z,2026-09-07T17:29:11Z
dataweb.usitc.gov,International Trade Commission,,true,false,0,0,2026-09-07T05:08:05.062Z,2026-09-07T17:29:11Z
edis.usitc.gov,International Trade Commission,,true,false,0,0,2026-09-07T05:02:22.567Z,2026-09-07T17:29:11Z
usitcoig.oversight.gov,Council of the Inspectors General on Integrity and Efficiency,,true,false,0,0,2026-09-07T09:34:57.424Z,2026-09-07T17:29:11Z
ids.usitc.gov,International Trade Commission,,true,false,0,0,2026-09-07T07:25:01.564Z,2026-09-07T17:29:11Z
www.usitc.gov,International Trade Commission,,true,false,0,0,2026-09-07T09:47:54.401Z,2026-09-07T17:29:11Z
www.fac.gov,Department of Commerce,v3.12.0,true,false,0,0,2026-09-07T06:57:03.500Z,2026-09-07T17:29:11Z
id-provider.tco.census.gov,Department of Commerce,v2.12.2,true,false,0,0,2026-09-07T08:23:08.677Z,2026-09-07T17:29:11Z
broadcast.census.gov,Department of Commerce,,true,false,0,0,2026-09-07T05:07:54.716Z,2026-09-07T17:29:11Z
www.councils.gov,General Services Administration,,true,false,0,0,2026-09-07T14:37:01.081Z,2026-09-07T17:29:11Z
www.oversight.gov,Council of the Inspectors General on Integrity and Efficiency,,true,false,0,0,2026-09-04T22:37:23.447Z,2026-09-07T17:29:11Z
nrcoig.oversight.gov,Council of the Inspectors General on Integrity and Efficiency,,true,false,0,0,2026-09-07T09:36:13.625Z,2026-09-07T17:29:11Z
auth.sharefile.io,Department of Health and Human Services,,false,false,0,0,2026-09-04T22:37:23.447Z,2026-09-07T17:29:11Z
prism-simulation.cdc.gov,Department of Health and Human Services,,false,false,0,0,2026-09-07T03:53:47.835Z,2026-09-07T17:29:11Z
eximoig.oversight.gov,Council of the Inspectors General on Integrity and Efficiency,,true,false,0,0,2026-09-07T12:56:18.431Z,2026-09-07T17:29:11Z
abilityone.oversight.gov,Council of the Inspectors General on Integrity and Efficiency,v3.4.1,true,false,0,0,2026-09-07T02:38:37.971Z,2026-09-07T17:29:11Z
science.osti.gov,Department of Energy,,true,false,0,0,2026-09-07T02:43:45.350Z,2026-09-07T17:29:11Z
dockets.ccb.gov,Library of Congress,,false,false,0,0,2026-09-07T02:26:30.276Z,2026-09-07T17:29:11Z
www.ccac.gov,Department of the Treasury,,true,false,0,0,2026-09-07T12:18:56.047Z,2026-09-07T17:29:11Z
www.uspis.gov,United States Postal Service,,false,false,0,0,2026-09-07T05:49:40.714Z,2026-09-07T17:29:11Z
login.usps.gov,United States Postal Service,,false,false,0,0,2026-09-07T06:10:19.614Z,2026-09-07T17:29:11Z
www.uspsoig.gov,United States Postal Service,,true,false,0,0,2026-09-04T22:37:23.447Z,2026-09-07T17:29:11Z
account.uspto.gov,Department of Commerce,,false,false,0,0,2026-09-07T06:27:22.482Z,2026-09-07T17:29:11Z
assignmentcenter.uspto.gov,Department of Commerce,,false,false,0,0,2026-09-07T06:28:05.195Z,2026-09-07T17:29:11Z
www.osmre.gov,Department of the Interior,v3.2.0,true,false,0,0,2026-09-07T14:46:05.725Z,2026-09-07T17:29:11Z
actev.nist.gov,Department of Commerce,v3.5.0,true,false,0,0,2026-09-04T22:37:23.447Z,2026-09-07T17:29:11Z
airc.nist.gov,Department of Commerce,,true,false,0,0,2026-09-07T13:30:44.102Z,2026-09-07T17:29:11Z
login.cbp.gov,Department of Homeland Security,,false,false,0,0,2026-09-07T12:24:43.812Z,2026-09-07T17:29:11Z
ace-sat.cbp.gov,Department of Homeland Security,,false,false,0,0,2026-09-07T10:36:16.728Z,2026-09-07T17:29:11Z
idm-tmng.uspto.gov,Department of Commerce,,false,false,0,0,2026-09-07T03:09:02.487Z,2026-09-07T17:29:11Z
ncp.nist.gov,Department of Commerce,,true,false,0,0,2026-09-07T10:14:26.658Z,2026-09-07T17:29:11Z
ace-d6.cbp.gov,Department of Homeland Security,,false,false,0,0,2026-09-07T12:15:58.742Z,2026-09-07T17:29:11Z
my.uspto.gov,Department of Commerce,,false,false,0,0,2026-09-07T06:33:35.744Z,2026-09-07T17:29:11Z
oedci.uspto.gov,Department of Commerce,,false,false,0,0,2026-09-07T03:13:57.086Z,2026-09-07T17:29:11Z
patentcenter.uspto.gov,Department of Commerce,,false,false,0,0,2026-09-07T06:37:32.116Z,2026-09-07T17:29:11Z
apps.osha.gov,Department of Labor,v1.6.1,true,false,0,0,2026-09-07T02:25:40.845Z,2026-09-07T17:29:11Z
auth.uspto.gov,Department of Commerce,,false,false,0,0,2026-09-04T22:37:23.447Z,2026-09-07T17:29:11Z
ace-d3.cbp.gov,Department of Homeland Security,,false,false,0,0,2026-09-04T22:37:23.447Z,2026-09-07T17:29:11Z
ace.cbp.gov,Department of Homeland Security,,false,false,0,0,2026-09-07T12:13:09.993Z,2026-09-07T17:29:11Z
tmidm.uspto.gov,Department of Commerce,,false,false,0,0,2026-09-07T06:50:04.647Z,2026-09-07T17:29:11Z
code.nist.gov,Department of Commerce,,true,false,0,0,2026-09-07T09:26:46.085Z,2026-09-07T17:29:11Z
www.denix.osd.mil,Department of Defense,v3.13.0,true,false,0,0,2026-09-07T02:23:43.827Z,2026-09-07T17:29:11Z
e3.nist.gov,Department of Commerce,v2.13.2,true,false,0,0,2026-09-07T09:31:23.377Z,2026-09-07T17:29:11Z
cap.mil,Department of Defense,,false,false,0,0,2026-09-04T22:37:23.447Z,2026-09-07T17:29:11Z
app.dawson.ustaxcourt.gov,United States Tax Court,,true,false,0,0,2026-09-07T06:53:02.092Z,2026-09-07T17:29:11Z
dawson.ustaxcourt.gov,United States Tax Court,,true,false,0,0,2026-09-07T11:58:07.792Z,2026-09-07T17:29:11Z
ustaxcourt.gov,United States Tax Court,v3.14.0,true,false,0,0,2026-09-07T06:54:26.026Z,2026-09-07T17:29:11Z
ustda.gov,Trade And Development Agency,v3.13.0,true,false,0,0,2026-09-07T06:59:35.619Z,2026-09-07T17:29:11Z
usxports.gov,Department of State,v3.13.0,true,false,0,0,2026-09-07T08:56:07.300Z,2026-09-07T17:29:11Z
nyw.cap.gov,Department of Defense,v1.3.1,true,false,0,0,2026-09-07T12:01:34.327Z,2026-09-07T17:29:11Z
login.nist.gov,Department of Commerce,,false,false,0,0,2026-09-07T11:15:19.555Z,2026-09-07T17:29:11Z
smallbusiness.ornl.gov,Department of Energy,,true,false,0,0,2026-09-07T09:33:19.526Z,2026-09-07T17:29:11Z
roots.ornl.gov,Department of Energy,,true,false,0,0,2026-09-07T02:09:10.010Z,2026-09-07T17:29:11Z
sre.nist.gov,Department of Commerce,v3.5.0,true,false,0,0,2026-09-07T10:53:26.574Z,2026-09-07T17:29:11Z
mnspruce.ornl.gov,Department of Energy,v2.11.2,true,false,0,0,2026-09-07T02:05:45.038Z,2026-09-07T17:29:11Z
www.nitrd.gov,Executive Office of the President,v2.8.1,true,false,0,0,2026-09-07T11:28:20.828Z,2026-09-07T17:29:11Z
www.nlrb.gov,National Labor Relations Board,v3.5.0,true,false,0,0,2026-09-07T14:12:18.884Z,2026-09-07T17:29:11Z
www.aoml.noaa.gov,Department of Commerce,,true,false,0,0,2026-09-07T11:06:14.042Z,2026-09-07T17:29:11Z
maap.ccr.cancer.gov,Department of Health and Human Services,,false,false,0,0,2026-09-07T07:55:09.381Z,2026-09-07T17:29:11Z
americansamoa.noaa.gov,Department of Commerce,,false,false,0,0,2026-09-04T22:37:23.447Z,2026-09-07T17:29:11Z
doi.ccs.ornl.gov,Department of Energy,v3.8.2,true,false,0,0,2026-09-07T02:06:17.771Z,2026-09-07T17:29:11Z
www.pmel.noaa.gov,Department of Commerce,v3.8.2,true,false,0,0,2026-09-07T14:29:35.867Z,2026-09-07T17:29:11Z
epic.noaa.gov,Department of Commerce,,true,false,0,0,2026-09-07T13:35:57.731Z,2026-09-07T17:29:11Z
orau.okta.com,Department of Energy,,false,false,0,0,2026-09-07T02:05:53.199Z,2026-09-07T17:29:11Z
trn-opf.opm.gov,Office of Personnel Management,,false,false,0,0,2026-09-07T06:04:51.076Z,2026-09-07T17:29:11Z
retire.opm.gov,Office of Personnel Management,,false,false,0,0,2026-09-07T12:42:03.088Z,2026-09-07T17:29:11Z
www.madeinamerica.gov,General Services Administration,,true,false,0,0,2026-09-07T11:43:38.043Z,2026-09-07T17:29:11Z
www.tankcar.bts.gov,Department of Transportation,,true,false,0,0,2026-09-07T11:33:47.022Z,2026-09-07T17:29:11Z
survey.bts.gov,Department of Transportation,,true,false,0,0,2026-09-07T14:10:07.792Z,2026-09-07T17:29:11Z
rosap.ntl.bts.gov,Department of Transportation,,false,false,0,0,2026-09-07T11:38:38.870Z,2026-09-07T17:29:11Z
data.bts.gov,Department of Transportation,,true,false,0,0,2026-09-07T11:34:19.622Z,2026-09-07T17:29:11Z
tst-mei.opm.gov,Office of Personnel Management,,false,false,0,0,2026-09-07T05:50:20.794Z,2026-09-07T17:29:11Z
www.data.bsee.gov,Department of the Interior,v3.11.0,true,false,0,0,2026-09-07T11:29:14.180Z,2026-09-07T17:29:11Z
qeopf2.opm.gov,Office of Personnel Management,,false,false,0,0,2026-09-07T01:58:08.706Z,2026-09-07T17:29:11Z
datahub.va.gov,Department of Veterans Affairs,,true,false,0,0,2026-09-07T09:45:11.174Z,2026-09-07T17:29:11Z
www.data.boem.gov,Department of the Interior,v3.11.0,true,false,0,0,2026-09-07T08:49:56.212Z,2026-09-07T17:29:11Z
oig.opm.gov,Office of Personnel Management,,true,false,0,0,2026-09-07T10:19:04.508Z,2026-09-07T17:29:11Z
design.va.gov,Department of Veterans Affairs,,true,false,0,0,2026-09-07T14:45:25.318Z,2026-09-07T17:29:11Z
escs.opm.gov,Office of Personnel Management,,false,false,0,0,2026-09-04T22:37:23.447Z,2026-09-07T17:29:11Z
opf.opm.gov,Office of Personnel Management,,false,false,0,0,2026-09-07T08:53:55.644Z,2026-09-07T17:29:11Z
data.opm.gov,Office of Personnel Management,,false,false,0,0,2026-09-07T05:39:12.951Z,2026-09-07T17:29:11Z
certeopf.opm.gov,Office of Personnel Management,,false,false,0,0,2026-09-07T05:47:59.363Z,2026-09-07T17:29:11Z
snapr.bis.gov,Department of Commerce,,true,false,0,0,2026-09-07T10:59:58.646Z,2026-09-07T17:29:11Z
cars.bis.gov,Department of Commerce,,true,false,0,0,2026-09-07T03:58:32.571Z,2026-09-07T17:29:11Z
cedar.opm.gov,Office of Personnel Management,,true,false,0,0,2026-09-07T07:25:40.392Z,2026-09-07T17:29:11Z
www.bea.gov,Department of Commerce,,true,false,0,0,2026-09-04T22:37:23.447Z,2026-09-07T17:29:11Z
www.usagm.gov,United States Agency for Global Media,,true,false,0,0,2026-09-07T14:03:23.209Z,2026-09-07T17:29:11Z
www.peprec.research.va.gov,Department of Veterans Affairs,,true,false,0,0,2026-09-07T09:11:05.827Z,2026-09-07T17:29:11Z
www.banknet.gov,Department of the Treasury,,true,false,0,0,2026-09-07T06:29:07.657Z,2026-09-07T17:29:11Z
mrmss.onrr.gov,Department of the Interior,,false,false,0,0,2026-09-07T06:23:16.039Z,2026-09-07T17:29:11Z
www.roc.noaa.gov,Department of Commerce,v3.3.0,true,false,0,0,2026-09-07T03:45:49.427Z,2026-09-07T17:29:11Z
www.aspr.gov,Department of Health and Human Services,v3.9.0,true,false,0,0,2026-09-07T14:33:24.764Z,2026-09-07T17:29:11Z
www.ccdor.research.va.gov,Department of Veterans Affairs,,true,false,0,0,2026-09-04T22:37:23.447Z,2026-09-07T17:29:11Z
caia.treasury.gov,Department of the Treasury,v2.4.0,true,false,0,0,2026-09-07T09:55:42.636Z,2026-09-07T17:29:11Z
www.innovation.va.gov,Department of Veterans Affairs,,true,false,0,0,2026-09-07T09:59:58.554Z,2026-09-07T17:29:11Z
oldcc.gov,Department of Defense,,true,false,0,0,2026-09-07T04:07:19.055Z,2026-09-07T17:29:11Z
login-stg.va.gov,Department of Veterans Affairs,,false,false,0,0,2026-09-07T08:45:43.078Z,2026-09-07T17:29:11Z
lgy.va.gov,Department of Veterans Affairs,v1.6.13,true,false,0,0,2026-09-07T14:44:44.758Z,2026-09-07T17:29:11Z
login.va.gov,Department of Veterans Affairs,,false,false,0,0,2026-09-07T08:31:49.128Z,2026-09-07T17:29:11Z
www.arts.gov,National Endowment for the Arts,,true,false,0,0,2026-09-07T14:53:29.538Z,2026-09-07T17:29:11Z
wva.army.mil,Department of Defense,,false,false,0,0,2026-09-04T22:37:23.447Z,2026-09-07T17:29:11Z
veteranmedals.army.mil,Department of Defense,,false,false,0,0,2026-09-07T07:19:26.084Z,2026-09-07T17:29:11Z
tacom.army.mil,Department of Defense,,false,false,0,0,2026-09-07T07:58:59.616Z,2026-09-07T17:29:11Z
irmadevservices.nps.gov,Department of the Interior,,false,false,0,0,2026-09-07T03:59:12.791Z,2026-09-07T17:29:11Z
www.mvp.va.gov,Department of Veterans Affairs,,true,false,0,0,2026-09-04T22:37:23.447Z,2026-09-07T17:29:11Z
sierra.army.mil,Department of Defense,,false,false,0,0,2026-09-07T09:58:34.580Z,2026-09-07T17:29:11Z
experience.arcgis.com,Department of Defense,v3.12.0,false,false,0,0,2026-09-04T22:37:23.447Z,2026-09-07T17:29:11Z
rms.usace.army.mil,Department of Defense,,false,false,0,0,2026-09-07T07:55:02.347Z,2026-09-07T17:29:11Z
ria-jmtc.army.mil,Department of Defense,,false,false,0,0,2026-09-07T01:36:54.610Z,2026-09-07T17:29:11Z
redriver.army.mil,Department of Defense,,false,false,0,0,2026-09-04T22:37:23.447Z,2026-09-07T17:29:11Z
medcoe.army.mil,Department of Defense,,true,false,0,0,2026-09-07T03:37:30.676Z,2026-09-07T17:29:11Z
juniorofficer.army.mil,Department of Defense,,false,false,0,0,2026-09-07T01:10:08.596Z,2026-09-07T17:29:11Z
dqm.usace.army.mil,Department of Defense,,false,false,0,0,2026-09-07T01:36:03.124Z,2026-09-07T17:29:11Z
irmaservices.nps.gov,Department of the Interior,,false,false,0,0,2026-09-07T03:47:04.138Z,2026-09-07T17:29:11Z
anad.army.mil,Department of Defense,,false,false,0,0,2026-09-07T01:23:11.105Z,2026-09-07T17:29:11Z
achh.army.mil,Department of Defense,,true,false,0,0,2026-09-07T10:23:11.064Z,2026-09-07T17:29:11Z
code.nsa.gov,Department of Defense,,true,false,0,0,2026-09-07T05:54:00.238Z,2026-09-07T17:29:11Z
cov.nsf.gov,National Science Foundation,,true,false,0,0,2026-09-07T04:51:52.757Z,2026-09-07T17:29:11Z
www.eisenhowerlibrary.gov,National Archives and Records Administration,,false,false,0,0,2026-09-07T14:22:03.311Z,2026-09-07T17:29:11Z
www.clintonlibrary.gov,National Archives and Records Administration,,false,false,0,0,2026-09-07T05:31:33.228Z,2026-09-07T17:29:11Z
www.bis.gov,Department of Commerce,,true,false,0,0,2026-09-07T10:40:33.493Z,2026-09-07T17:29:11Z
www.americorpsoig.gov,Corporation for National and Community Service,,true,false,0,0,2026-09-07T00:54:42.665Z,2026-09-07T17:29:11Z
promote.americorps.gov,Corporation for National and Community Service,,true,false,0,0,2026-09-07T01:04:34.764Z,2026-09-07T17:29:11Z
fccps.bjs.ojp.gov,Department of Justice,,true,false,0,0,2026-09-07T12:50:01.230Z,2026-09-07T17:29:11Z
external.nsf.gov,National Science Foundation,,true,false,0,0,2026-09-07T06:41:11.649Z,2026-09-07T17:29:11Z
diamd-auth.usdoj.gov,Department of Justice,,false,false,0,0,2026-09-07T12:51:10.654Z,2026-09-07T17:29:11Z
www.cindrr.research.va.gov,Department of Veterans Affairs,,true,false,0,0,2026-09-04T22:37:23.447Z,2026-09-07T17:29:11Z
login.occ.gov,Department of the Treasury,,false,false,0,0,2026-09-07T01:16:14.647Z,2026-09-07T17:29:11Z
id.ahrq.gov,Department of Health and Human Services,,false,false,0,0,2026-09-07T08:40:29.434Z,2026-09-07T17:29:11Z
www.obamalibrary.gov,National Archives and Records Administration,,false,false,0,0,2026-09-07T12:38:12.556Z,2026-09-07T17:29:11Z
www.afn.mil,Department of Defense,,false,false,0,0,2026-09-07T00:41:57.945Z,2026-09-07T17:29:11Z
mobile.af.mil,Department of Defense,,true,false,0,0,2026-09-07T00:44:32.311Z,2026-09-07T17:29:11Z
keycloak.levelup.cce.af.mil,Department of Defense,v3.1.0,true,false,0,0,2026-09-07T07:40:42.625Z,2026-09-07T17:29:11Z
af.okta.mil,Department of Defense,,false,false,0,0,2026-09-07T10:01:30.544Z,2026-09-07T17:29:11Z
www.training.mvp-reef.va.gov,Department of Veterans Affairs,v1,true,false,0,0,2026-09-07T13:07:37.948Z,2026-09-07T17:29:11Z
www.acquisition.gov,General Services Administration,,true,false,0,0,2026-09-07T14:15:41.426Z,2026-09-07T17:29:11Z
portal.acl.gov,Department of Health and Human Services,,false,false,0,0,2026-09-07T03:20:22.478Z,2026-09-07T17:29:11Z
olderindians.acl.gov,Department of Health and Human Services,,true,false,0,0,2026-09-07T04:40:35.551Z,2026-09-07T17:29:11Z
www.vaforvets.va.gov,Department of Veterans Affairs,,true,false,0,0,2026-09-07T10:20:56.798Z,2026-09-07T17:29:11Z
norc.acl.gov,Department of Health and Human Services,,true,false,0,0,2026-09-04T22:37:23.447Z,2026-09-07T17:29:11Z
veteranshealthlibrary.va.gov,Department of Veterans Affairs,,true,false,0,0,2026-09-04T22:37:23.447Z,2026-09-07T17:29:11Z
ncler.acl.gov,Department of Health and Human Services,,true,false,0,0,2026-09-07T13:48:05.800Z,2026-09-07T17:29:11Z
ncea.acl.gov,Department of Health and Human Services,,true,false,0,0,2026-09-07T00:31:05.986Z,2026-09-07T17:29:11Z
natc.acl.gov,Department of Health and Human Services,,true,false,0,0,2026-09-07T04:54:33.398Z,2026-09-07T17:29:11Z
namrs.acl.gov,Department of Health and Human Services,,true,false,0,0,2026-09-07T06:30:51.687Z,2026-09-07T17:29:11Z
naeji.acl.gov,Department of Health and Human Services,,true,false,0,0,2026-09-07T00:32:42.479Z,2026-09-07T17:29:11Z
nadrc.acl.gov,Department of Health and Human Services,,true,false,0,0,2026-09-07T00:29:43.903Z,2026-09-07T17:29:11Z
wpadmin.va.gov,Department of Veterans Affairs,,true,false,0,0,2026-09-04T22:37:23.447Z,2026-09-07T17:29:11Z
vaoig.gov,Department of Veterans Affairs,v3.7.1,true,false,0,0,2026-09-04T22:37:23.447Z,2026-09-07T17:29:11Z
www.nwcg.gov,Department of Agriculture,,true,false,0,0,2026-09-07T01:04:23.915Z,2026-09-07T17:29:11Z
icdr.acl.gov,Department of Health and Human Services,,true,false,0,0,2026-09-07T01:40:22.893Z,2026-09-07T17:29:11Z
iqcsweb.nwcg.gov,Department of Agriculture,v2.13.0,true,false,0,0,2026-09-07T11:54:54.938Z,2026-09-07T17:29:11Z
elderjustice.acl.gov,Department of Health and Human Services,,true,false,0,0,2026-09-07T00:27:18.147Z,2026-09-07T17:29:11Z
eldercare.acl.gov,Department of Health and Human Services,,true,false,0,0,2026-09-07T13:26:50.964Z,2026-09-07T17:29:11Z
ejcc.acl.gov,Department of Health and Human Services,,true,false,0,0,2026-09-07T07:16:22.612Z,2026-09-07T17:29:11Z
dial.acl.gov,Department of Health and Human Services,,true,false,0,0,2026-09-07T13:47:16.521Z,2026-09-07T17:29:11Z
www.whistleblower.gov,Commodity Futures Trading Commission,,false,true,0,0,2026-09-04T22:37:23.447Z,2026-09-07T17:29:11Z
inciweb.wildfire.gov,Department of Agriculture,,true,false,0,0,2026-09-07T12:47:27.524Z,2026-09-07T17:29:11Z
lessons.wildfire.gov,Department of Agriculture,,true,false,0,0,2026-09-07T07:57:08.715Z,2026-09-07T17:29:11Z
apstarc.acl.gov,Department of Health and Human Services,,true,false,0,0,2026-09-07T00:33:21.497Z,2026-09-07T17:29:11Z
agid.acl.gov,Department of Health and Human Services,,true,false,0,0,2026-09-07T12:44:28.287Z,2026-09-07T17:29:11Z
www.wwtg.gov,Department of Commerce,,true,false,0,0,2026-09-07T01:35:16.605Z,2026-09-07T17:29:11Z
www.wildfire.gov,Department of Agriculture,,true,false,0,0,2026-09-07T12:47:55.723Z,2026-09-07T17:29:11Z
www.nutrition.gov,Department of Agriculture,,true,false,0,0,2026-09-07T00:58:55.378Z,2026-09-07T17:29:11Z
abilityone.gov,United States AbilityOne Commission,v3.11.0,true,false,0,0,2026-09-04T22:37:23.447Z,2026-09-07T17:29:11Z
