domain,agency,uswds_semantic_version,uses_classes,uses_elements,pageviews,visits,source_scan_date,report_run_at
pmc.ncbi.nlm.nih.gov,Department of Health and Human Services,,true,false,158247817,117135400,2026-09-02T22:37:59.504Z,2026-09-04T22:06:46Z
secure.login.gov,General Services Administration,,true,false,118707436,52086596,2026-09-04T14:18:45.019Z,2026-09-04T22:06:46Z
ncbi.nlm.nih.gov,Department of Health and Human Services,,true,false,77300255,48215024,2026-09-02T22:37:59.504Z,2026-09-04T22:06:46Z
www.va.gov,Department of Veterans Affairs,,true,false,74162328,12713570,2026-09-04T08:52:32.136Z,2026-09-04T22:06:46Z
sam.gov,General Services Administration,,true,false,62824853,5412753,2026-09-04T09:32:29.007Z,2026-09-04T22:06:46Z
clinicaltrials.gov,Department of Health and Human Services,,true,false,59691072,48175258,2026-09-04T12:21:41.204Z,2026-09-04T22:06:46Z
myaccount.uscis.gov,Department of Homeland Security,,false,false,54147826,14557072,2026-09-04T06:20:02.259Z,2026-09-04T22:06:46Z
secure.ssa.gov,Social Security Administration,,false,false,52350738,20828855,2026-09-04T06:23:37.976Z,2026-09-04T22:06:46Z
cdc.gov,Department of Health and Human Services,,false,false,35240335,22927667,2026-09-04T12:18:14.288Z,2026-09-04T22:06:46Z
www.usajobs.gov,Office of Personnel Management,,false,false,26181857,5811819,2026-09-04T07:22:41.972Z,2026-09-04T22:06:46Z
nsopw.gov,Department of Justice,.,true,false,23460890,4683739,2026-09-04T06:03:31.522Z,2026-09-04T22:06:46Z
ttp.cbp.dhs.gov,Department of Homeland Security,,false,false,23454375,4174290,2026-09-04T04:53:48.844Z,2026-09-04T22:06:46Z
catalog.archives.gov,National Archives and Records Administration,,true,false,22123297,11326216,2026-09-04T11:19:23.098Z,2026-09-04T22:06:46Z
medlineplus.gov,Department of Health and Human Services,,true,false,18274123,15913622,2026-09-04T15:01:53.132Z,2026-09-04T22:06:46Z
science.nasa.gov,National Aeronautics and Space Administration,v2.13.3,true,false,17190094,11195297,2026-09-04T14:54:39.524Z,2026-09-04T22:06:46Z
blast.ncbi.nlm.nih.gov,Department of Health and Human Services,v1.6.9,true,false,15578059,2036065,2026-09-04T05:52:10.494Z,2026-09-04T22:06:46Z
www.medicare.gov,Department of Health and Human Services,,true,false,12206726,2514966,2026-09-04T09:50:51.757Z,2026-09-04T22:06:46Z
ofac.treasury.gov,Department of the Treasury,,true,false,11087615,9833412,2026-09-04T02:43:41.516Z,2026-09-04T22:06:46Z
worldview.earthdata.nasa.gov,National Aeronautics and Space Administration,,false,false,9904565,440265,2026-09-02T22:37:59.504Z,2026-09-04T22:06:46Z
login.gov,General Services Administration,,true,false,9411525,3985492,2026-09-04T06:28:14.897Z,2026-09-04T22:06:46Z
my.uscis.gov,Department of Homeland Security,,true,false,8908225,7266986,2026-09-04T14:35:37.859Z,2026-09-04T22:06:46Z
www.ssa.gov,General Services Administration,,true,false,8638672,1285216,2026-09-04T13:03:55.034Z,2026-09-04T22:06:46Z
preview.ncbi.nlm.nih.gov,Department of Health and Human Services,,true,false,8212197,7980646,2026-09-02T22:37:59.504Z,2026-09-04T22:06:46Z
home.treasury.gov,Department of the Treasury,v3.13.0,true,false,6952780,5287008,2026-09-04T14:30:35.844Z,2026-09-04T22:06:46Z
treasurydirect.gov,Department of the Treasury,,false,false,6822274,2212996,2026-09-04T12:51:06.786Z,2026-09-04T22:06:46Z
tsaenrollmentbyidemia.tsa.dhs.gov,Department of Homeland Security,,false,false,5257014,2351408,2026-09-04T04:06:36.841Z,2026-09-04T22:06:46Z
training.fema.gov,Department of Homeland Security,,true,false,4464372,936786,2026-09-04T09:02:28.357Z,2026-09-04T22:06:46Z
waterdata.usgs.gov,Department of the Interior,,true,false,4077428,2825129,2026-09-04T14:40:18.755Z,2026-09-04T22:06:46Z
armypubs.army.mil,Department of Defense,,true,false,3618946,1273470,2026-09-04T10:20:26.495Z,2026-09-04T22:06:46Z
fdc.nal.usda.gov,Department of Agriculture,,true,false,3582974,2225566,2026-09-04T09:28:24.692Z,2026-09-04T22:06:46Z
www.benefeds.gov,Office of Personnel Management,v3.8.1,true,false,3519626,431662,2026-09-04T13:54:10.087Z,2026-09-04T22:06:46Z
vsearch.nlm.nih.gov,Department of Health and Human Services,,true,false,3489473,2276701,2026-09-04T08:46:32.297Z,2026-09-04T22:06:46Z
gsaauctions.gov,General Services Administration,,true,false,3436848,485445,2026-09-04T03:16:21.668Z,2026-09-04T22:06:46Z
www.hud.gov,Department of Housing and Urban Development,,true,false,3434129,1938281,2026-09-04T09:36:12.758Z,2026-09-04T22:06:46Z
seasonaljobs.dol.gov,Department of Labor,,true,false,3017423,510021,2026-09-04T12:00:33.613Z,2026-09-04T22:06:46Z
data.cms.gov,Department of Health and Human Services,,true,false,2985646,1180319,2026-09-04T03:31:52.828Z,2026-09-04T22:06:46Z
www.nist.gov,Department of Commerce,,true,false,2939552,2192561,2026-09-04T14:42:34.602Z,2026-09-04T22:06:46Z
water.noaa.gov,Department of Commerce,,true,false,2883696,1882775,2026-09-02T22:37:59.504Z,2026-09-04T22:06:46Z
ttp.dhs.gov,Department of Homeland Security,,false,false,2851345,2417638,2026-09-04T09:31:22.743Z,2026-09-04T22:06:46Z
search.earthdata.nasa.gov,National Aeronautics and Space Administration,,false,false,2660079,105100,2026-09-04T14:49:17.861Z,2026-09-04T22:06:46Z
trademarkcenter.uspto.gov,Department of Commerce,,false,false,2561531,292298,2026-09-04T06:39:29.096Z,2026-09-04T22:06:46Z
flag.dol.gov,Department of Labor,,true,false,2519680,948120,2026-09-04T12:00:32.687Z,2026-09-04T22:06:46Z
www.ebuy.gsa.gov,General Services Administration,v3.13.0,true,false,2171655,340349,2026-09-04T14:30:27.330Z,2026-09-04T22:06:46Z
grants.gov,Department of Health and Human Services,v3.3.0,true,false,2148332,1177386,2026-09-04T11:18:14.065Z,2026-09-04T22:06:46Z
grants.nih.gov,Department of Health and Human Services,,false,false,1965955,1125785,2026-09-04T12:00:30.539Z,2026-09-04T22:06:46Z
idcfars.bls.gov,Department of Labor,v2.4.0,false,false,1860061,463276,2026-09-04T14:05:52.838Z,2026-09-04T22:06:46Z
myhealth.va.gov,Department of Veterans Affairs,v3.7.1,true,false,1857595,1485471,2026-09-02T22:37:59.504Z,2026-09-04T22:06:46Z
webbook.nist.gov,Department of Commerce,,false,true,1839658,933938,2026-09-04T11:08:14.338Z,2026-09-04T22:06:46Z
hts.usitc.gov,International Trade Commission,,true,false,1792471,1304333,2026-09-04T05:08:24.383Z,2026-09-04T22:06:46Z
www.census.gov,Department of Commerce,,true,false,1780632,688076,2026-09-04T12:21:26.263Z,2026-09-04T22:06:46Z
www.tsa.gov,Department of Homeland Security,,true,false,1659931,182359,2026-09-04T09:03:31.165Z,2026-09-04T22:06:46Z
news.va.gov,Department of Veterans Affairs,,true,false,1609644,1334422,2026-09-04T08:47:59.061Z,2026-09-04T22:06:46Z
simpler.grants.gov,Department of Health and Human Services,,true,false,1604653,486455,2026-09-04T02:22:13.460Z,2026-09-04T22:06:46Z
thinkculturalhealth.hhs.gov,Department of Health and Human Services,,true,false,1577100,78807,2026-09-04T11:10:46.638Z,2026-09-04T22:06:46Z
marketplace.gsafleet.gov,General Services Administration,,true,false,1540084,200098,2026-09-04T12:44:16.440Z,2026-09-04T22:06:46Z
csrc.nist.gov,Department of Commerce,v3.7.1,true,false,1474858,959911,2026-09-04T14:39:02.298Z,2026-09-04T22:06:46Z
globaldossier.uspto.gov,Department of Commerce,v2.8.0,false,false,1451441,748372,2026-09-04T14:23:39.274Z,2026-09-04T22:06:46Z
health.mil,Department of Defense,,true,false,1447864,769025,2026-09-04T07:49:39.669Z,2026-09-04T22:06:46Z
account.ncbi.nlm.nih.gov,Department of Health and Human Services,v1.6.14,true,false,1440056,1024864,2026-09-04T13:53:03.118Z,2026-09-04T22:06:46Z
seer.cancer.gov,Department of Health and Human Services,,true,false,1385416,763573,2026-09-04T11:52:48.089Z,2026-09-04T22:06:46Z
eqrs.cms.gov,Department of Health and Human Services,,false,true,1351070,111359,2026-09-04T09:49:00.913Z,2026-09-04T22:06:46Z
collections.nlm.nih.gov,Department of Health and Human Services,,false,false,1333057,1283917,2026-09-04T13:40:03.696Z,2026-09-04T22:06:46Z
help.usajobs.gov,Office of Personnel Management,v3.13.0,true,false,1266894,845758,2026-09-04T07:26:04.712Z,2026-09-04T22:06:46Z
submit.ncbi.nlm.nih.gov,Department of Health and Human Services,,true,false,1263619,152798,2026-09-04T05:55:12.456Z,2026-09-04T22:06:46Z
pubs.usgs.gov,Department of the Interior,,true,false,1194580,1014390,2026-09-04T04:24:54.816Z,2026-09-04T22:06:46Z
images.nasa.gov,National Aeronautics and Space Administration,,false,false,1181875,291719,2026-09-04T04:23:56.961Z,2026-09-04T22:06:46Z
choose.va.gov,Department of Veterans Affairs,,true,false,1153961,860324,2026-09-04T12:35:19.557Z,2026-09-04T22:06:46Z
plus.nasa.gov,National Aeronautics and Space Administration,,true,false,1150150,566023,2026-09-04T13:14:30.463Z,2026-09-04T22:06:46Z
heasarc.gsfc.nasa.gov,National Aeronautics and Space Administration,v3.12.0,true,false,1146124,1131169,2026-09-04T13:04:47.065Z,2026-09-04T22:06:46Z
oceanservice.noaa.gov,Department of Commerce,,true,false,1116152,1013527,2026-09-04T02:06:28.706Z,2026-09-04T22:06:46Z
lhncbc.nlm.nih.gov,Department of Health and Human Services,,true,false,1072195,1060063,2026-09-04T14:56:36.077Z,2026-09-04T22:06:46Z
www.fec.gov,Federal Election Commission,,true,false,1066003,211055,2026-09-04T12:41:56.454Z,2026-09-04T22:06:46Z
occ.gov,Department of the Treasury,,true,false,1033523,752453,2026-09-04T14:48:19.176Z,2026-09-04T22:06:46Z
ojp.gov,Department of Justice,,true,false,1016447,901118,2026-09-04T12:39:13.709Z,2026-09-04T22:06:46Z
ladsweb.modaps.eosdis.nasa.gov,National Aeronautics and Space Administration,,true,false,965170,879293,2026-09-04T14:42:59.765Z,2026-09-04T22:06:46Z
vacareers.va.gov,Department of Veterans Affairs,v3.12.0,true,false,961402,708301,2026-09-04T10:04:57.127Z,2026-09-04T22:06:46Z
benefits.va.gov,Department of Veterans Affairs,,true,false,958785,756012,2026-09-04T09:55:13.086Z,2026-09-04T22:06:46Z
bea.gov,Department of Commerce,,true,false,957351,410920,2026-09-04T01:10:29.313Z,2026-09-04T22:06:46Z
mx.usembassy.gov,Department of State,,true,false,943467,596050,2026-09-04T04:47:46.182Z,2026-09-04T22:06:46Z
myeverify.uscis.gov,Department of Homeland Security,,true,false,922456,219696,2026-09-04T07:46:50.895Z,2026-09-04T22:06:46Z
everykidoutdoors.gov,Department of the Interior,,false,true,900132,235772,2026-09-04T07:05:42.220Z,2026-09-04T22:06:46Z
famauth.wildfire.gov,Department of Agriculture,,true,false,895158,537634,2026-09-04T11:43:46.943Z,2026-09-04T22:06:46Z
store.usgs.gov,Department of the Interior,,true,false,890785,439310,2026-09-04T04:37:10.344Z,2026-09-04T22:06:46Z
legacy.sba.gov,Small Business Administration,,true,false,882376,553269,2026-09-04T13:45:10.490Z,2026-09-04T22:06:46Z
wwwn.cdc.gov,Department of Health and Human Services,,false,false,881484,294626,2026-09-04T07:00:57.767Z,2026-09-04T22:06:46Z
msiexchange.nasa.gov,National Aeronautics and Space Administration,,true,false,835351,831930,2026-09-04T10:04:08.789Z,2026-09-04T22:06:46Z
mobile.va.gov,Department of Veterans Affairs,2.13.1,true,false,828216,829349,2026-09-04T12:56:36.964Z,2026-09-04T22:06:46Z
search.nal.usda.gov,Department of Agriculture,,true,false,795158,738333,2026-09-04T14:20:47.435Z,2026-09-04T22:06:46Z
www.ncei.noaa.gov,Department of Commerce,v3.3.0,true,false,789124,75894,2026-09-04T14:20:43.996Z,2026-09-04T22:06:46Z
hero.epa.gov,Environmental Protection Agency,v3.12.0,true,false,785915,744265,2026-09-04T14:00:01.771Z,2026-09-04T22:06:46Z
www.cms.gov,Department of Health and Human Services,,false,false,767159,235948,2026-09-04T10:39:13.428Z,2026-09-04T22:06:46Z
gsafleet.gov,General Services Administration,,true,false,758203,239474,2026-09-04T05:23:21.631Z,2026-09-04T22:06:46Z
portal.census.gov,Department of Commerce,2.13.3,true,false,751782,199796,2026-09-04T12:25:09.269Z,2026-09-04T22:06:46Z
womenshealth.gov,Department of Health and Human Services,v2.14.0,true,false,748490,635169,2026-09-04T07:06:32.127Z,2026-09-04T22:06:46Z
www.usaspending.gov,Department of the Treasury,,true,false,699745,157494,2026-09-04T14:29:42.562Z,2026-09-04T22:06:46Z
nida.nih.gov,Department of Health and Human Services,,true,false,697588,478859,2026-09-04T14:58:00.645Z,2026-09-04T22:06:46Z
echo.epa.gov,Environmental Protection Agency,,true,false,691382,367208,2026-09-04T13:59:49.861Z,2026-09-04T22:06:46Z
gml.noaa.gov,Department of Commerce,,true,false,654918,510767,2026-09-04T14:18:53.015Z,2026-09-04T22:06:46Z
fiscal.treasury.gov,Department of the Treasury,,true,false,648078,381990,2026-09-04T13:25:24.548Z,2026-09-04T22:06:46Z
idp.int.identitysandbox.gov,Department of the Interior,,true,false,636829,367658,2026-09-04T12:33:51.844Z,2026-09-04T22:06:46Z
sanctionslist.ofac.treas.gov,Department of the Treasury,,true,false,618575,262542,2026-09-04T01:42:44.041Z,2026-09-04T22:06:46Z
openpaymentsdata.cms.gov,Department of Health and Human Services,,false,false,593099,141434,2026-09-04T10:31:51.141Z,2026-09-04T22:06:46Z
wonder.cdc.gov,Department of Health and Human Services,,false,false,580196,89422,2026-09-04T09:34:09.883Z,2026-09-04T22:06:46Z
earthexplorer.usgs.gov,Department of the Interior,,true,false,569270,352406,2026-09-04T14:30:47.089Z,2026-09-04T22:06:46Z
fiscaldata.treasury.gov,Department of the Treasury,,false,false,567190,366461,2026-09-04T09:47:30.113Z,2026-09-04T22:06:46Z
wildhorsesonline.blm.gov,Department of the Interior,,true,false,559739,86652,2026-09-04T10:40:51.613Z,2026-09-04T22:06:46Z
www.uscis.gov,Department of Homeland Security,,true,false,556434,304034,2026-09-04T10:00:29.835Z,2026-09-04T22:06:46Z
meshb.nlm.nih.gov,Department of Health and Human Services,,false,false,542730,187585,2026-09-04T04:16:51.909Z,2026-09-04T22:06:46Z
www.nps.gov,Department of the Interior,,true,false,538014,132162,2026-09-04T04:42:05.701Z,2026-09-04T22:06:46Z
ers.usda.gov,Department of Agriculture,,true,false,537662,370657,2026-09-04T09:27:15.498Z,2026-09-04T22:06:46Z
www.ncbi.nlm.nih.gov,Department of Health and Human Services,,true,false,518311,110594,2026-09-04T14:57:27.842Z,2026-09-04T22:06:46Z
ppms.gov,General Services Administration,,true,false,515460,51388,2026-09-04T04:59:03.911Z,2026-09-04T22:06:46Z
studyinthestates.dhs.gov,Department of Homeland Security,,true,false,507688,343164,2026-09-04T09:04:50.750Z,2026-09-04T22:06:46Z
dataprivacyframework.gov,Department of Commerce,v3.7.1,true,false,499416,335223,2026-09-02T22:37:59.504Z,2026-09-04T22:06:46Z
teen.smokefree.gov,Department of Health and Human Services,,true,false,491564,442892,2026-09-04T02:12:18.021Z,2026-09-04T22:06:46Z
nas.er.usgs.gov,Department of the Interior,,true,false,485261,455090,2026-09-04T14:41:53.690Z,2026-09-04T22:06:46Z
sealevel.jpl.nasa.gov,National Aeronautics and Space Administration,,false,false,483657,187824,2026-09-04T14:32:16.309Z,2026-09-04T22:06:46Z
nces.ed.gov,Department of Education,,false,false,474588,186310,2026-09-04T12:42:35.559Z,2026-09-04T22:06:46Z
department.va.gov,Department of Veterans Affairs,,true,false,470521,327653,2026-09-04T14:35:52.623Z,2026-09-04T22:06:46Z
es.medicare.gov,Department of Health and Human Services,,true,false,465050,307074,2026-09-04T13:58:12.127Z,2026-09-04T22:06:46Z
cem.va.gov,Department of Veterans Affairs,,true,false,464540,309263,2026-09-04T14:37:15.781Z,2026-09-04T22:06:46Z
cesdata.bls.gov,Department of Labor,v2.4.0,false,false,459627,136736,2026-09-04T03:13:35.284Z,2026-09-04T22:06:46Z
asc.gov,Appraisal Subcommittee of the Federal Financial Institutions Examination Council,,false,false,449326,197397,2026-09-02T22:37:59.504Z,2026-09-04T22:06:46Z
jp.usembassy.gov,Department of State,,true,false,447022,284926,2026-09-04T04:56:58.125Z,2026-09-04T22:06:46Z
plants.sc.egov.usda.gov,Department of Agriculture,,true,false,440542,110642,2026-09-04T02:46:51.771Z,2026-09-04T22:06:46Z
china.usembassy-china.org.cn,Department of State,,true,false,409223,268117,2026-09-04T11:04:38.018Z,2026-09-04T22:06:46Z
in.usembassy.gov,Department of State,,true,false,403691,264167,2026-09-04T06:52:53.520Z,2026-09-04T22:06:46Z
research.fs.usda.gov,Department of Agriculture,,true,false,397279,255007,2026-09-04T14:23:55.026Z,2026-09-04T22:06:46Z
hazards.fema.gov,Department of Homeland Security,v3.2.0,true,false,394731,46619,2026-09-04T10:52:27.168Z,2026-09-04T22:06:46Z
ptsd.va.gov,Department of Veterans Affairs,,true,false,391612,275944,2026-09-02T22:37:59.504Z,2026-09-04T22:06:46Z
oge.gov,Office of Government Ethics,v2.0.3,true,false,383167,51438,2026-09-04T01:19:53.863Z,2026-09-04T22:06:46Z
hpms.cms.gov,Department of Health and Human Services,,false,false,368773,99390,2026-09-04T02:54:08.816Z,2026-09-04T22:06:46Z
www.apprenticeship.gov,Department of Labor,,true,false,365984,74735,2026-09-04T10:17:38.612Z,2026-09-04T22:06:46Z
nij.ojp.gov,Department of Justice,.,true,false,362027,250435,2026-09-04T10:30:35.987Z,2026-09-04T22:06:46Z
data.transportation.gov,Department of Transportation,,true,false,358173,54614,2026-09-02T22:37:59.504Z,2026-09-04T22:06:46Z
ciencia.nasa.gov,National Aeronautics and Space Administration,v2.13.3,true,false,354585,274148,2026-09-04T14:44:55.922Z,2026-09-04T22:06:46Z
buy.gsa.gov,General Services Administration,v3.13.0,true,false,351615,61493,2026-09-04T08:11:26.564Z,2026-09-04T22:06:46Z
ies.ed.gov,Department of Education,,false,false,346972,215516,2026-09-04T14:11:58.619Z,2026-09-04T22:06:46Z
portal.ice.gov,Department of Homeland Security,,true,false,329471,106580,2026-09-04T09:26:02.559Z,2026-09-04T22:06:46Z
www.energystar.gov,Environmental Protection Agency,,false,false,325139,53849,2026-09-04T13:51:53.019Z,2026-09-04T22:06:46Z
datadashboard.fda.gov,Department of Health and Human Services,,true,false,322252,114670,2026-09-02T22:37:59.504Z,2026-09-04T22:06:46Z
aspe.hhs.gov,Department of Health and Human Services,,true,false,320374,267774,2026-09-04T12:04:33.195Z,2026-09-04T22:06:46Z
bsaefiling.fincen.gov,Department of the Treasury,,true,false,318541,143912,2026-09-04T08:51:37.504Z,2026-09-04T22:06:46Z
biocollections.ars.usda.gov,Department of Agriculture,,true,false,309433,307024,2026-09-04T07:45:00.193Z,2026-09-04T22:06:46Z
www.usa.gov,General Services Administration,,true,false,300791,77863,2026-09-04T13:58:52.263Z,2026-09-04T22:06:46Z
oceanexplorer.noaa.gov,Department of Commerce,,true,false,299006,199629,2026-09-04T02:11:16.736Z,2026-09-04T22:06:46Z
data.nasa.gov,National Aeronautics and Space Administration,,true,false,298385,250301,2026-09-04T14:48:09.991Z,2026-09-04T22:06:46Z
pmc-d.ncbi.nlm.nih.gov,Department of Health and Human Services,,true,false,295277,259378,2026-09-04T07:22:08.597Z,2026-09-04T22:06:46Z
ph.usembassy.gov,Department of State,,true,false,278666,165721,2026-09-02T22:37:59.504Z,2026-09-04T22:06:46Z
co.usembassy.gov,Department of State,,true,false,278285,176071,2026-09-04T04:05:28.279Z,2026-09-04T22:06:46Z
uscis.usajobs.gov,Office of Personnel Management,,false,false,277347,98431,2026-09-04T14:29:37.948Z,2026-09-04T22:06:46Z
vacanteen.va.gov,Department of Veterans Affairs,,true,false,277172,156825,2026-09-04T10:21:29.544Z,2026-09-04T22:06:46Z
training.seer.cancer.gov,Department of Health and Human Services,,true,false,276676,157337,2026-09-04T07:54:35.669Z,2026-09-04T22:06:46Z
psl.noaa.gov,Department of Commerce,v3.8.0,true,false,275339,119972,2026-09-02T22:37:59.504Z,2026-09-04T22:06:46Z
phytochem.nal.usda.gov,Department of Agriculture,,true,false,272234,225387,2026-09-04T10:41:18.522Z,2026-09-04T22:06:46Z
bja.ojp.gov,Department of Justice,.,true,false,271864,148079,2026-09-04T06:46:00.185Z,2026-09-04T22:06:46Z
publichealth.va.gov,Department of Veterans Affairs,,true,false,269204,152179,2026-09-02T22:37:59.504Z,2026-09-04T22:06:46Z
coast.noaa.gov,Department of Commerce,,false,false,266031,178266,2026-09-04T13:29:46.343Z,2026-09-04T22:06:46Z
ca.usembassy.gov,Department of State,,true,false,260283,155568,2026-09-04T03:31:04.615Z,2026-09-04T22:06:46Z
occ.treas.gov,Department of the Treasury,,true,false,248951,72772,2026-09-04T01:51:45.481Z,2026-09-04T22:06:46Z
uk.usembassy.gov,Department of State,,true,false,245894,147941,2026-09-04T05:32:50.304Z,2026-09-04T22:06:46Z
vehiclehistory.bja.ojp.gov,Department of Justice,.,true,false,245594,128702,2026-09-02T22:37:59.504Z,2026-09-04T22:06:46Z
transtats.bts.gov,Department of Transportation,,true,false,240920,60653,2026-09-02T22:37:59.504Z,2026-09-04T22:06:46Z
snaped.fns.usda.gov,Department of Agriculture,,true,false,236454,210908,2026-09-04T03:22:45.383Z,2026-09-04T22:06:46Z
idcf.bls.gov,Department of Labor,v2.4.0,false,false,229136,70374,2026-09-04T03:10:46.253Z,2026-09-04T22:06:46Z
oig.justice.gov,Department of Justice,,true,false,228678,70476,2026-09-04T06:42:42.963Z,2026-09-04T22:06:46Z
staging.va.gov,Department of Veterans Affairs,,true,false,227803,31274,2026-09-04T04:33:30.661Z,2026-09-04T22:06:46Z
do.usembassy.gov,Department of State,,true,false,224594,134187,2026-09-04T04:32:14.936Z,2026-09-04T22:06:46Z
br.usembassy.gov,Department of State,,true,false,222677,149470,2026-09-02T22:37:59.504Z,2026-09-04T22:06:46Z
tfx.treasury.gov,Department of the Treasury,v,true,false,222627,170820,2026-09-04T02:38:08.473Z,2026-09-04T22:06:46Z
tmsearch.uspto.gov,Department of Commerce,,false,false,220044,86574,2026-09-04T12:10:45.178Z,2026-09-04T22:06:46Z
training.smartpay.gsa.gov,General Services Administration,v3.13.0,true,false,219972,31585,2026-09-04T03:18:31.320Z,2026-09-04T22:06:46Z
enviro.epa.gov,Environmental Protection Agency,,true,false,217379,100238,2026-09-04T14:58:20.072Z,2026-09-04T22:06:46Z
smokefree.gov,Department of Health and Human Services,,true,false,213396,132136,2026-09-04T13:50:10.066Z,2026-09-04T22:06:46Z
app.fac.gov,General Services Administration,,true,false,212493,63014,2026-09-02T22:37:59.504Z,2026-09-04T22:06:46Z
bjs.ojp.gov,Department of Justice,.,true,false,212405,137407,2026-09-04T10:54:43.576Z,2026-09-04T22:06:46Z
acl.gov,Department of Health and Human Services,,true,false,212026,103958,2026-09-04T13:37:58.694Z,2026-09-04T22:06:46Z
betterbuildingssolutioncenter.energy.gov,Department of Energy,,true,false,211790,162686,2026-09-04T14:27:32.441Z,2026-09-04T22:06:46Z
acoms.cms.gov,Department of Health and Human Services,,true,false,206993,17801,2026-09-04T05:53:05.002Z,2026-09-04T22:06:46Z
digital.va.gov,Department of Veterans Affairs,,true,false,205803,149969,2026-09-04T14:44:54.931Z,2026-09-04T22:06:46Z
science.gsfc.nasa.gov,National Aeronautics and Space Administration,v3.12.0,true,false,204730,168623,2026-09-04T14:46:25.837Z,2026-09-04T22:06:46Z
ar.usembassy.gov,Department of State,,true,false,204650,111354,2026-09-04T10:45:06.568Z,2026-09-04T22:06:46Z
niccs.cisa.gov,Department of Homeland Security,,true,false,204284,117353,2026-09-04T14:18:09.745Z,2026-09-04T22:06:46Z
geocoding.geo.census.gov,Department of Commerce,,true,false,202730,70019,2026-09-04T05:08:31.892Z,2026-09-04T22:06:46Z
foia.state.gov,Department of State,v3.7.1,true,false,201653,35049,2026-09-04T02:45:21.286Z,2026-09-04T22:06:46Z
hivinfo.nih.gov,Department of Health and Human Services,,true,false,201512,161371,2026-09-04T11:57:28.115Z,2026-09-04T22:06:46Z
www2.census.gov,Department of Commerce,,true,false,200916,137065,2026-09-04T12:25:04.354Z,2026-09-04T22:06:46Z
discover.va.gov,Department of Veterans Affairs,,true,false,200566,131171,2026-09-02T22:37:59.504Z,2026-09-04T22:06:46Z
civilrights.justice.gov,Department of Justice,v3.6.1,true,false,195349,43876,2026-09-04T13:11:37.170Z,2026-09-04T22:06:46Z
www.grants.gov,Department of Health and Human Services,v3.3.0,true,false,194028,79440,2026-09-04T05:24:49.816Z,2026-09-04T22:06:46Z
ffiec.cfpb.gov,Consumer Financial Protection Bureau,,true,false,193344,107666,2026-09-04T05:15:19.549Z,2026-09-04T22:06:46Z
magazine.medlineplus.gov,Department of Health and Human Services,v1.6.6,true,false,192859,176407,2026-09-04T06:45:56.304Z,2026-09-04T22:06:46Z
vn.usembassy.gov,Department of State,,true,false,191962,124302,2026-09-04T04:19:56.019Z,2026-09-04T22:06:46Z
www.cdc.gov,Department of Health and Human Services,,true,false,190950,69007,2026-09-04T13:09:06.316Z,2026-09-04T22:06:46Z
eforms.state.gov,Department of State,,false,false,189050,161451,2026-09-04T07:50:30.938Z,2026-09-04T22:06:46Z
ntp.niehs.nih.gov,Department of Health and Human Services,,true,false,188749,89984,2026-09-04T14:39:42.948Z,2026-09-04T22:06:46Z
online-auction.state.gov,Department of State,,false,false,188531,70151,2026-09-04T13:58:38.194Z,2026-09-04T22:06:46Z
rrs.usace.army.mil,Department of Defense,,true,false,184763,49440,2026-09-04T01:32:56.932Z,2026-09-04T22:06:46Z
wamssoprd.epa.gov,Environmental Protection Agency,,true,false,183600,133256,2026-09-04T14:32:28.551Z,2026-09-04T22:06:46Z
helpwithmybank.gov,Department of the Treasury,,true,false,181366,138189,2026-09-04T09:50:48.565Z,2026-09-04T22:06:46Z
geneva.usmission.gov,Department of State,,true,false,180027,185101,2026-09-04T08:49:27.626Z,2026-09-04T22:06:46Z
www.ice.gov,Department of Homeland Security,,true,false,178043,83156,2026-09-04T13:56:13.924Z,2026-09-04T22:06:46Z
oig.ssa.gov,Social Security Administration,,true,false,176633,126281,2026-09-04T14:46:52.866Z,2026-09-04T22:06:46Z
smartpay.gsa.gov,General Services Administration,v3.14.0,true,false,176321,97319,2026-09-04T09:10:29.451Z,2026-09-04T22:06:46Z
apps.usgs.gov,Department of the Interior,,false,false,174457,90024,2026-09-04T14:43:01.470Z,2026-09-04T22:06:46Z
ovc.ojp.gov,Department of Justice,.,true,false,171365,97597,2026-09-04T13:55:31.824Z,2026-09-04T22:06:46Z
namus.nij.ojp.gov,Department of Justice,.,true,false,171227,126511,2026-09-04T05:08:49.323Z,2026-09-04T22:06:46Z
tr.usembassy.gov,Department of State,,true,false,170254,109286,2026-09-04T11:21:40.739Z,2026-09-04T22:06:46Z
meps.ahrq.gov,Department of Health and Human Services,,true,false,167749,135620,2026-09-04T07:13:49.608Z,2026-09-04T22:06:46Z
tools.cdc.gov,Department of Health and Human Services,,false,false,165497,144890,2026-09-04T09:44:05.177Z,2026-09-04T22:06:46Z
kr.usembassy.gov,Department of State,,true,false,165243,98741,2026-09-04T07:50:44.630Z,2026-09-04T22:06:46Z
wicworks.fns.usda.gov,Department of Agriculture,,true,false,164354,141020,2026-09-02T22:37:59.504Z,2026-09-04T22:06:46Z
beta.dol.gov,Department of Labor,,true,false,164147,125156,2026-09-04T12:59:58.418Z,2026-09-04T22:06:46Z
irs.usajobs.gov,Office of Personnel Management,,false,false,163732,56176,2026-09-04T08:43:22.733Z,2026-09-04T22:06:46Z
www.gsaglobalsupply.gsa.gov,General Services Administration,,true,false,163026,19556,2026-09-04T02:54:38.449Z,2026-09-04T22:06:46Z
eplanning.blm.gov,Department of the Interior,,true,false,160581,57256,2026-09-04T13:58:46.015Z,2026-09-04T22:06:46Z
th.usembassy.gov,Department of State,,true,false,159071,101409,2026-09-02T22:37:59.504Z,2026-09-04T22:06:46Z
data.cdc.gov,Department of Health and Human Services,,true,false,156247,72111,2026-09-04T03:27:31.899Z,2026-09-04T22:06:46Z
arpa-h.gov,Department of Health and Human Services,,true,false,155884,88440,2026-09-04T07:12:01.501Z,2026-09-04T22:06:46Z
lehd.ces.census.gov,Department of Commerce,,true,false,155411,50602,2026-09-04T08:11:17.615Z,2026-09-04T22:06:46Z
home.grantsolutions.gov,Department of Health and Human Services,,false,false,151391,122637,2026-09-04T07:06:42.569Z,2026-09-04T22:06:46Z
pages.nist.gov,Department of Commerce,,false,false,147297,107484,2026-09-04T10:40:05.028Z,2026-09-04T22:06:46Z
atsdr.cdc.gov,Department of Health and Human Services,,true,false,147282,100807,2026-09-04T10:48:22.317Z,2026-09-04T22:06:46Z
pmel.noaa.gov,Department of Commerce,v3.8.2,true,false,146487,118881,2026-09-04T07:06:16.575Z,2026-09-04T22:06:46Z
orip.nih.gov,Department of Health and Human Services,v3.6.1,true,false,145741,140810,2026-09-04T04:03:43.878Z,2026-09-04T22:06:46Z
cpars.gov,General Services Administration,,true,false,144571,117043,2026-09-04T12:48:38.775Z,2026-09-04T22:06:46Z
digital.gov,General Services Administration,,true,false,144034,94769,2026-09-04T13:36:32.734Z,2026-09-04T22:06:46Z
realestatesales.gov,General Services Administration,v3.8.0,true,false,142723,51865,2026-09-04T12:59:01.153Z,2026-09-04T22:06:46Z
intern.usajobs.gov,Office of Personnel Management,,false,false,142353,48267,2026-09-04T05:00:54.274Z,2026-09-04T22:06:46Z
forestservicecareers.usajobs.gov,Office of Personnel Management,,false,false,142193,36289,2026-09-04T04:56:34.635Z,2026-09-04T22:06:46Z
eg.usembassy.gov,Department of State,,true,false,140666,88550,2026-09-04T03:59:25.914Z,2026-09-04T22:06:46Z
idcfoews.bls.gov,Department of Labor,v2.4.0,false,false,140255,57713,2026-09-04T06:17:21.373Z,2026-09-04T22:06:46Z
rapidrefresh.noaa.gov,Department of Commerce,,false,false,138266,62236,2026-09-02T22:37:59.504Z,2026-09-04T22:06:46Z
ojjdp.ojp.gov,Department of Justice,.,true,false,138031,97379,2026-09-04T08:58:10.667Z,2026-09-04T22:06:46Z
caregiver.va.gov,Department of Veterans Affairs,,true,false,137746,93898,2026-09-02T22:37:59.504Z,2026-09-04T22:06:46Z
videocast.nih.gov,Department of Health and Human Services,,false,false,137428,88498,2026-09-02T22:37:59.504Z,2026-09-04T22:06:46Z
www.fws.gov,Department of the Interior,,true,false,135714,57747,2026-09-04T14:53:26.507Z,2026-09-04T22:06:46Z
psnet.ahrq.gov,Department of Health and Human Services,,true,false,134629,104183,2026-09-04T14:47:21.436Z,2026-09-04T22:06:46Z
www.fdms.gov,General Services Administration,2.14.0,false,false,134171,20559,2026-09-04T03:29:39.584Z,2026-09-04T22:06:46Z
comptroller.war.gov,Department of Defense,,false,false,134147,90855,2026-09-02T22:37:59.504Z,2026-09-04T22:06:46Z
pe.usembassy.gov,Department of State,,true,false,133921,89022,2026-09-04T04:11:59.479Z,2026-09-04T22:06:46Z
espanol.womenshealth.gov,Department of Health and Human Services,v2.14.0,true,false,133326,108070,2026-09-04T09:50:47.498Z,2026-09-04T22:06:46Z
npin.cdc.gov,Department of Health and Human Services,,true,false,131476,102038,2026-09-02T22:37:59.504Z,2026-09-04T22:06:46Z
fr.usembassy.gov,Department of State,,true,false,130016,78931,2026-09-04T04:39:28.455Z,2026-09-04T22:06:46Z
ug.usembassy.gov,Department of State,,true,false,129875,90023,2026-09-02T22:37:59.504Z,2026-09-04T22:06:46Z
power.larc.nasa.gov,National Aeronautics and Space Administration,v3.11.0,true,false,128922,86272,2026-09-04T14:44:14.061Z,2026-09-04T22:06:46Z
bcrisktool.cancer.gov,Department of Health and Human Services,,true,false,127501,77361,2026-09-04T06:34:12.683Z,2026-09-04T22:06:46Z
es.usembassy.gov,Department of State,,true,false,126911,73400,2026-09-04T10:06:20.052Z,2026-09-04T22:06:46Z
pk.usembassy.gov,Department of State,,true,false,125706,68585,2026-09-04T09:00:15.512Z,2026-09-04T22:06:46Z
ae.usembassy.gov,Department of State,,true,false,124024,65994,2026-09-04T03:59:56.024Z,2026-09-04T22:06:46Z
eus.cms.gov,Department of Health and Human Services,,true,false,121422,60771,2026-09-04T03:47:00.782Z,2026-09-04T22:06:46Z
dbgap.ncbi.nlm.nih.gov,Department of Health and Human Services,,true,false,120632,27587,2026-09-04T09:45:57.403Z,2026-09-04T22:06:46Z
www.fedramp.gov,General Services Administration,,true,false,119711,46723,2026-09-04T12:58:00.861Z,2026-09-04T22:06:46Z
www.fema.gov,Department of Homeland Security,,true,false,118645,44490,2026-09-04T05:17:51.098Z,2026-09-04T22:06:46Z
my.usgs.gov,Department of the Interior,v2.13.2,true,false,118644,113065,2026-09-04T14:37:46.911Z,2026-09-04T22:06:46Z
it.usembassy.gov,Department of State,,true,false,118196,73613,2026-09-04T11:12:49.105Z,2026-09-04T22:06:46Z
primis.phmsa.dot.gov,Department of Transportation,v3.13.0,true,false,117180,38686,2026-09-04T10:35:55.146Z,2026-09-04T22:06:46Z
earlycareer.usajobs.gov,Office of Personnel Management,,false,false,115938,20391,2026-09-04T10:27:14.679Z,2026-09-04T22:06:46Z
data.usgs.gov,Department of the Interior,,true,false,115932,105555,2026-09-04T05:41:10.682Z,2026-09-04T22:06:46Z
au.usembassy.gov,Department of State,,true,false,115920,67510,2026-09-04T06:05:59.726Z,2026-09-04T22:06:46Z
dctd.cancer.gov,Department of Health and Human Services,,true,false,115141,80330,2026-09-04T11:41:09.028Z,2026-09-04T22:06:46Z
sanctuaries.noaa.gov,Department of Commerce,,false,false,114891,80852,2026-09-04T14:05:37.895Z,2026-09-04T22:06:46Z
dhs.usajobs.gov,Office of Personnel Management,,false,false,114829,28038,2026-09-04T07:26:06.251Z,2026-09-04T22:06:46Z
disc.gsfc.nasa.gov,National Aeronautics and Space Administration,,false,false,114410,30884,2026-09-04T14:19:54.459Z,2026-09-04T22:06:46Z
orise.orau.gov,Department of Energy,,true,false,113690,69942,2026-09-04T05:49:31.553Z,2026-09-04T22:06:46Z
archivesspace.nal.usda.gov,Department of Agriculture,,false,false,113444,108848,2026-09-04T07:39:43.742Z,2026-09-04T22:06:46Z
za.usembassy.gov,Department of State,,true,false,111662,68044,2026-09-04T10:05:11.181Z,2026-09-04T22:06:46Z
www.childwelfare.gov,Department of Health and Human Services,v2.14.0,true,false,111475,47450,2026-09-04T12:27:05.231Z,2026-09-04T22:06:46Z
gacc.nifc.gov,Department of the Interior,v3.13.0,true,false,111157,44172,2026-09-04T04:32:40.932Z,2026-09-04T22:06:46Z
www.skillbridge.mil,Department of Defense,,true,false,110487,53403,2026-09-04T12:16:02.620Z,2026-09-04T22:06:46Z
findingaids.nlm.nih.gov,Department of Health and Human Services,,false,false,110091,98653,2026-09-04T01:11:48.552Z,2026-09-04T22:06:46Z
3d.nih.gov,Department of Health and Human Services,,false,false,109878,39950,2026-09-04T04:38:55.513Z,2026-09-04T22:06:46Z
id.usembassy.gov,Department of State,,true,false,109507,81464,2026-09-04T14:17:28.846Z,2026-09-04T22:06:46Z
shop.nist.gov,Department of Commerce,,true,false,109165,33898,2026-09-04T10:48:50.752Z,2026-09-04T22:06:46Z
hk.usconsulate.gov,Department of State,,true,false,109084,63361,2026-09-04T05:13:01.799Z,2026-09-04T22:06:46Z
ncses.nsf.gov,National Science Foundation,,false,false,108986,71803,2026-09-04T06:54:01.656Z,2026-09-04T22:06:46Z
homeandcity.nasa.gov,National Aeronautics and Space Administration,,true,false,108176,11271,2026-09-04T13:56:37.330Z,2026-09-04T22:06:46Z
alpha.sam.gov,General Services Administration,,true,false,107618,9658,2026-09-04T09:26:33.229Z,2026-09-04T22:06:46Z
usda.usajobs.gov,Office of Personnel Management,,false,false,106525,27641,2026-09-04T08:20:24.198Z,2026-09-04T22:06:46Z
889.smartpay.gsa.gov,General Services Administration,v3.13.0,true,false,105554,109709,2026-09-04T05:33:04.048Z,2026-09-04T22:06:46Z
ncbiinsights.ncbi.nlm.nih.gov,Department of Health and Human Services,,true,false,105456,75101,2026-09-04T15:01:24.936Z,2026-09-04T22:06:46Z
cdmrp.health.mil,Department of Defense,,true,false,105286,55148,2026-09-04T03:39:44.637Z,2026-09-04T22:06:46Z
de.usembassy.gov,Department of State,,true,false,105186,61000,2026-09-04T04:34:27.355Z,2026-09-04T22:06:46Z
visit.archives.gov,National Archives and Records Administration,,true,false,101978,69560,2026-09-04T08:00:28.044Z,2026-09-04T22:06:46Z
forum.earthdata.nasa.gov,National Aeronautics and Space Administration,,false,false,101360,89032,2026-09-04T11:09:00.734Z,2026-09-04T22:06:46Z
il.usembassy.gov,Department of State,,true,false,101190,58578,2026-09-04T10:46:08.336Z,2026-09-04T22:06:46Z
opa.hhs.gov,Department of Health and Human Services,,true,false,101134,30313,2026-09-04T11:00:04.548Z,2026-09-04T22:06:46Z
espanol.nichd.nih.gov,Department of Health and Human Services,,true,false,100601,82393,2026-09-04T08:25:25.798Z,2026-09-04T22:06:46Z
mirecc.va.gov,Department of Veterans Affairs,,true,false,100040,60527,2026-09-04T04:16:54.879Z,2026-09-04T22:06:46Z
espanol.epa.gov,Environmental Protection Agency,,true,false,98235,73767,2026-09-04T13:52:15.141Z,2026-09-04T22:06:46Z
str.gsa.gov,General Services Administration,v3.5.0,true,false,97482,14752,2026-09-04T05:28:19.179Z,2026-09-04T22:06:46Z
nicic.gov,Department of Justice,,true,false,97091,44482,2026-09-04T04:23:17.465Z,2026-09-04T22:06:46Z
ng.usembassy.gov,Department of State,,true,false,96650,69164,2026-09-04T11:19:40.126Z,2026-09-04T22:06:46Z
bf.usembassy.gov,Department of State,,true,false,96542,98530,2026-09-02T22:37:59.504Z,2026-09-04T22:06:46Z
srdata.nist.gov,Department of Commerce,,false,true,94191,31707,2026-09-04T00:29:07.799Z,2026-09-04T22:06:46Z
ke.usembassy.gov,Department of State,,true,false,94156,53038,2026-09-04T11:08:25.741Z,2026-09-04T22:06:46Z
seedfund.nsf.gov,National Science Foundation,,true,false,93268,49162,2026-09-02T22:37:59.504Z,2026-09-04T22:06:46Z
e-safe.cbp.dhs.gov,Department of Homeland Security,,true,false,93189,15636,2026-09-04T08:42:22.404Z,2026-09-04T22:06:46Z
tmog.uspto.gov,Department of Commerce,,false,false,91120,33655,2026-09-04T06:27:11.318Z,2026-09-04T22:06:46Z
hdpulse.nimhd.nih.gov,Department of Health and Human Services,,true,false,90581,48034,2026-09-04T15:02:12.820Z,2026-09-04T22:06:46Z
mywaterway.epa.gov,Environmental Protection Agency,,true,false,90275,37283,2026-09-04T14:08:34.025Z,2026-09-04T22:06:46Z
www.cancer.gov,Department of Health and Human Services,,true,false,89348,42174,2026-09-04T15:00:42.147Z,2026-09-04T22:06:46Z
mentalhealth.va.gov,Department of Veterans Affairs,,true,false,88951,57858,2026-09-04T12:57:35.927Z,2026-09-04T22:06:46Z
gettested.cdc.gov,Department of Health and Human Services,,true,false,88913,32854,2026-09-02T22:37:59.504Z,2026-09-04T22:06:46Z
commonfund.nih.gov,Department of Health and Human Services,v3.4.1,true,false,88845,56202,2026-09-04T07:42:44.294Z,2026-09-04T22:06:46Z
nasa.usajobs.gov,Office of Personnel Management,,false,false,88450,31405,2026-09-04T07:40:11.605Z,2026-09-04T22:06:46Z
taggs.hhs.gov,Department of Health and Human Services,,false,false,88055,63868,2026-09-04T11:16:03.266Z,2026-09-04T22:06:46Z
gt.usembassy.gov,Department of State,,true,false,87781,52208,2026-09-04T09:29:20.641Z,2026-09-04T22:06:46Z
response.epa.gov,Environmental Protection Agency,,true,false,86364,37079,2026-09-04T14:21:29.719Z,2026-09-04T22:06:46Z
kids.usmint.gov,Department of the Treasury,,true,false,86060,46428,2026-09-02T22:37:59.504Z,2026-09-04T22:06:46Z
np.usembassy.gov,Department of State,,true,false,84927,49769,2026-09-04T05:20:25.349Z,2026-09-04T22:06:46Z
designsystem.digital.gov,General Services Administration,,true,false,84816,41218,2026-09-04T09:51:47.532Z,2026-09-04T22:06:46Z
iq.usembassy.gov,Department of State,,true,false,83203,50223,2026-09-04T02:43:21.843Z,2026-09-04T22:06:46Z
foodbuyingguide.fns.usda.gov,Department of Agriculture,,true,false,82114,27944,2026-09-02T22:37:59.504Z,2026-09-04T22:06:46Z
bd.usembassy.gov,Department of State,,true,false,82079,51618,2026-09-04T04:01:11.957Z,2026-09-04T22:06:46Z
oig.ed.gov,Department of Education,,true,false,81854,42048,2026-09-04T12:01:05.852Z,2026-09-04T22:06:46Z
sa.usembassy.gov,Department of State,,true,false,81822,50226,2026-09-04T05:46:54.421Z,2026-09-04T22:06:46Z
marketplace.va.gov,Department of Veterans Affairs,,true,false,81711,24827,2026-09-02T22:37:59.504Z,2026-09-04T22:06:46Z
ndc.services.cdc.gov,Department of Health and Human Services,,false,false,81711,42050,2026-09-04T08:27:39.284Z,2026-09-04T22:06:46Z
toolkit.climate.gov,Department of Commerce,,false,false,80300,66134,2026-09-04T10:32:10.554Z,2026-09-04T22:06:46Z
ohss.dhs.gov,Department of Homeland Security,,true,false,79191,52750,2026-09-04T09:59:56.160Z,2026-09-04T22:06:46Z
dowcio.war.gov,Department of Defense,,false,false,79019,64759,2026-09-02T22:37:59.504Z,2026-09-04T22:06:46Z
arpa-e.energy.gov,Department of Energy,,true,false,78663,47078,2026-09-04T12:51:55.853Z,2026-09-04T22:06:46Z
cr.usembassy.gov,Department of State,,true,false,78489,46119,2026-09-02T22:37:59.504Z,2026-09-04T22:06:46Z
pki.treasury.gov,Department of the Treasury,v3.13.0,true,false,78352,79449,2026-09-04T08:24:21.926Z,2026-09-04T22:06:46Z
prevention.cancer.gov,Department of Health and Human Services,,true,false,78117,25746,2026-09-04T14:09:29.146Z,2026-09-04T22:06:46Z
ve.usembassy.gov,Department of State,,true,false,77980,52401,2026-09-02T22:37:59.504Z,2026-09-04T22:06:46Z
www.aphis.usda.gov,Department of Agriculture,,true,false,77738,13263,2026-09-04T10:08:04.586Z,2026-09-04T22:06:46Z
tmss.gsa.gov,General Services Administration,,true,false,77652,15221,2026-09-04T12:50:54.319Z,2026-09-04T22:06:46Z
rethinkingdrinking.niaaa.nih.gov,Department of Health and Human Services,,true,false,77600,49540,2026-09-02T22:37:59.504Z,2026-09-04T22:06:46Z
mrms.nssl.noaa.gov,Department of Commerce,v3.10.0,true,false,76084,52453,2026-09-04T02:03:53.362Z,2026-09-04T22:06:46Z
certify.sba.gov,Small Business Administration,,true,false,76057,19586,2026-09-04T01:34:02.753Z,2026-09-04T22:06:46Z
hn.usembassy.gov,Department of State,,true,false,75824,41098,2026-09-02T22:37:59.504Z,2026-09-04T22:06:46Z
finance.ocfo.gsa.gov,General Services Administration,v3.10.0,true,false,74371,8103,2026-09-04T06:14:54.038Z,2026-09-04T22:06:46Z
ice.usajobs.gov,Office of Personnel Management,,false,false,73948,25223,2026-09-04T04:55:40.233Z,2026-09-04T22:06:46Z
ttabcenter.uspto.gov,Department of Commerce,,false,false,73694,10781,2026-09-04T06:48:45.751Z,2026-09-04T22:06:46Z
www.nsf.gov,National Science Foundation,,true,false,73659,21979,2026-09-04T12:41:19.439Z,2026-09-04T22:06:46Z
edie.fdic.gov,Federal Deposit Insurance Corporation,v2.6.0,true,false,72768,47889,2026-09-02T22:37:59.504Z,2026-09-04T22:06:46Z
cmgds.marine.usgs.gov,Department of the Interior,,true,false,71915,63406,2026-09-04T06:55:59.379Z,2026-09-04T22:06:46Z
parkplanning.nps.gov,Department of the Interior,,false,true,71162,46603,2026-09-04T09:02:17.168Z,2026-09-04T22:06:46Z
ssaiheadquarters.usajobs.gov,Office of Personnel Management,,false,false,70878,18593,2026-09-04T08:00:09.636Z,2026-09-04T22:06:46Z
mycreditunion.gov,National Credit Union Administration,,true,false,70807,48425,2026-09-02T22:37:59.504Z,2026-09-04T22:06:46Z
gh.usembassy.gov,Department of State,,true,false,70731,42640,2026-09-04T04:42:12.071Z,2026-09-04T22:06:46Z
catalog.nlm.nih.gov,Department of Health and Human Services,,true,false,70587,17895,2026-09-04T06:15:36.232Z,2026-09-04T22:06:46Z
omao.noaa.gov,Department of Commerce,,true,false,69823,38948,2026-09-04T08:54:36.217Z,2026-09-04T22:06:46Z
ec.usembassy.gov,Department of State,,true,false,68848,43234,2026-09-04T03:56:42.692Z,2026-09-04T22:06:46Z
beaconregistration.noaa.gov,Department of Commerce,v2.12.0,true,false,68202,31287,2026-09-04T12:43:53.899Z,2026-09-04T22:06:46Z
www.energy.gov,Department of Energy,,true,false,67741,26748,2026-09-04T14:13:58.772Z,2026-09-04T22:06:46Z
nps.usajobs.gov,Office of Personnel Management,,false,false,67208,17635,2026-09-04T13:49:46.093Z,2026-09-04T22:06:46Z
go.gov,General Services Administration,v3.13.0,true,false,66914,63798,2026-09-04T02:02:28.473Z,2026-09-04T22:06:46Z
justicegrants.usdoj.gov,Department of Justice,.,true,false,65752,42730,2026-09-02T22:37:59.504Z,2026-09-04T22:06:46Z
nssl.noaa.gov,Department of Commerce,v3.10.0,true,false,65303,50954,2026-09-04T12:13:39.923Z,2026-09-04T22:06:46Z
sv.usembassy.gov,Department of State,,true,false,64751,43170,2026-09-02T22:37:59.504Z,2026-09-04T22:06:46Z
share.america.gov,Department of State,,true,false,63958,51400,2026-09-04T03:34:17.883Z,2026-09-04T22:06:46Z
hcup-us.ahrq.gov,Department of Health and Human Services,,true,false,63759,38214,2026-09-04T06:31:45.650Z,2026-09-04T22:06:46Z
bi.usembassy.gov,Department of State,,true,false,63330,56944,2026-09-04T10:05:10.324Z,2026-09-04T22:06:46Z
ma.usembassy.gov,Department of State,,true,false,62813,42321,2026-09-04T04:43:30.065Z,2026-09-04T22:06:46Z
www.earthdata.nasa.gov,National Aeronautics and Space Administration,,false,false,62773,14909,2026-09-04T14:51:16.023Z,2026-09-04T22:06:46Z
nauticalcharts.noaa.gov,Department of Commerce,,true,false,62632,41117,2026-09-04T14:22:28.863Z,2026-09-04T22:06:46Z
my.ttb.gov,Department of the Treasury,,true,false,62506,26930,2026-09-02T22:37:59.504Z,2026-09-04T22:06:46Z
seed.nih.gov,Department of Health and Human Services,,false,false,62478,45937,2026-09-04T10:22:05.274Z,2026-09-04T22:06:46Z
arctic.noaa.gov,Department of Commerce,v3.3.0,true,false,62236,57083,2026-09-04T12:38:35.247Z,2026-09-04T22:06:46Z
ssai.usajobs.gov,Office of Personnel Management,,false,false,62136,20608,2026-09-04T14:25:33.231Z,2026-09-04T22:06:46Z
kz.usembassy.gov,Department of State,,true,false,62082,39340,2026-09-02T22:37:59.504Z,2026-09-04T22:06:46Z
vaadvantage.gsa.gov,General Services Administration,,true,false,61977,4235,2026-09-04T12:56:47.256Z,2026-09-04T22:06:46Z
iprs.cbp.gov,Department of Homeland Security,,false,false,61954,45958,2026-09-02T22:37:59.504Z,2026-09-04T22:06:46Z
sibr.nist.gov,Department of Commerce,,true,false,61677,55473,2026-09-04T10:43:48.394Z,2026-09-04T22:06:46Z
ua.usembassy.gov,Department of State,,true,false,61552,31927,2026-09-04T07:51:58.687Z,2026-09-04T22:06:46Z
coastwatch.glerl.noaa.gov,Department of Commerce,v3.6.0,true,false,61122,19419,2026-09-04T13:33:01.704Z,2026-09-04T22:06:46Z
sfs.opm.gov,Office of Personnel Management,v1.0.0,true,false,60706,19546,2026-09-02T22:37:59.504Z,2026-09-04T22:06:46Z
pl.usembassy.gov,Department of State,,true,false,60477,33902,2026-09-04T05:12:39.180Z,2026-09-04T22:06:46Z
meshb-prev.nlm.nih.gov,Department of Health and Human Services,,false,false,60148,40430,2026-09-04T06:44:57.423Z,2026-09-04T22:06:46Z
disposal.gsa.gov,General Services Administration,v2.13.2,true,false,60010,16200,2026-09-04T07:32:30.358Z,2026-09-04T22:06:46Z
pa.usembassy.gov,Department of State,,true,false,59624,35567,2026-09-04T14:41:52.167Z,2026-09-04T22:06:46Z
charts.noaa.gov,Department of Commerce,,true,false,59518,37345,2026-09-04T13:39:18.583Z,2026-09-04T22:06:46Z
cwoutcomes.acf.hhs.gov,Department of Health and Human Services,,true,false,59094,43618,2026-09-04T10:35:28.574Z,2026-09-04T22:06:46Z
jobs.cdc.gov,Department of Health and Human Services,,false,false,58936,23979,2026-09-02T22:37:59.504Z,2026-09-04T22:06:46Z
yali.state.gov,Department of State,,true,false,58928,24895,2026-09-04T09:34:59.133Z,2026-09-04T22:06:46Z
gsaadvantage-test3.fas.gsa.gov,General Services Administration,,true,false,58334,6348,2026-09-04T06:20:38.826Z,2026-09-04T22:06:46Z
hsrd.research.va.gov,Department of Veterans Affairs,,true,false,57960,49800,2026-09-04T03:06:17.459Z,2026-09-04T22:06:46Z
response.restoration.noaa.gov,Department of Commerce,,true,false,57573,39539,2026-09-04T02:37:49.475Z,2026-09-04T22:06:46Z
ru.usembassy.gov,Department of State,,true,false,57563,30021,2026-09-04T11:20:51.321Z,2026-09-04T22:06:46Z
rsa.ed.gov,Department of Education,,true,false,56448,18315,2026-09-04T13:39:32.787Z,2026-09-04T22:06:46Z
broadbandusa.ntia.gov,Department of Commerce,,true,false,56221,29549,2026-09-04T03:38:16.144Z,2026-09-04T22:06:46Z
jo.usembassy.gov,Department of State,,true,false,54665,32112,2026-09-04T13:43:50.340Z,2026-09-04T22:06:46Z
www.foia.gov,Department of Justice,v,true,false,54477,21210,2026-09-04T13:34:49.714Z,2026-09-04T22:06:46Z
www.nasa.gov,National Aeronautics and Space Administration,v2.13.3,true,false,54253,11877,2026-09-04T14:52:11.157Z,2026-09-04T22:06:46Z
healthquality.va.gov,Department of Veterans Affairs,,true,false,53824,36105,2026-09-04T08:29:37.528Z,2026-09-04T22:06:46Z
jm.usembassy.gov,Department of State,,true,false,53758,33162,2026-09-04T09:27:29.575Z,2026-09-04T22:06:46Z
eoffer.gsa.gov,General Services Administration,,true,false,53671,35152,2026-09-04T07:34:54.539Z,2026-09-04T22:06:46Z
data.niaid.nih.gov,Department of Health and Human Services,,false,false,53625,47263,2026-09-04T09:27:27.023Z,2026-09-04T22:06:46Z
www.help.cbp.gov,Department of Homeland Security,v2.8.0,true,false,53481,24420,2026-09-04T09:16:03.681Z,2026-09-04T22:06:46Z
oceanacidification.noaa.gov,Department of Commerce,v3.4.0,true,false,53187,48819,2026-09-02T22:37:59.504Z,2026-09-04T22:06:46Z
smart.ojp.gov,Department of Justice,.,true,false,53063,34777,2026-09-04T05:57:17.412Z,2026-09-04T22:06:46Z
gmd-int.cmdl.noaa.gov,Department of Commerce,,true,false,53039,52436,2026-09-04T01:46:38.274Z,2026-09-04T22:06:46Z
www.justice.gov,Department of Justice,,true,false,52590,25014,2026-09-04T13:12:28.126Z,2026-09-04T22:06:46Z
tt.usembassy.gov,Department of State,,true,false,52368,36277,2026-09-04T05:30:18.173Z,2026-09-04T22:06:46Z
wisqars.cdc.gov,Department of Health and Human Services,,false,false,52309,19309,2026-09-02T22:37:59.504Z,2026-09-04T22:06:46Z
agents.floodsmart.gov,Department of Homeland Security,,true,false,52210,26033,2026-09-04T13:52:37.927Z,2026-09-04T22:06:46Z
wvs.earthdata.nasa.gov,National Aeronautics and Space Administration,,false,false,52178,17732,2026-09-04T07:01:58.338Z,2026-09-04T22:06:46Z
et.usembassy.gov,Department of State,,true,false,52014,30919,2026-09-02T22:37:59.504Z,2026-09-04T22:06:46Z
fic.nih.gov,Department of Health and Human Services,,true,false,51392,37246,2026-09-04T14:38:12.258Z,2026-09-04T22:06:46Z
joinastudy.niehs.nih.gov,Department of Health and Human Services,,true,false,51308,8898,2026-09-04T06:33:34.847Z,2026-09-04T22:06:46Z
prosthetics.va.gov,Department of Veterans Affairs,,true,false,50368,38406,2026-09-04T04:40:29.228Z,2026-09-04T22:06:46Z
bw.usembassy.gov,Department of State,,true,false,50339,23928,2026-09-04T03:37:12.341Z,2026-09-04T22:06:46Z
sos.noaa.gov,Department of Commerce,,true,false,50243,32383,2026-09-04T03:03:35.216Z,2026-09-04T22:06:46Z
etap.nsf.gov,National Science Foundation,v3.7.1,false,false,50195,14364,2026-09-04T04:28:53.151Z,2026-09-04T22:06:46Z
d2d.gsa.gov,General Services Administration,,true,false,50141,27348,2026-09-04T06:04:24.504Z,2026-09-04T22:06:46Z
cl.usembassy.gov,Department of State,,true,false,50057,30882,2026-09-04T04:01:53.017Z,2026-09-04T22:06:46Z
standards.nasa.gov,National Aeronautics and Space Administration,v2.10.0,true,false,49647,27600,2026-09-04T10:44:57.438Z,2026-09-04T22:06:46Z
recentgrad.usajobs.gov,Office of Personnel Management,,false,false,49349,10839,2026-09-04T03:40:37.829Z,2026-09-04T22:06:46Z
wicbreastfeeding.fns.usda.gov,Department of Agriculture,,true,false,49044,34736,2026-09-02T22:37:59.504Z,2026-09-04T22:06:46Z
boiefiling.fincen.gov,Department of the Treasury,,true,false,48716,27875,2026-09-04T13:51:52.074Z,2026-09-04T22:06:46Z
www.cbp.gov,Department of Homeland Security,,true,false,48689,19633,2026-09-04T12:05:21.833Z,2026-09-04T22:06:46Z
get.gov,.gov Administration,,true,false,48620,39249,2026-09-04T14:57:39.718Z,2026-09-04T22:06:46Z
srp.fas.gsa.gov,General Services Administration,v3.5.0,true,false,48494,41939,2026-09-04T08:21:06.881Z,2026-09-04T22:06:46Z
archive.ada.gov,Department of Justice,,true,false,48478,36292,2026-09-04T04:41:55.442Z,2026-09-04T22:06:46Z
art.gsa.gov,General Services Administration,v3.3.0,true,false,48473,35567,2026-09-04T02:40:04.019Z,2026-09-04T22:06:46Z
ipidentifier.uspto.gov,Department of Commerce,v2.8.0,false,false,47892,8045,2026-09-04T12:09:36.413Z,2026-09-04T22:06:46Z
ask.gsa.gov,General Services Administration,v2.13.2,true,false,47537,33168,2026-09-04T02:42:08.215Z,2026-09-04T22:06:46Z
ace-accounts.cbp.gov,Department of Homeland Security,,false,false,47239,39682,2026-09-04T11:52:28.498Z,2026-09-04T22:06:46Z
classification.nlm.nih.gov,Department of Health and Human Services,v3.0.1,true,false,47040,17443,2026-09-04T06:14:02.421Z,2026-09-04T22:06:46Z
ie.usembassy.gov,Department of State,,true,false,46950,31932,2026-09-04T04:52:04.458Z,2026-09-04T22:06:46Z
qa.usembassy.gov,Department of State,,true,false,46940,31317,2026-09-04T11:15:46.498Z,2026-09-04T22:06:46Z
armycivilianservice.usajobs.gov,Office of Personnel Management,,false,false,46940,12344,2026-09-04T13:40:53.047Z,2026-09-04T22:06:46Z
youth.gov,Department of Health and Human Services,,true,false,46701,34260,2026-09-04T07:09:28.094Z,2026-09-04T22:06:46Z
kw.usembassy.gov,Department of State,,true,false,46624,26184,2026-09-02T22:37:59.504Z,2026-09-04T22:06:46Z
eog-tmng.uspto.gov,Department of Commerce,,false,false,46301,13240,2026-09-02T22:37:59.504Z,2026-09-04T22:06:46Z
wioaplans.dol.gov,Department of Labor,,true,false,46195,43114,2026-09-04T11:59:57.041Z,2026-09-04T22:06:46Z
health.gov,Department of Health and Human Services,,true,false,46085,34983,2026-09-04T05:31:26.051Z,2026-09-04T22:06:46Z
ro.usembassy.gov,Department of State,,true,false,45917,25481,2026-09-04T04:22:00.207Z,2026-09-04T22:06:46Z
catalog.gsa.gov,General Services Administration,,true,false,45843,27602,2026-09-04T02:43:53.697Z,2026-09-04T22:06:46Z
ncats.nih.gov,Department of Health and Human Services,v3.3.0,true,false,45740,28888,2026-09-04T12:01:28.085Z,2026-09-04T22:06:46Z
doscareers.usajobs.gov,Office of Personnel Management,,false,false,45737,14875,2026-09-04T04:53:10.679Z,2026-09-04T22:06:46Z
ereg.eoir.justice.gov,Department of Justice,,true,false,45712,18745,2026-09-04T13:11:46.434Z,2026-09-04T22:06:46Z
scientificdiscoveries.ars.usda.gov,Department of Agriculture,v3.13.0,true,false,45707,36184,2026-09-04T14:36:52.407Z,2026-09-04T22:06:46Z
search.ftc.gov,Federal Trade Commission,,true,false,45352,42108,2026-09-04T06:40:30.319Z,2026-09-04T22:06:46Z
intelligencecareers.usajobs.gov,Office of Personnel Management,,false,false,45227,11422,2026-09-04T09:00:01.295Z,2026-09-04T22:06:46Z
qtso.cms.gov,Department of Health and Human Services,,false,false,44801,22188,2026-09-04T09:34:09.803Z,2026-09-04T22:06:46Z
nrs.ed.gov,Department of Education,,true,false,44738,35046,2026-09-04T01:08:33.959Z,2026-09-04T22:06:46Z
minorityhealth.hhs.gov,Department of Health and Human Services,,true,false,44667,24546,2026-09-04T10:23:11.673Z,2026-09-04T22:06:46Z
pdsimage2.wr.usgs.gov,Department of the Interior,v3.7.1,true,false,44552,42707,2026-09-04T14:39:29.158Z,2026-09-04T22:06:46Z
cde.nlm.nih.gov,Department of Health and Human Services,,true,false,43859,37414,2026-09-04T06:21:32.155Z,2026-09-04T22:06:46Z
ofaclicensing.ofac.treas.gov,Department of the Treasury,,true,false,43212,10646,2026-09-04T06:48:14.806Z,2026-09-04T22:06:46Z
planetarynames.wr.usgs.gov,Department of the Interior,v3.6.0,true,false,43168,31732,2026-09-04T04:17:50.364Z,2026-09-04T22:06:46Z
nl.usembassy.gov,Department of State,,true,false,43029,25768,2026-09-04T10:11:23.027Z,2026-09-04T22:06:46Z
fundedresearch.cancer.gov,Department of Health and Human Services,,true,false,42931,43339,2026-09-04T03:18:27.639Z,2026-09-04T22:06:46Z
www.opm.gov,Office of Personnel Management,.,true,false,42725,19425,2026-09-04T12:14:25.614Z,2026-09-04T22:06:46Z
inside.nssl.noaa.gov,Department of Commerce,v3.10.0,true,false,42660,37244,2026-09-02T22:37:59.504Z,2026-09-04T22:06:46Z
digital.ahrq.gov,Department of Health and Human Services,,true,false,42379,32650,2026-09-04T07:11:15.082Z,2026-09-04T22:06:46Z
sg.usembassy.gov,Department of State,,true,false,42149,26891,2026-09-04T04:21:52.578Z,2026-09-04T22:06:46Z
www.facadatabase.gov,General Services Administration,v2.13.2,true,false,41960,4000,2026-09-02T22:37:59.504Z,2026-09-04T22:06:46Z
ni.usembassy.gov,Department of State,,true,false,41813,29895,2026-09-04T05:12:43.389Z,2026-09-04T22:06:46Z
tmdesigncodes.uspto.gov,Department of Commerce,v2.8.0,false,false,41716,18265,2026-09-04T09:39:32.138Z,2026-09-04T22:06:46Z
bb.usembassy.gov,Department of State,,true,false,41690,24044,2026-09-04T14:41:42.395Z,2026-09-04T22:06:46Z
uz.usembassy.gov,Department of State,,true,false,41602,27673,2026-09-04T14:15:28.209Z,2026-09-04T22:06:46Z
uy.usembassy.gov,Department of State,,true,false,41549,24127,2026-09-04T11:24:11.122Z,2026-09-04T22:06:46Z
2021-2025.state.gov,Department of State,,false,false,41318,41548,2026-09-04T02:31:37.941Z,2026-09-04T22:06:46Z
api.waterdata.usgs.gov,Department of the Interior,,true,false,41215,25441,2026-09-04T10:44:09.926Z,2026-09-04T22:06:46Z
daniocell.nichd.nih.gov,Department of Health and Human Services,v2.11.2,true,false,41172,28439,2026-09-04T07:47:41.080Z,2026-09-04T22:06:46Z
www.fisheries.noaa.gov,Department of Commerce,,false,false,41050,17344,2026-09-04T14:27:23.647Z,2026-09-04T22:06:46Z
gr.usembassy.gov,Department of State,,true,false,40551,25307,2026-09-04T14:14:40.066Z,2026-09-04T22:06:46Z
dods.ndbc.noaa.gov,Department of Commerce,,true,false,40370,37220,2026-09-04T00:58:00.152Z,2026-09-04T22:06:46Z
emc.ncep.noaa.gov,Department of Commerce,,true,false,40363,16675,2026-09-04T08:51:04.357Z,2026-09-04T22:06:46Z
cd.usembassy.gov,Department of State,,true,false,40306,25824,2026-09-04T03:27:42.726Z,2026-09-04T22:06:46Z
ldlink.nih.gov,Department of Health and Human Services,,true,false,40269,7209,2026-09-04T01:49:03.890Z,2026-09-04T22:06:46Z
uspto.usajobs.gov,Office of Personnel Management,,false,false,40120,15219,2026-09-04T13:53:26.146Z,2026-09-04T22:06:46Z
amberalert.ojp.gov,Department of Justice,.,true,false,39995,25389,2026-09-04T10:15:12.918Z,2026-09-04T22:06:46Z
csl.noaa.gov,Department of Commerce,,true,false,39895,23592,2026-09-02T22:37:59.504Z,2026-09-04T22:06:46Z
epi.grants.cancer.gov,Department of Health and Human Services,,false,false,39890,27198,2026-09-04T10:46:12.953Z,2026-09-04T22:06:46Z
developers.login.gov,General Services Administration,,true,false,39700,14405,2026-09-02T22:37:59.504Z,2026-09-04T22:06:46Z
apps.glerl.noaa.gov,Department of Commerce,v3.8.0,true,false,39569,38048,2026-09-02T22:37:59.504Z,2026-09-04T22:06:46Z
data.va.gov,Department of Veterans Affairs,,true,false,39435,28261,2026-09-04T08:29:04.254Z,2026-09-04T22:06:46Z
oig.treasury.gov,Department of the Treasury,,true,false,39420,19368,2026-09-04T08:54:16.318Z,2026-09-04T22:06:46Z
espanol.insurekidsnow.gov,Department of Health and Human Services,,true,false,39238,31942,2026-09-04T14:08:40.955Z,2026-09-04T22:06:46Z
usaccess.usalearning.gov,Office of Personnel Management,v3.8.2,true,false,39050,8293,2026-09-04T04:54:04.227Z,2026-09-04T22:06:46Z
www.stb.gov,Surface Transportation Board,v3.14.0,true,false,38678,13911,2026-09-02T22:37:59.504Z,2026-09-04T22:06:46Z
kh.usembassy.gov,Department of State,,true,false,38661,25223,2026-09-04T11:14:54.057Z,2026-09-04T22:06:46Z
lb.usembassy.gov,Department of State,,true,false,38570,24108,2026-09-02T22:37:59.504Z,2026-09-04T22:06:46Z
www.occ.gov,Department of the Treasury,,true,false,38403,31006,2026-09-04T10:13:00.077Z,2026-09-04T22:06:46Z
topobuilder.nationalmap.gov,Department of the Interior,v3.7.1,true,false,38391,36594,2026-09-04T13:38:10.604Z,2026-09-04T22:06:46Z
clinicalstudies.info.nih.gov,Department of Health and Human Services,,true,false,38311,25188,2026-09-04T01:10:56.393Z,2026-09-04T22:06:46Z
nutrition.va.gov,Department of Veterans Affairs,,true,false,38148,19401,2026-09-04T07:47:59.018Z,2026-09-04T22:06:46Z
marinedebris.noaa.gov,Department of Commerce,,true,false,38069,26845,2026-09-04T14:41:18.202Z,2026-09-04T22:06:46Z
www.nccih.nih.gov,Department of Health and Human Services,,true,false,38048,10146,2026-09-04T02:34:27.176Z,2026-09-04T22:06:46Z
crimesolutions.ojp.gov,Department of Justice,.,true,false,38045,25652,2026-09-04T00:51:58.048Z,2026-09-04T22:06:46Z
onrr.gov,Department of the Interior,,true,false,37984,21138,2026-09-04T05:32:55.894Z,2026-09-04T22:06:46Z
dceg.cancer.gov,Department of Health and Human Services,,true,false,37960,27219,2026-09-04T13:41:15.512Z,2026-09-04T22:06:46Z
emilms.fema.gov,Department of Homeland Security,,true,false,37747,19592,2026-09-04T04:05:55.543Z,2026-09-04T22:06:46Z
ncsesdata.nsf.gov,National Science Foundation,,false,false,37346,19709,2026-09-04T12:43:25.171Z,2026-09-04T22:06:46Z
trip.dhs.gov,Department of Homeland Security,,true,false,37237,25014,2026-09-04T09:26:39.982Z,2026-09-04T22:06:46Z
cm.usembassy.gov,Department of State,,true,false,36994,20035,2026-09-02T22:37:59.504Z,2026-09-04T22:06:46Z
veterans.smokefree.gov,Department of Health and Human Services,,true,false,36949,18361,2026-09-04T09:18:09.613Z,2026-09-04T22:06:46Z
ge.usembassy.gov,Department of State,,true,false,36898,29040,2026-09-04T04:49:11.974Z,2026-09-04T22:06:46Z
safetosleep.nichd.nih.gov,Department of Health and Human Services,,true,false,36690,28037,2026-09-04T08:36:29.239Z,2026-09-04T22:06:46Z
open.gsa.gov,General Services Administration,,true,false,36499,21142,2026-09-04T13:00:09.406Z,2026-09-04T22:06:46Z
usun.usmission.gov,Department of State,,true,false,36372,27502,2026-09-04T06:35:30.649Z,2026-09-04T22:06:46Z
pt.usembassy.gov,Department of State,,true,false,36306,21364,2026-09-04T04:08:59.238Z,2026-09-04T22:06:46Z
developer.uscis.gov,Department of Homeland Security,,true,false,36182,18735,2026-09-04T14:29:51.283Z,2026-09-04T22:06:46Z
ch.usembassy.gov,Department of State,,true,false,35997,22172,2026-09-04T11:03:02.587Z,2026-09-04T22:06:46Z
my.usembassy.gov,Department of State,,true,false,35984,24827,2026-09-04T05:13:51.162Z,2026-09-04T22:06:46Z
ph.health.mil,Department of Defense,,true,false,35967,19151,2026-09-04T05:41:20.494Z,2026-09-04T22:06:46Z
ldrd-annual.llnl.gov,Department of Energy,,true,false,35831,30137,2026-09-04T05:24:15.999Z,2026-09-04T22:06:46Z
faa.usajobs.gov,Office of Personnel Management,,false,false,35637,9265,2026-09-04T14:02:33.039Z,2026-09-04T22:06:46Z
beta.weather.gov,Department of Commerce,v3.8.1,true,false,35212,21753,2026-09-02T22:37:59.504Z,2026-09-04T22:06:46Z
library.doc.gov,Department of Commerce,v2.12.0,true,false,35175,26014,2026-09-04T10:42:42.645Z,2026-09-04T22:06:46Z
hcsc.va.gov,Department of Veterans Affairs,,true,false,35166,30723,2026-09-04T09:47:20.952Z,2026-09-04T22:06:46Z
lasers.llnl.gov,Department of Energy,,true,false,35062,23936,2026-09-02T22:37:59.504Z,2026-09-04T22:06:46Z
mhvidp-prod.myhealth.va.gov,Department of Veterans Affairs,v3.7.1,true,false,34974,21516,2026-09-02T22:37:59.504Z,2026-09-04T22:06:46Z
sn.usembassy.gov,Department of State,,true,false,34921,20969,2026-09-04T09:36:05.939Z,2026-09-04T22:06:46Z
time.gov,Department of Commerce,,false,false,34482,4673,2026-09-04T14:06:08.321Z,2026-09-04T22:06:46Z
oceantoday.noaa.gov,Department of Commerce,,true,false,34346,27320,2026-09-04T01:59:27.138Z,2026-09-04T22:06:46Z
dz.usembassy.gov,Department of State,,true,false,34298,19587,2026-09-04T04:33:22.355Z,2026-09-04T22:06:46Z
qualityindicators.ahrq.gov,Department of Health and Human Services,,false,false,34226,23511,2026-09-02T22:37:59.504Z,2026-09-04T22:06:46Z
cdas.cancer.gov,Department of Health and Human Services,,true,false,34141,21220,2026-09-02T22:37:59.504Z,2026-09-04T22:06:46Z
events.ornl.gov,Department of Energy,,false,false,33942,16090,2026-09-04T07:07:01.448Z,2026-09-04T22:06:46Z
az.usembassy.gov,Department of State,,true,false,33846,22030,2026-09-02T22:37:59.504Z,2026-09-04T22:06:46Z
vetcenter.va.gov,Department of Veterans Affairs,,true,false,33662,27906,2026-09-04T14:46:25.327Z,2026-09-04T22:06:46Z
data.dol.gov,Department of Labor,,true,false,33657,23186,2026-09-04T12:31:50.071Z,2026-09-04T22:06:46Z
cmgds.er.usgs.gov,Department of the Interior,,true,false,33611,31956,2026-09-04T04:19:51.239Z,2026-09-04T22:06:46Z
imagic.nlm.nih.gov,Department of Health and Human Services,,false,false,33431,5155,2026-09-04T12:25:30.718Z,2026-09-04T22:06:46Z
sat.reginfo.gov,General Services Administration,,true,false,32909,284,2026-09-04T08:03:46.918Z,2026-09-04T22:06:46Z
spdf.gsfc.nasa.gov,National Aeronautics and Space Administration,v3.3.0,true,false,32675,29127,2026-09-04T14:23:00.783Z,2026-09-04T22:06:46Z
al.usembassy.gov,Department of State,,true,false,32587,20079,2026-09-02T22:37:59.504Z,2026-09-04T22:06:46Z
lr.usembassy.gov,Department of State,,true,false,32093,19401,2026-09-04T06:54:04.177Z,2026-09-04T22:06:46Z
cmls.gsa.gov,General Services Administration,v2.13.2,true,false,32053,17885,2026-09-04T12:56:02.161Z,2026-09-04T22:06:46Z
iprr.cbp.gov,Department of Homeland Security,,false,false,31554,30571,2026-09-02T22:37:59.504Z,2026-09-04T22:06:46Z
api.nasa.gov,National Aeronautics and Space Administration,,true,false,31406,27940,2026-09-04T14:26:46.916Z,2026-09-04T22:06:46Z
mg.usembassy.gov,Department of State,,true,false,31352,23388,2026-09-04T05:06:37.580Z,2026-09-04T22:06:46Z
earthsciences.gsfc.nasa.gov,National Aeronautics and Space Administration,,false,false,31280,29633,2026-09-04T10:28:09.002Z,2026-09-04T22:06:46Z
integrationacademy.ahrq.gov,Department of Health and Human Services,,false,false,31211,12318,2026-09-04T05:35:25.704Z,2026-09-04T22:06:46Z
lk.usembassy.gov,Department of State,,true,false,31209,18159,2026-09-04T04:58:23.139Z,2026-09-04T22:06:46Z
gdc.cancer.gov,Department of Health and Human Services,,true,false,31125,22351,2026-09-04T10:16:46.210Z,2026-09-04T22:06:46Z
public.srs.gov,Department of Energy,v3.9.0,true,false,30977,22564,2026-09-04T06:27:08.791Z,2026-09-04T22:06:46Z
www.fhfa.gov,Federal Housing Finance Agency,,true,false,30890,5957,2026-09-04T05:20:48.812Z,2026-09-04T22:06:46Z
cbpcomplaints.cbp.gov,Department of Homeland Security,v2.8.0,true,false,30878,27153,2026-09-04T13:34:39.283Z,2026-09-04T22:06:46Z
hpc.llnl.gov,Department of Energy,,true,false,30693,16615,2026-09-04T08:04:24.726Z,2026-09-04T22:06:46Z
nz.usembassy.gov,Department of State,,true,false,30552,21422,2026-09-04T05:32:14.462Z,2026-09-04T22:06:46Z
old.fsa.usda.gov,Department of Agriculture,v2.8.0,true,false,30491,30231,2026-09-04T10:40:26.294Z,2026-09-04T22:06:46Z
data.noaa.gov,Department of Commerce,,true,false,30439,16967,2026-09-04T14:36:52.547Z,2026-09-04T22:06:46Z
hawc.epa.gov,Environmental Protection Agency,,true,false,30408,2607,2026-09-04T14:07:31.554Z,2026-09-04T22:06:46Z
solutions.arpa-h.gov,Department of Health and Human Services,,true,false,30370,8519,2026-09-04T03:02:55.465Z,2026-09-04T22:06:46Z
openpayments.system.cms.gov,Department of Health and Human Services,v3.7.1,true,false,30350,11998,2026-09-04T06:08:59.822Z,2026-09-04T22:06:46Z
modis.ornl.gov,Department of Energy,,true,false,30264,28229,2026-09-04T06:07:26.215Z,2026-09-04T22:06:46Z
floridakeys.noaa.gov,Department of Commerce,,false,false,30227,18046,2026-09-02T22:37:59.504Z,2026-09-04T22:06:46Z
go.dhs.gov,Department of Homeland Security,v3.12.0,true,false,30206,26413,2026-09-04T08:47:43.430Z,2026-09-04T22:06:46Z
bh.usembassy.gov,Department of State,,true,false,29925,18852,2026-09-04T02:09:32.392Z,2026-09-04T22:06:46Z
arm.gov,Department of Energy,,false,false,29862,15101,2026-09-04T10:20:40.453Z,2026-09-04T22:06:46Z
at.usembassy.gov,Department of State,,true,false,29597,20533,2026-09-04T10:59:47.341Z,2026-09-04T22:06:46Z
cancercontrol.cancer.gov,Department of Health and Human Services,,true,false,29584,22245,2026-09-04T14:41:08.855Z,2026-09-04T22:06:46Z
bpajobs.usajobs.gov,Office of Personnel Management,,false,false,29520,12328,2026-09-04T08:39:00.641Z,2026-09-04T22:06:46Z
octae.ed.gov,Department of Education,,true,false,29411,16630,2026-09-04T12:48:08.413Z,2026-09-04T22:06:46Z
easey.epa.gov,Environmental Protection Agency,v3.13.0,false,false,29277,5622,2026-09-04T14:03:09.778Z,2026-09-04T22:06:46Z
e-file.eeoc.gov,Equal Employment Opportunity Commission,v3.7.0,true,false,29228,7595,2026-09-04T11:55:30.301Z,2026-09-04T22:06:46Z
dla.usajobs.gov,Office of Personnel Management,,false,false,28683,8550,2026-09-04T07:29:24.383Z,2026-09-04T22:06:46Z
bo.usembassy.gov,Department of State,,true,false,28652,19379,2026-09-04T03:57:36.687Z,2026-09-04T22:06:46Z
oig.nasa.gov,National Aeronautics and Space Administration,v2.13.3,true,false,28634,15002,2026-09-04T11:08:17.323Z,2026-09-04T22:06:46Z
onthemap.ces.census.gov,Department of Commerce,,false,false,28400,26650,2026-09-04T06:24:23.020Z,2026-09-04T22:06:46Z
bs.usembassy.gov,Department of State,,true,false,28150,18116,2026-09-02T22:37:59.504Z,2026-09-04T22:06:46Z
joltsdata.bls.gov,Department of Labor,v2.4.0,false,false,27991,9235,2026-09-02T22:37:59.504Z,2026-09-04T22:06:46Z
healthcaredelivery.cancer.gov,Department of Health and Human Services,,false,false,27971,17111,2026-09-04T02:14:50.277Z,2026-09-04T22:06:46Z
rs.usembassy.gov,Department of State,,true,false,27853,15897,2026-09-04T04:16:43.656Z,2026-09-04T22:06:46Z
natsec.usajobs.gov,Office of Personnel Management,,false,false,27776,7217,2026-09-04T13:41:55.535Z,2026-09-04T22:06:46Z
am.usembassy.gov,Department of State,,true,false,27739,16226,2026-09-04T04:33:09.732Z,2026-09-04T22:06:46Z
se.usembassy.gov,Department of State,,true,false,27679,15489,2026-09-04T05:23:58.885Z,2026-09-04T22:06:46Z
www.medicaid.gov,Department of Health and Human Services,v3.13.0,true,false,27428,6799,2026-09-04T08:13:03.663Z,2026-09-04T22:06:46Z
vsafe.gov,Department of Veterans Affairs,,true,false,27166,21169,2026-09-02T22:37:59.504Z,2026-09-04T22:06:46Z
19january2025snapshot.epa.gov,Environmental Protection Agency,,true,false,27163,25682,2026-09-04T13:20:53.058Z,2026-09-04T22:06:46Z
btcomp.dol.gov,Department of Labor,,true,false,27098,2700,2026-09-04T11:46:43.366Z,2026-09-04T22:06:46Z
xk.usembassy.gov,Department of State,,true,false,26536,17930,2026-09-04T05:31:58.437Z,2026-09-04T22:06:46Z
dowea.usajobs.gov,Office of Personnel Management,,false,false,26487,6767,2026-09-04T05:03:50.359Z,2026-09-04T22:06:46Z
phinvads.cdc.gov,Department of Health and Human Services,,false,false,26332,17150,2026-09-04T05:02:59.477Z,2026-09-04T22:06:46Z
household-survey.fdic.gov,Federal Deposit Insurance Corporation,,true,false,26331,12219,2026-09-04T03:11:14.932Z,2026-09-04T22:06:46Z
guest.nasa.gov,National Aeronautics and Space Administration,v3.13.0,true,false,26036,13156,2026-09-04T14:24:19.981Z,2026-09-04T22:06:46Z
tn.usembassy.gov,Department of State,,true,false,25999,15820,2026-09-04T14:36:23.904Z,2026-09-04T22:06:46Z
earth.gov,National Aeronautics and Space Administration,,true,false,25912,13028,2026-09-04T11:31:59.144Z,2026-09-04T22:06:46Z
hrmanagement.usajobs.gov,Office of Personnel Management,,false,false,25852,7085,2026-09-04T07:36:59.280Z,2026-09-04T22:06:46Z
lod.nal.usda.gov,Department of Agriculture,,false,false,25844,13941,2026-09-04T10:14:55.918Z,2026-09-04T22:06:46Z
rehab.va.gov,Department of Veterans Affairs,,true,false,25751,19957,2026-09-02T22:37:59.504Z,2026-09-04T22:06:46Z
oshacareers.usajobs.gov,Office of Personnel Management,,false,false,25663,10387,2026-09-04T07:43:26.044Z,2026-09-04T22:06:46Z
cdaweb.gsfc.nasa.gov,National Aeronautics and Space Administration,v3.3.0,true,false,25575,6998,2026-09-04T12:26:18.697Z,2026-09-04T22:06:46Z
nurse.usajobs.gov,Office of Personnel Management,,false,false,25408,6537,2026-09-04T07:44:11.608Z,2026-09-04T22:06:46Z
ssaiphiladelphia.usajobs.gov,Office of Personnel Management,,false,false,25257,6716,2026-09-04T08:01:02.684Z,2026-09-04T22:06:46Z
vsc.gsa.gov,General Services Administration,,true,false,25121,14071,2026-09-04T08:47:52.879Z,2026-09-04T22:06:46Z
datadiscovery.nlm.nih.gov,Department of Health and Human Services,,true,false,25061,14358,2026-09-04T14:35:44.560Z,2026-09-04T22:06:46Z
surveillance.cancer.gov,Department of Health and Human Services,,false,false,24786,13210,2026-09-04T08:59:52.586Z,2026-09-04T22:06:46Z
www.dhsadvantage.gsa.gov,General Services Administration,,true,false,24686,2124,2026-09-04T06:02:44.280Z,2026-09-04T22:06:46Z
agencyportal.usajobs.gov,Office of Personnel Management,,true,false,24685,13083,2026-09-04T04:42:09.463Z,2026-09-04T22:06:46Z
bds.explorer.ces.census.gov,Department of Commerce,v2.12.2,false,false,24636,9539,2026-09-04T04:21:02.587Z,2026-09-04T22:06:46Z
www.nihms.nih.gov,Department of Health and Human Services,v1.6.14,true,false,24391,7399,2026-09-04T09:21:45.187Z,2026-09-04T22:06:46Z
tz.usembassy.gov,Department of State,,true,false,24283,15983,2026-09-04T14:37:38.035Z,2026-09-04T22:06:46Z
st.llnl.gov,Department of Energy,,true,false,24051,14081,2026-09-04T15:02:02.774Z,2026-09-04T22:06:46Z
py.usembassy.gov,Department of State,,true,false,24038,16021,2026-09-04T11:08:56.062Z,2026-09-04T22:06:46Z
cebs-ext.niehs.nih.gov,Department of Health and Human Services,,true,false,23764,14833,2026-09-04T06:32:22.391Z,2026-09-04T22:06:46Z
don.usajobs.gov,Office of Personnel Management,,false,false,23610,6497,2026-09-02T22:37:59.504Z,2026-09-04T22:06:46Z
tp53.cancer.gov,Department of Health and Human Services,,true,false,23588,8273,2026-09-02T22:37:59.504Z,2026-09-04T22:06:46Z
cebs.niehs.nih.gov,Department of Health and Human Services,,true,false,23522,18418,2026-09-04T06:35:04.241Z,2026-09-04T22:06:46Z
irbo.nih.gov,Department of Health and Human Services,,true,false,23400,16782,2026-09-02T22:37:59.504Z,2026-09-04T22:06:46Z
ssaiatlanta.usajobs.gov,Office of Personnel Management,,false,false,23370,9959,2026-09-04T07:55:34.186Z,2026-09-04T22:06:46Z
www.farmers.gov,Department of Agriculture,,true,false,23335,15674,2026-09-04T10:41:16.615Z,2026-09-04T22:06:46Z
earth.jpl.nasa.gov,National Aeronautics and Space Administration,,false,false,23274,20335,2026-09-04T10:26:02.199Z,2026-09-04T22:06:46Z
be.usembassy.gov,Department of State,,true,false,22964,14917,2026-09-02T22:37:59.504Z,2026-09-04T22:06:46Z
people.llnl.gov,Department of Energy,,true,false,22929,16882,2026-09-04T14:41:39.704Z,2026-09-04T22:06:46Z
its.ntia.gov,Department of Commerce,v3.7.0,true,false,22915,13356,2026-09-04T10:53:21.814Z,2026-09-04T22:06:46Z
treasury.usajobs.gov,Office of Personnel Management,,false,false,22870,7448,2026-09-04T07:49:06.614Z,2026-09-04T22:06:46Z
dk.usembassy.gov,Department of State,,true,false,22824,15360,2026-09-04T10:45:48.335Z,2026-09-04T22:06:46Z
blsmon1.bls.gov,Department of Labor,,true,false,22672,13864,2026-09-02T22:37:59.504Z,2026-09-04T22:06:46Z
rw.usembassy.gov,Department of State,,true,false,22280,14317,2026-09-04T09:31:42.224Z,2026-09-04T22:06:46Z
civiliancoastguardcareers.usajobs.gov,Office of Personnel Management,,false,false,22231,5858,2026-09-02T22:37:59.504Z,2026-09-04T22:06:46Z
ci.usembassy.gov,Department of State,,true,false,22069,13740,2026-09-02T22:37:59.504Z,2026-09-04T22:06:46Z
hiv.va.gov,Department of Veterans Affairs,,true,false,22059,13185,2026-09-04T12:56:20.573Z,2026-09-04T22:06:46Z
daac.gsfc.nasa.gov,National Aeronautics and Space Administration,,false,false,21972,20501,2026-09-04T09:20:57.813Z,2026-09-04T22:06:46Z
datatools.ahrq.gov,Department of Health and Human Services,v3.4.1,true,false,21907,9414,2026-09-04T14:48:47.071Z,2026-09-04T22:06:46Z
milspouse.usajobs.gov,Office of Personnel Management,,false,false,21337,4288,2026-09-04T07:29:41.686Z,2026-09-04T22:06:46Z
eddataexpress.ed.gov,Department of Education,,true,false,21243,9245,2026-09-04T07:56:39.066Z,2026-09-04T22:06:46Z
learn.nicic.gov,Department of Justice,,true,false,21118,13699,2026-09-04T12:33:21.068Z,2026-09-04T22:06:46Z
sec.usajobs.gov,Office of Personnel Management,,false,false,20756,9378,2026-09-02T22:37:59.504Z,2026-09-04T22:06:46Z
str.llnl.gov,Department of Energy,,true,false,20754,11765,2026-09-04T13:03:17.512Z,2026-09-04T22:06:46Z
darrp.noaa.gov,Department of Commerce,,true,false,20703,13835,2026-09-04T13:19:43.393Z,2026-09-04T22:06:46Z
fermi.gsfc.nasa.gov,National Aeronautics and Space Administration,v3.12.0,true,false,20564,9814,2026-09-04T12:05:43.997Z,2026-09-04T22:06:46Z
www.samhsa.gov,Department of Health and Human Services,,true,false,20389,6853,2026-09-04T13:57:11.497Z,2026-09-04T22:06:46Z
womenshealth.va.gov,Department of Veterans Affairs,,true,false,20389,13304,2026-09-02T22:37:59.504Z,2026-09-04T22:06:46Z
api.data.gov,General Services Administration,v2.6.0,true,false,20319,16034,2026-09-04T08:33:39.533Z,2026-09-04T22:06:46Z
bj.usembassy.gov,Department of State,,true,false,20096,12972,2026-09-04T03:31:03.658Z,2026-09-04T22:06:46Z
j2jexplorer.ces.census.gov,Department of Commerce,,false,false,20065,9537,2026-09-02T22:37:59.504Z,2026-09-04T22:06:46Z
warrelatedillness.va.gov,Department of Veterans Affairs,,true,false,19932,15282,2026-09-04T13:06:34.368Z,2026-09-04T22:06:46Z
usicecenter.gov,Department of Commerce,,true,false,19901,12028,2026-09-04T06:15:04.299Z,2026-09-04T22:06:46Z
pls.llnl.gov,Department of Energy,,true,false,19882,12421,2026-09-04T12:16:27.567Z,2026-09-04T22:06:46Z
asean.usmission.gov,Department of State,,true,false,19869,13886,2026-09-04T13:06:07.225Z,2026-09-04T22:06:46Z
no.usembassy.gov,Department of State,,true,false,19687,11389,2026-09-02T22:37:59.504Z,2026-09-04T22:06:46Z
cwpm.acf.gov,Department of Health and Human Services,,true,false,19464,10410,2026-09-04T04:03:00.904Z,2026-09-04T22:06:46Z
resources.data.gov,General Services Administration,v3.13.0,true,false,19396,10766,2026-09-04T10:35:38.503Z,2026-09-04T22:06:46Z
computing.llnl.gov,Department of Energy,,true,false,19370,25739,2026-09-04T14:05:18.565Z,2026-09-04T22:06:46Z
dpcpsi.nih.gov,Department of Health and Human Services,v3.7.1,false,false,19359,12381,2026-09-04T06:26:37.245Z,2026-09-04T22:06:46Z
science.larc.nasa.gov,National Aeronautics and Space Administration,,true,false,19329,8819,2026-09-04T08:02:39.797Z,2026-09-04T22:06:46Z
ncsacw.acf.gov,Department of Health and Human Services,,true,false,19305,12845,2026-09-04T10:36:50.076Z,2026-09-04T22:06:46Z
eis-public-pricer.eos.gsa.gov,General Services Administration,v3.8.0,true,false,19178,5734,2026-09-04T05:33:29.721Z,2026-09-04T22:06:46Z
ht.usembassy.gov,Department of State,,true,false,19164,12913,2026-09-04T04:53:44.590Z,2026-09-04T22:06:46Z
www.e-verify.gov,Department of Homeland Security,,true,false,19106,8306,2026-09-04T14:28:19.949Z,2026-09-04T22:06:46Z
medicalmuseum.health.mil,Department of Defense,,true,false,19083,9054,2026-09-04T03:55:09.008Z,2026-09-04T22:06:46Z
veterantraining.va.gov,Department of Veterans Affairs,,true,false,19056,13803,2026-09-04T07:02:33.794Z,2026-09-04T22:06:46Z
ledextract.ces.census.gov,Department of Commerce,,false,false,19004,9768,2026-09-04T10:32:25.113Z,2026-09-04T22:06:46Z
fi.usembassy.gov,Department of State,,true,false,18861,9075,2026-09-02T22:37:59.504Z,2026-09-04T22:06:46Z
profiles.nlm.nih.gov,Department of Health and Human Services,,false,false,18775,9926,2026-09-04T14:56:47.107Z,2026-09-04T22:06:46Z
pwg.gsfc.nasa.gov,National Aeronautics and Space Administration,v3.3.0,true,false,18693,22699,2026-09-04T11:17:51.481Z,2026-09-04T22:06:46Z
globaldossier-ui.uspto.gov,Department of Commerce,v2.8.0,false,false,18688,8869,2026-09-04T07:00:25.617Z,2026-09-04T22:06:46Z
frtr.gov,Environmental Protection Agency,v2.2.1,true,false,18492,10594,2026-09-04T14:00:46.404Z,2026-09-04T22:06:46Z
bg.usembassy.gov,Department of State,,true,false,18260,10053,2026-09-04T14:29:53.424Z,2026-09-04T22:06:46Z
tj.usembassy.gov,Department of State,,true,false,18098,11494,2026-09-04T11:22:53.370Z,2026-09-04T22:06:46Z
flowergarden.noaa.gov,Department of Commerce,,false,false,18084,8701,2026-09-04T01:46:07.423Z,2026-09-04T22:06:46Z
dot.usajobs.gov,Office of Personnel Management,,false,false,18080,4596,2026-09-04T13:44:52.183Z,2026-09-04T22:06:46Z
blog.response.restoration.noaa.gov,Department of Commerce,,true,false,18073,13325,2026-09-02T22:37:59.504Z,2026-09-04T22:06:46Z
developer.cms.gov,Department of Health and Human Services,,false,false,18049,14663,2026-09-04T10:31:32.331Z,2026-09-04T22:06:46Z
mn.usembassy.gov,Department of State,,true,false,18042,11627,2026-09-04T08:37:35.358Z,2026-09-04T22:06:46Z
tm.usembassy.gov,Department of State,,true,false,17914,12539,2026-09-04T04:20:25.651Z,2026-09-04T22:06:46Z
om.usembassy.gov,Department of State,,true,false,17895,10989,2026-09-04T04:49:55.643Z,2026-09-04T22:06:46Z
pbm.va.gov,Department of Veterans Affairs,,true,false,17858,13760,2026-09-02T22:37:59.504Z,2026-09-04T22:06:46Z
stellwagen.noaa.gov,Department of Commerce,,false,false,17850,9831,2026-09-02T22:37:59.504Z,2026-09-04T22:06:46Z
sl.usembassy.gov,Department of State,,true,false,17817,8495,2026-09-04T09:50:09.118Z,2026-09-04T22:06:46Z
help.hrsa.gov,Department of Health and Human Services,,true,false,17756,4421,2026-09-02T22:37:59.504Z,2026-09-04T22:06:46Z
kg.usembassy.gov,Department of State,,true,false,17745,11363,2026-09-04T10:45:12.784Z,2026-09-04T22:06:46Z
mrdc.health.mil,Department of Defense,,true,false,17741,8971,2026-09-04T08:22:32.262Z,2026-09-04T22:06:46Z
permits.blm.gov,Department of the Interior,,true,false,17665,6903,2026-09-02T22:37:59.504Z,2026-09-04T22:06:46Z
nationalgangcenter.ojp.gov,Department of Justice,.,true,false,17654,8615,2026-09-04T01:21:42.213Z,2026-09-04T22:06:46Z
tech.hhs.gov,Department of Health and Human Services,,true,false,17641,10254,2026-09-04T13:43:01.371Z,2026-09-04T22:06:46Z
cherokee.nsopw.gov,Department of Justice,v3.12.0,true,false,17596,2805,2026-09-04T12:53:53.702Z,2026-09-04T22:06:46Z
seec.gsfc.nasa.gov,National Aeronautics and Space Administration,,false,false,17589,9801,2026-09-04T00:27:40.281Z,2026-09-04T22:06:46Z
securitiesfilings.fdicconnect.fdic.gov,Federal Deposit Insurance Corporation,,true,false,17446,2659,2026-09-04T03:19:06.390Z,2026-09-04T22:06:46Z
tg.usembassy.gov,Department of State,,true,false,17378,7125,2026-09-04T08:44:55.659Z,2026-09-04T22:06:46Z
nmb.gov,National Mediation Board,,true,false,17346,8506,2026-09-02T22:37:59.504Z,2026-09-04T22:06:46Z
cu.usembassy.gov,Department of State,,true,false,17279,12199,2026-09-04T04:32:12.246Z,2026-09-04T22:06:46Z
cz.usembassy.gov,Department of State,,true,false,17234,9958,2026-09-02T22:37:59.504Z,2026-09-04T22:06:46Z
sbir.cancer.gov,Department of Health and Human Services,,true,false,17094,10882,2026-09-04T11:17:35.333Z,2026-09-04T22:06:46Z
gsa.usajobs.gov,Office of Personnel Management,,false,false,17012,6067,2026-09-04T04:56:36.367Z,2026-09-04T22:06:46Z
buildingenergyscore.energy.gov,Department of Energy,v3.9.0,true,false,16935,2695,2026-09-04T00:34:15.189Z,2026-09-04T22:06:46Z
dj.usembassy.gov,Department of State,,true,false,16917,11222,2026-09-04T04:36:01.355Z,2026-09-04T22:06:46Z
nationallakesassessment.epa.gov,Environmental Protection Agency,,true,false,16687,948,2026-09-04T14:10:42.988Z,2026-09-04T22:06:46Z
osp.va.gov,Department of Veterans Affairs,,true,false,16386,14380,2026-09-02T22:37:59.504Z,2026-09-04T22:06:46Z
patientcare.va.gov,Department of Veterans Affairs,,true,false,16358,12362,2026-09-02T22:37:59.504Z,2026-09-04T22:06:46Z
mdmap.orr.noaa.gov,Department of Commerce,,true,false,16326,5746,2026-09-04T02:14:30.134Z,2026-09-04T22:06:46Z
dolcareers.usajobs.gov,Office of Personnel Management,,false,false,16308,5214,2026-09-04T04:50:57.194Z,2026-09-04T22:06:46Z
thunderbay.noaa.gov,Department of Commerce,,false,false,16306,8478,2026-09-04T03:30:16.538Z,2026-09-04T22:06:46Z
gy.usembassy.gov,Department of State,,true,false,16209,10994,2026-09-04T04:49:15.836Z,2026-09-04T22:06:46Z
manticore.niehs.nih.gov,Department of Health and Human Services,,true,false,16185,8164,2026-09-04T06:41:50.784Z,2026-09-04T22:06:46Z
gn.usembassy.gov,Department of State,,true,false,16023,10952,2026-09-04T04:43:44.530Z,2026-09-04T22:06:46Z
prevention.va.gov,Department of Veterans Affairs,,true,false,15979,9392,2026-09-04T10:10:42.115Z,2026-09-04T22:06:46Z
pw.usembassy.gov,Department of State,,true,false,15949,2553,2026-09-04T04:18:25.800Z,2026-09-04T22:06:46Z
epa.usajobs.gov,Office of Personnel Management,,false,false,15924,5308,2026-09-04T07:26:06.733Z,2026-09-04T22:06:46Z
hu.usembassy.gov,Department of State,,true,false,15785,10134,2026-09-04T04:53:04.067Z,2026-09-04T22:06:46Z
cit.nih.gov,Department of Health and Human Services,,true,false,15720,10280,2026-09-04T05:57:57.811Z,2026-09-04T22:06:46Z
savingsbond.gov,Department of the Treasury,,false,false,15713,7060,2026-09-04T01:31:41.604Z,2026-09-04T22:06:46Z
gsaadvantage-test2.fas.gsa.gov,General Services Administration,,true,false,15712,309,2026-09-04T12:54:57.846Z,2026-09-04T22:06:46Z
www.nhlbi.nih.gov,Department of Health and Human Services,,true,false,15694,4540,2026-09-04T14:41:12.466Z,2026-09-04T22:06:46Z
bz.usembassy.gov,Department of State,,true,false,15658,7686,2026-09-02T22:37:59.504Z,2026-09-04T22:06:46Z
pcmdi.llnl.gov,Department of Energy,v2.14.0,true,false,15627,12143,2026-09-04T13:53:14.967Z,2026-09-04T22:06:46Z
md.usembassy.gov,Department of State,,true,false,15551,9161,2026-09-04T14:34:29.997Z,2026-09-04T22:06:46Z
airforce.usajobs.gov,Office of Personnel Management,,false,false,15526,4913,2026-09-04T13:42:21.025Z,2026-09-04T22:06:46Z
usao.usajobs.gov,Office of Personnel Management,,false,false,15517,4689,2026-09-04T05:29:49.100Z,2026-09-04T22:06:46Z
complaint.ic3.gov,Department of Justice,v3.8.2,true,false,15398,10487,2026-09-04T09:05:56.513Z,2026-09-04T22:06:46Z
www.firstrespondertraining.gov,Department of Homeland Security,v2.14.0,true,false,15223,6511,2026-09-02T22:37:59.504Z,2026-09-04T22:06:46Z
montereybay.noaa.gov,Department of Commerce,,false,false,15222,8946,2026-09-04T01:59:22.237Z,2026-09-04T22:06:46Z
portal.nhtsa.gov,Department of Transportation,v3.8.0,true,false,15141,7169,2026-09-04T12:05:32.325Z,2026-09-04T22:06:46Z
me.usembassy.gov,Department of State,,true,false,15056,10128,2026-09-04T12:45:27.693Z,2026-09-04T22:06:46Z
leasing.gsa.gov,General Services Administration,v2.13.2,true,false,14912,3467,2026-09-04T10:52:13.695Z,2026-09-04T22:06:46Z
doe.usajobs.gov,Office of Personnel Management,,false,false,14902,5055,2026-09-04T07:08:07.132Z,2026-09-04T22:06:46Z
telehealth.va.gov,Department of Veterans Affairs,,true,false,14868,8988,2026-09-02T22:37:59.504Z,2026-09-04T22:06:46Z
dfas.usajobs.gov,Office of Personnel Management,,false,false,14761,4475,2026-09-04T14:02:21.367Z,2026-09-04T22:06:46Z
mz.usembassy.gov,Department of State,,true,false,14728,8572,2026-09-02T22:37:59.504Z,2026-09-04T22:06:46Z
ba.usembassy.gov,Department of State,,true,false,14688,9021,2026-09-04T04:34:49.161Z,2026-09-04T22:06:46Z
mm.usembassy.gov,Department of State,,true,false,14658,9735,2026-09-04T06:52:57.031Z,2026-09-04T22:06:46Z
www.conservation.gov,Department of the Interior,,false,false,14572,1872,2026-09-04T03:07:20.322Z,2026-09-04T22:06:46Z
connectedcare.va.gov,Department of Veterans Affairs,,true,false,14561,8188,2026-09-04T12:15:13.347Z,2026-09-04T22:06:46Z
fj.usembassy.gov,Department of State,,true,false,14492,8365,2026-09-04T04:34:50.252Z,2026-09-04T22:06:46Z
zm.usembassy.gov,Department of State,,true,false,14412,9754,2026-09-04T10:01:39.510Z,2026-09-04T22:06:46Z
blog.marinedebris.noaa.gov,Department of Commerce,,true,false,14303,10536,2026-09-04T13:36:29.311Z,2026-09-04T22:06:46Z
ccmc.gsfc.nasa.gov,National Aeronautics and Space Administration,,true,false,14255,8439,2026-09-04T14:33:43.844Z,2026-09-04T22:06:46Z
tao.ndbc.noaa.gov,Department of Commerce,,true,false,14239,12451,2026-09-02T22:37:59.504Z,2026-09-04T22:06:46Z
iawg.gov,Department of State,,true,false,14194,648,2026-09-02T22:37:59.504Z,2026-09-04T22:06:46Z
aglab.ars.usda.gov,Department of Agriculture,v3.13.0,true,false,14187,10277,2026-09-02T22:37:59.504Z,2026-09-04T22:06:46Z
www.floodsmart.gov,Department of Homeland Security,,true,false,14153,4098,2026-09-04T01:24:13.120Z,2026-09-04T22:06:46Z
lookforwatersense.epa.gov,Environmental Protection Agency,,true,false,14110,8150,2026-09-04T14:15:16.593Z,2026-09-04T22:06:46Z
usgs.usajobs.gov,Office of Personnel Management,,false,false,14107,6034,2026-09-04T07:52:55.444Z,2026-09-04T22:06:46Z
va.usajobs.gov,Office of Personnel Management,,false,false,14099,3672,2026-09-04T08:57:41.207Z,2026-09-04T22:06:46Z
si.usembassy.gov,Department of State,,true,false,14094,6019,2026-09-04T03:55:19.962Z,2026-09-04T22:06:46Z
pdc.cancer.gov,Department of Health and Human Services,,true,false,13947,4770,2026-09-02T22:37:59.504Z,2026-09-04T22:06:46Z
ao.usembassy.gov,Department of State,,true,false,13842,8690,2026-09-04T03:57:02.344Z,2026-09-04T22:06:46Z
www.rma.usda.gov,Department of Agriculture,v3.13.0,true,false,13806,4213,2026-09-02T22:37:59.504Z,2026-09-04T22:06:46Z
developer.usajobs.gov,Office of Personnel Management,,true,false,13790,6306,2026-09-04T14:27:41.550Z,2026-09-04T22:06:46Z
science.data.nasa.gov,National Aeronautics and Space Administration,,false,false,13648,9027,2026-09-04T12:30:29.200Z,2026-09-04T22:06:46Z
www.dhs.gov,Department of Homeland Security,,true,false,13648,7116,2026-09-04T14:37:36.418Z,2026-09-04T22:06:46Z
t4c.nicic.gov,Department of Justice,,true,false,13587,4291,2026-09-04T04:03:57.167Z,2026-09-04T22:06:46Z
mobile.health.mil,Department of Defense,,true,false,13576,4330,2026-09-04T07:40:56.747Z,2026-09-04T22:06:46Z
tigerweb.geo.census.gov,Department of Commerce,,true,false,13527,5739,2026-09-04T05:13:37.429Z,2026-09-04T22:06:46Z
computersforlearning.gov,General Services Administration,,true,false,13524,1926,2026-09-04T09:52:30.774Z,2026-09-04T22:06:46Z
cgsr.llnl.gov,Department of Energy,,true,false,13359,5794,2026-09-04T11:24:06.502Z,2026-09-04T22:06:46Z
is.usembassy.gov,Department of State,,true,false,13340,8902,2026-09-04T10:05:46.790Z,2026-09-04T22:06:46Z
grcariverpermits.nps.gov,Department of the Interior,v3.10.0,true,false,13321,12005,2026-09-02T22:37:59.504Z,2026-09-04T22:06:46Z
auditing.usajobs.gov,Office of Personnel Management,,false,false,13250,4206,2026-09-04T07:21:36.465Z,2026-09-04T22:06:46Z
mk.usembassy.gov,Department of State,,true,false,13204,8168,2026-09-04T10:43:49.528Z,2026-09-04T22:06:46Z
wdh.energy.gov,Department of Energy,,true,false,13147,4293,2026-09-04T13:46:32.676Z,2026-09-04T22:06:46Z
scinet.usda.gov,Department of Agriculture,v3.7.1,true,false,13051,6846,2026-09-04T03:20:12.230Z,2026-09-04T22:06:46Z
primis-meetings.phmsa.dot.gov,Department of Transportation,,true,false,13042,6021,2026-09-04T12:28:56.522Z,2026-09-04T22:06:46Z
data-science.llnl.gov,Department of Energy,,true,false,13021,6037,2026-09-04T12:30:03.730Z,2026-09-04T22:06:46Z
security.cms.gov,Department of Health and Human Services,,true,false,12961,9373,2026-09-04T03:57:25.806Z,2026-09-04T22:06:46Z
www.sba.gov,Small Business Administration,v3.8.2,true,false,12775,5068,2026-09-04T11:34:45.933Z,2026-09-04T22:06:46Z
dts.fsa.usda.gov,Department of Agriculture,v2.8.0,true,false,12749,7509,2026-09-04T08:15:46.400Z,2026-09-04T22:06:46Z
acquisitions.usajobs.gov,Office of Personnel Management,,false,false,12653,3420,2026-09-04T08:59:23.589Z,2026-09-04T22:06:46Z
ioos.noaa.gov,Department of Commerce,,true,false,12631,10411,2026-09-04T06:45:44.443Z,2026-09-04T22:06:46Z
iam.cancer.gov,Department of Health and Human Services,,false,false,12620,7407,2026-09-02T22:37:59.504Z,2026-09-04T22:06:46Z
ne.usembassy.gov,Department of State,,true,false,12526,6691,2026-09-04T13:40:06.734Z,2026-09-04T22:06:46Z
wpo.noaa.gov,Department of Commerce,v3.3.0,true,false,12382,8454,2026-09-04T03:53:37.196Z,2026-09-04T22:06:46Z
fincenid.fincen.gov,Department of the Treasury,v3.5.0,true,false,12374,4376,2026-09-04T13:08:44.610Z,2026-09-04T22:06:46Z
fmshrc.gov,Federal Mine Safety and Health Review Commission,,true,false,12331,5363,2026-09-04T07:11:37.443Z,2026-09-04T22:06:46Z
learn.nlm.nih.gov,Department of Health and Human Services,,false,false,12261,9597,2026-09-04T11:51:35.976Z,2026-09-04T22:06:46Z
driveelectric.gov,Department of Energy,,true,false,12160,6762,2026-09-04T12:35:55.050Z,2026-09-04T22:06:46Z
muscogee.nsopw.gov,Department of Justice,v3.12.0,true,false,12073,1090,2026-09-04T07:42:41.925Z,2026-09-04T22:06:46Z
usasoc.usajobs.gov,Office of Personnel Management,,false,false,11992,8553,2026-09-04T08:11:09.976Z,2026-09-04T22:06:46Z
ss.usembassy.gov,Department of State,,true,false,11905,9167,2026-09-04T04:16:26.034Z,2026-09-04T22:06:46Z
swot.jpl.nasa.gov,National Aeronautics and Space Administration,,false,false,11886,7877,2026-09-04T13:24:53.768Z,2026-09-04T22:06:46Z
redlake.nsopw.gov,Department of Justice,v3.12.0,true,false,11851,1461,2026-09-04T14:40:03.097Z,2026-09-04T22:06:46Z
hr.usembassy.gov,Department of State,,true,false,11804,8068,2026-09-04T11:07:39.353Z,2026-09-04T22:06:46Z
extportal.pbs.gsa.gov,General Services Administration,,true,false,11751,9349,2026-09-04T12:46:58.049Z,2026-09-04T22:06:46Z
cy.usembassy.gov,Department of State,,true,false,11681,6786,2026-09-02T22:37:59.504Z,2026-09-04T22:06:46Z
doiu.doi.gov,Department of the Interior,,true,false,11652,4769,2026-09-04T14:11:13.154Z,2026-09-04T22:06:46Z
techpartnerships.noaa.gov,Department of Commerce,v3.3.0,true,false,11594,5861,2026-09-02T22:37:59.504Z,2026-09-04T22:06:46Z
datascience.nih.gov,Department of Health and Human Services,v3.8.0,false,false,11464,8873,2026-09-04T09:21:38.328Z,2026-09-04T22:06:46Z
navajo.nsopw.gov,Department of Justice,v3.12.0,true,false,11415,1444,2026-09-04T07:34:28.076Z,2026-09-04T22:06:46Z
discover.nci.nih.gov,Department of Health and Human Services,v2.13.1,true,false,11383,9549,2026-09-04T15:01:40.970Z,2026-09-04T22:06:46Z
datacommons.cancer.gov,Department of Health and Human Services,,false,false,11322,4787,2026-09-02T22:37:59.504Z,2026-09-04T22:06:46Z
ws.usembassy.gov,Department of State,,true,false,11321,5590,2026-09-04T10:06:43.763Z,2026-09-04T22:06:46Z
heronetnext.epa.gov,Environmental Protection Agency,v3.12.0,true,false,11304,4288,2026-09-04T14:07:36.281Z,2026-09-04T22:06:46Z
neurobiobank.nih.gov,Department of Health and Human Services,,true,false,11220,7260,2026-09-04T02:47:08.937Z,2026-09-04T22:06:46Z
cmsi.usajobs.gov,Office of Personnel Management,,false,false,11201,4537,2026-09-04T07:18:37.783Z,2026-09-04T22:06:46Z
archive.epa.gov,Environmental Protection Agency,,true,false,11191,8460,2026-09-04T13:55:53.266Z,2026-09-04T22:06:46Z
complaint.mycreditunion.gov,National Credit Union Administration,,false,false,11144,5400,2026-09-04T04:51:18.078Z,2026-09-04T22:06:46Z
farallones.noaa.gov,Department of Commerce,,false,false,11050,5540,2026-09-04T01:31:34.691Z,2026-09-04T22:06:46Z
learnatf.gov,Department of Justice,,true,false,11027,9684,2026-09-04T04:21:39.909Z,2026-09-04T22:06:46Z
www.ada.gov,Department of Justice,,true,false,10942,6840,2026-09-04T13:40:31.242Z,2026-09-04T22:06:46Z
ncvs.bjs.ojp.gov,Department of Justice,,true,false,10889,6555,2026-09-04T01:26:26.193Z,2026-09-04T22:06:46Z
fiscalservice.usajobs.gov,Office of Personnel Management,,false,false,10796,5073,2026-09-02T22:37:59.504Z,2026-09-04T22:06:46Z
prodpreview.eqrs.cms.gov,Department of Health and Human Services,,false,true,10736,1796,2026-09-04T09:29:22.424Z,2026-09-04T22:06:46Z
searchappeals.dol.gov,Department of Labor,,true,false,10613,10256,2026-09-04T04:10:13.191Z,2026-09-04T22:06:46Z
eclipse.gsfc.nasa.gov,National Aeronautics and Space Administration,,false,false,10602,9095,2026-09-04T10:39:52.781Z,2026-09-04T22:06:46Z
iwaste.epa.gov,Environmental Protection Agency,,true,false,10594,4599,2026-09-04T00:35:23.038Z,2026-09-04T22:06:46Z
www.manufacturing.gov,Department of Commerce,,true,false,10517,8016,2026-09-02T22:37:59.504Z,2026-09-04T22:06:46Z
volunteer.va.gov,Department of Veterans Affairs,,true,false,10510,6710,2026-09-02T22:37:59.504Z,2026-09-04T22:06:46Z
ml.usembassy.gov,Department of State,,true,false,10487,7150,2026-09-04T05:10:41.749Z,2026-09-04T22:06:46Z
itmanagement.usajobs.gov,Office of Personnel Management,,false,false,10487,2517,2026-09-04T05:00:14.426Z,2026-09-04T22:06:46Z
comptrollerofthecurrency.gov,Department of the Treasury,,true,false,10403,6435,2026-09-04T14:10:55.311Z,2026-09-04T22:06:46Z
pg.usembassy.gov,Department of State,,true,false,10398,7005,2026-09-04T04:37:08.747Z,2026-09-04T22:06:46Z
forestproducts.blm.gov,Department of the Interior,v3.8.0,true,false,10353,2944,2026-09-04T07:28:26.827Z,2026-09-04T22:06:46Z
grace.jpl.nasa.gov,National Aeronautics and Space Administration,,false,false,10335,6365,2026-09-02T22:37:59.504Z,2026-09-04T22:06:46Z
qwiexplorer.ces.census.gov,Department of Commerce,,false,false,10325,10096,2026-09-04T05:12:10.079Z,2026-09-04T22:06:46Z
council.epa.gov,Environmental Protection Agency,,true,false,10252,8866,2026-09-04T13:46:11.773Z,2026-09-04T22:06:46Z
lv.usembassy.gov,Department of State,,true,false,10237,6422,2026-09-04T05:05:04.646Z,2026-09-04T22:06:46Z
la.usembassy.gov,Department of State,,true,false,10236,6348,2026-09-04T04:52:24.423Z,2026-09-04T22:06:46Z
ebccp.cancercontrol.cancer.gov,Department of Health and Human Services,,true,false,10204,4225,2026-09-02T22:37:59.504Z,2026-09-04T22:06:46Z
tech.usajobs.gov,Office of Personnel Management,,false,false,10004,3080,2026-09-04T13:50:33.264Z,2026-09-04T22:06:46Z
attorney.usajobs.gov,Office of Personnel Management,,false,false,9945,2487,2026-09-02T22:37:59.504Z,2026-09-04T22:06:46Z
na.usembassy.gov,Department of State,,true,false,9882,6632,2026-09-04T05:09:25.413Z,2026-09-04T22:06:46Z
mw.usembassy.gov,Department of State,,true,false,9877,7470,2026-09-04T05:06:37.114Z,2026-09-04T22:06:46Z
zw.usembassy.gov,Department of State,,true,false,9800,6762,2026-09-04T11:15:46.798Z,2026-09-04T22:06:46Z
bluebutton.cms.gov,Department of Health and Human Services,,true,false,9655,4542,2026-09-04T09:58:50.731Z,2026-09-04T22:06:46Z
iucrc.nsf.gov,National Science Foundation,,true,false,9639,4884,2026-09-04T07:07:25.852Z,2026-09-04T22:06:46Z
monitor.noaa.gov,Department of Commerce,,false,false,9590,5531,2026-09-02T22:37:59.504Z,2026-09-04T22:06:46Z
cbp.usajobs.gov,Office of Personnel Management,,false,false,9500,3279,2026-09-04T14:15:40.014Z,2026-09-04T22:06:46Z
progressreport.cancer.gov,Department of Health and Human Services,,false,false,9464,7799,2026-09-02T22:37:59.504Z,2026-09-04T22:06:46Z
doi.usajobs.gov,Office of Personnel Management,,false,false,9398,4097,2026-09-04T10:15:37.867Z,2026-09-04T22:06:46Z
ye.usembassy.gov,Department of State,,true,false,9309,3127,2026-09-02T22:37:59.504Z,2026-09-04T22:06:46Z
asc.llnl.gov,Department of Energy,,true,false,9276,5815,2026-09-04T12:27:34.287Z,2026-09-04T22:06:46Z
cancercenters.cancer.gov,Department of Health and Human Services,v3.3.0,true,false,9177,6013,2026-09-04T14:07:16.807Z,2026-09-04T22:06:46Z
labs.waterdata.usgs.gov,Department of the Interior,,true,false,9166,8269,2026-09-02T22:37:59.504Z,2026-09-04T22:06:46Z
ir.usembassy.gov,Department of State,,true,false,9154,7095,2026-09-04T11:04:00.492Z,2026-09-04T22:06:46Z
dea.usajobs.gov,Office of Personnel Management,,false,false,9123,4048,2026-09-04T07:10:12.793Z,2026-09-04T22:06:46Z
helio.data.nasa.gov,National Aeronautics and Space Administration,,false,false,9115,6749,2026-09-04T11:54:21.741Z,2026-09-04T22:06:46Z
usace.usajobs.gov,Office of Personnel Management,,false,false,9089,3139,2026-09-04T08:52:04.160Z,2026-09-04T22:06:46Z
usms.usajobs.gov,Office of Personnel Management,,false,false,9072,3769,2026-09-04T08:17:48.309Z,2026-09-04T22:06:46Z
ipo.llnl.gov,Department of Energy,,true,false,9068,7272,2026-09-04T12:12:46.201Z,2026-09-04T22:06:46Z
fsc.va.gov,Department of Veterans Affairs,,true,false,9045,7159,2026-09-04T08:50:09.900Z,2026-09-04T22:06:46Z
cdrh-rst.fda.gov,Department of Health and Human Services,,true,false,9022,6102,2026-09-04T02:12:41.069Z,2026-09-04T22:06:46Z
ussm.gsa.gov,General Services Administration,,true,false,9001,4181,2026-09-04T07:06:27.200Z,2026-09-04T22:06:46Z
snplma.blm.gov,Department of the Interior,,true,true,8866,266,2026-09-04T06:14:16.054Z,2026-09-04T22:06:46Z
coe.gsa.gov,General Services Administration,,true,false,8861,5412,2026-09-04T07:28:26.323Z,2026-09-04T22:06:46Z
infuse.ornl.gov,Department of Energy,,false,false,8791,4427,2026-09-04T02:13:26.789Z,2026-09-04T22:06:46Z
hawaiihumpbackwhale.noaa.gov,Department of Commerce,,false,false,8764,5787,2026-09-04T14:28:10.871Z,2026-09-04T22:06:46Z
gq.usembassy.gov,Department of State,,true,false,8748,2720,2026-09-04T04:35:59.232Z,2026-09-04T22:06:46Z
pubweb-prod.niaid.nih.gov,Department of Health and Human Services,,false,false,8684,8403,2026-09-02T22:37:59.504Z,2026-09-04T22:06:46Z
oar.nih.gov,Department of Health and Human Services,,true,false,8666,6038,2026-09-04T07:05:07.998Z,2026-09-04T22:06:46Z
tl.usembassy.gov,Department of State,,true,false,8627,6198,2026-09-04T11:24:04.014Z,2026-09-04T22:06:46Z
foia.army.mil,Department of Defense,v3.13.0,true,false,8617,4841,2026-09-04T11:31:33.066Z,2026-09-04T22:06:46Z
stem.usajobs.gov,Office of Personnel Management,,false,false,8600,2632,2026-09-04T05:49:35.974Z,2026-09-04T22:06:46Z
polytrauma.va.gov,Department of Veterans Affairs,,true,false,8586,5124,2026-09-02T22:37:59.504Z,2026-09-04T22:06:46Z
lt.usembassy.gov,Department of State,,true,false,8582,5536,2026-09-04T05:04:02.199Z,2026-09-04T22:06:46Z
patientsafety.va.gov,Department of Veterans Affairs,,true,false,8569,5604,2026-09-02T22:37:59.504Z,2026-09-04T22:06:46Z
proteomic.datacommons.cancer.gov,Department of Health and Human Services,,true,false,8560,3751,2026-09-02T22:37:59.504Z,2026-09-04T22:06:46Z
ai-challenges.nist.gov,Department of Commerce,v3.5.0,true,false,8533,6851,2026-09-04T13:49:00.026Z,2026-09-04T22:06:46Z
engineering.llnl.gov,Department of Energy,,true,false,8521,4947,2026-09-04T14:40:58.068Z,2026-09-04T22:06:46Z
ntpsearch.niehs.nih.gov,Department of Health and Human Services,,true,false,8489,3705,2026-09-04T11:10:43.900Z,2026-09-04T22:06:46Z
paymentaccuracy.gov,General Services Administration,v3.13.0,true,false,8472,3055,2026-09-04T12:11:53.421Z,2026-09-04T22:06:46Z
ylai.state.gov,Department of State,,true,false,8426,5256,2026-09-04T01:21:40.381Z,2026-09-04T22:06:46Z
data.americorps.gov,Corporation for National and Community Service,,true,false,8419,2742,2026-09-04T13:46:15.709Z,2026-09-04T22:06:46Z
mu.usembassy.gov,Department of State,,true,false,8402,5221,2026-09-04T05:13:11.347Z,2026-09-04T22:06:46Z
flowcharts.llnl.gov,Department of Energy,,true,false,8375,4228,2026-09-04T14:41:36.950Z,2026-09-04T22:06:46Z
cw.usconsulate.gov,Department of State,,true,false,8365,5116,2026-09-04T08:07:07.517Z,2026-09-04T22:06:46Z
clinregs.niaid.nih.gov,Department of Health and Human Services,,false,false,8298,6652,2026-09-04T07:29:16.759Z,2026-09-04T22:06:46Z
so.usembassy.gov,Department of State,,true,false,8293,3708,2026-09-04T10:55:59.751Z,2026-09-04T22:06:46Z
techtransfer.cancer.gov,Department of Health and Human Services,,true,false,8293,6498,2026-09-04T12:09:00.833Z,2026-09-04T22:06:46Z
knowyourchances.cancer.gov,Department of Health and Human Services,,true,false,8274,3412,2026-09-02T22:37:59.504Z,2026-09-04T22:06:46Z
bm.usconsulate.gov,Department of State,,true,false,8266,5013,2026-09-04T09:07:23.375Z,2026-09-04T22:06:46Z
gm.usembassy.gov,Department of State,,true,false,8252,5477,2026-09-04T11:01:29.979Z,2026-09-04T22:06:46Z
ssa.usajobs.gov,Office of Personnel Management,,false,false,8181,2750,2026-09-04T04:35:45.741Z,2026-09-04T22:06:46Z
apps.nssl.noaa.gov,Department of Commerce,v3.10.0,true,false,8173,5644,2026-09-04T12:29:43.787Z,2026-09-04T22:06:46Z
www.fdic.gov,General Services Administration,,true,false,8148,6977,2026-09-04T14:18:58.074Z,2026-09-04T22:06:46Z
presidentialinnovationfellows.gov,General Services Administration,,true,false,8117,3278,2026-09-04T14:33:50.646Z,2026-09-04T22:06:46Z
heds-center.llnl.gov,Department of Energy,,true,false,8105,2577,2026-09-04T12:17:03.995Z,2026-09-04T22:06:46Z
spd15revision.gov,Department of Commerce,,true,false,8100,5168,2026-09-02T22:37:59.504Z,2026-09-04T22:06:46Z
www.pay.gov,Department of the Treasury,v3.0.2,true,false,8077,4893,2026-09-04T08:53:31.249Z,2026-09-04T22:06:46Z
os1.cc.nih.gov,Department of Health and Human Services,,true,false,8073,7868,2026-09-04T04:14:24.190Z,2026-09-04T22:06:46Z
cv.usembassy.gov,Department of State,,true,false,8059,5106,2026-09-04T13:50:54.158Z,2026-09-04T22:06:46Z
cg.usembassy.gov,Department of State,,true,false,8031,4839,2026-09-02T22:37:59.504Z,2026-09-04T22:06:46Z
disclosure.ofac.treas.gov,Department of the Treasury,,true,false,8025,1254,2026-09-04T06:49:54.629Z,2026-09-04T22:06:46Z
dieteticinternship.va.gov,Department of Veterans Affairs,,true,false,7987,3145,2026-09-04T08:21:53.264Z,2026-09-04T22:06:46Z
indexcat.nlm.nih.gov,Department of Health and Human Services,,false,false,7967,1636,2026-09-04T01:39:06.701Z,2026-09-04T22:06:46Z
cancer.va.gov,Department of Veterans Affairs,,true,false,7966,5190,2026-09-04T12:18:43.844Z,2026-09-04T22:06:46Z
sk.usembassy.gov,Department of State,,true,false,7941,4694,2026-09-04T05:29:50.051Z,2026-09-04T22:06:46Z
ffiec.beta.cfpb.gov,Consumer Financial Protection Bureau,,true,false,7880,2018,2026-09-04T07:24:52.136Z,2026-09-04T22:06:46Z
hub.datacommons.cancer.gov,Department of Health and Human Services,,false,false,7870,2129,2026-09-02T22:37:59.504Z,2026-09-04T22:06:46Z
ncirc.bja.ojp.gov,Department of Justice,.,true,false,7857,3076,2026-09-04T03:25:36.419Z,2026-09-04T22:06:46Z
obssr.od.nih.gov,Department of Health and Human Services,,false,false,7828,6197,2026-09-04T07:06:56.622Z,2026-09-04T22:06:46Z
civics.archives.gov,National Archives and Records Administration,,false,false,7814,2787,2026-09-04T13:46:22.711Z,2026-09-04T22:06:46Z
reclamationcareers.usajobs.gov,Office of Personnel Management,,false,false,7760,2908,2026-09-04T07:44:21.722Z,2026-09-04T22:06:46Z
armymwrcareers.usajobs.gov,Office of Personnel Management,,false,false,7725,2240,2026-09-04T04:41:35.202Z,2026-09-04T22:06:46Z
esubmit.rita.dot.gov,Department of Transportation,,true,false,7716,1675,2026-09-04T03:58:09.452Z,2026-09-04T22:06:46Z
cybersecurity.usajobs.gov,Office of Personnel Management,,false,false,7553,2938,2026-09-04T07:22:33.811Z,2026-09-04T22:06:46Z
usamriid.health.mil,Department of Defense,,true,false,7539,3452,2026-09-04T12:53:35.310Z,2026-09-04T22:06:46Z
training.simpler.grants.gov,Department of Health and Human Services,,true,false,7506,6795,2026-09-04T10:32:21.085Z,2026-09-04T22:06:46Z
opendata.fcc.gov,Federal Communications Commission,,true,false,7490,3212,2026-09-04T01:55:28.127Z,2026-09-04T22:06:46Z
eeoccareers.usajobs.gov,Office of Personnel Management,,false,false,7468,3219,2026-09-04T07:30:04.101Z,2026-09-04T22:06:46Z
mepi.state.gov,Department of State,,true,false,7426,1400,2026-09-04T10:16:25.542Z,2026-09-04T22:06:46Z
usvi.nsopw.gov,Department of Justice,v3.12.0,true,false,7400,1116,2026-09-04T00:33:00.837Z,2026-09-04T22:06:46Z
graysreef.noaa.gov,Department of Commerce,,false,false,7396,3459,2026-09-04T01:50:59.117Z,2026-09-04T22:06:46Z
mainweb.awsprod.nlm.nih.gov,Department of Health and Human Services,,true,false,7374,1330,2026-09-04T11:50:45.436Z,2026-09-04T22:06:46Z
annual.llnl.gov,Department of Energy,,true,false,7321,1637,2026-09-04T04:28:25.215Z,2026-09-04T22:06:46Z
ruralhealth.va.gov,Department of Veterans Affairs,,true,false,7308,5412,2026-09-04T10:23:33.090Z,2026-09-04T22:06:46Z
trumpadministration.archives.performance.gov,General Services Administration,v1.1.0,true,false,7299,3155,2026-09-04T03:23:56.033Z,2026-09-04T22:06:46Z
ncsp.llnl.gov,Department of Energy,,true,false,7299,2362,2026-09-04T07:24:51.161Z,2026-09-04T22:06:46Z
aal.mil,Department of Defense,,false,false,7294,4653,2026-09-04T00:30:03.927Z,2026-09-04T22:06:46Z
drc-usadata.opm.gov,Office of Personnel Management,,true,false,7242,2193,2026-09-02T22:37:59.504Z,2026-09-04T22:06:46Z
ssaisanfrancisco.usajobs.gov,Office of Personnel Management,,false,false,7220,3587,2026-09-04T07:58:32.851Z,2026-09-04T22:06:46Z
ssaidallas.usajobs.gov,Office of Personnel Management,,false,false,7211,3677,2026-09-04T13:55:45.806Z,2026-09-04T22:06:46Z
arctic.gov,Arctic Research Commission,,true,false,7197,3789,2026-09-04T05:53:56.355Z,2026-09-04T22:06:46Z
mc-review.onemac.cms.gov,Department of Health and Human Services,,true,false,7168,1251,2026-09-04T09:34:44.745Z,2026-09-04T22:06:46Z
arisapp.ars.usda.gov,Department of Agriculture,,true,false,7116,6085,2026-09-04T07:36:11.352Z,2026-09-04T22:06:46Z
narac.llnl.gov,Department of Energy,,true,false,7103,1570,2026-09-04T05:38:48.180Z,2026-09-04T22:06:46Z
chemistry.usajobs.gov,Office of Personnel Management,,false,false,7070,2506,2026-09-02T22:37:59.504Z,2026-09-04T22:06:46Z
fascareers.usajobs.gov,Office of Personnel Management,,false,false,6943,4157,2026-09-02T22:37:59.504Z,2026-09-04T22:06:46Z
nrt3.modaps.eosdis.nasa.gov,National Aeronautics and Space Administration,,true,false,6879,2944,2026-09-02T22:37:59.504Z,2026-09-04T22:06:46Z
ictbaseline.access-board.gov,Access Board,,true,false,6852,2300,2026-09-04T00:21:04.646Z,2026-09-04T22:06:46Z
itvmo.gsa.gov,General Services Administration,,true,false,6848,3102,2026-09-04T08:02:08.869Z,2026-09-04T22:06:46Z
strbase.nist.gov,Department of Commerce,,true,true,6838,1944,2026-09-04T12:14:18.666Z,2026-09-04T22:06:46Z
mt.usembassy.gov,Department of State,,true,false,6779,5108,2026-09-04T11:17:25.458Z,2026-09-04T22:06:46Z
parkinsons.va.gov,Department of Veterans Affairs,,true,false,6754,4327,2026-09-02T22:37:59.504Z,2026-09-04T22:06:46Z
treasuryauctions.gov,Department of the Treasury,,false,false,6753,4869,2026-09-04T14:11:05.371Z,2026-09-04T22:06:46Z
beta.ngs.noaa.gov,Department of Commerce,v3.5.0,true,false,6753,4003,2026-09-04T12:26:54.560Z,2026-09-04T22:06:46Z
ceres.larc.nasa.gov,National Aeronautics and Space Administration,,true,false,6737,3693,2026-09-04T14:12:35.791Z,2026-09-04T22:06:46Z
npdb.hrsa.gov,Department of Health and Human Services,,false,false,6727,3824,2026-09-04T14:06:09.325Z,2026-09-04T22:06:46Z
sirt.cftc.gov,Commodity Futures Trading Commission,,false,true,6726,2398,2026-09-04T05:18:41.118Z,2026-09-04T22:06:46Z
www.insurekidsnow.gov,Department of Health and Human Services,,true,false,6719,6240,2026-09-02T22:37:59.504Z,2026-09-04T22:06:46Z
planning.nps.gov,Department of the Interior,,false,true,6673,4966,2026-09-02T22:37:59.504Z,2026-09-04T22:06:46Z
ssaichicago.usajobs.gov,Office of Personnel Management,,false,false,6656,3502,2026-09-04T08:02:31.907Z,2026-09-04T22:06:46Z
herc.research.va.gov,Department of Veterans Affairs,,true,false,6637,5521,2026-09-02T22:37:59.504Z,2026-09-04T22:06:46Z
af.usembassy.gov,Department of State,,true,false,6631,4137,2026-09-04T03:24:08.109Z,2026-09-04T22:06:46Z
ai.usajobs.gov,Office of Personnel Management,,false,false,6607,2654,2026-09-04T04:39:39.124Z,2026-09-04T22:06:46Z
touchpoints.digital.gov,General Services Administration,v3.13.0,true,false,6595,5291,2026-09-04T09:30:53.588Z,2026-09-04T22:06:46Z
channelislands.noaa.gov,Department of Commerce,,false,false,6577,4026,2026-09-04T14:06:52.589Z,2026-09-04T22:06:46Z
pia.army.mil,Department of Defense,v3.13.0,true,false,6577,3429,2026-09-04T06:12:08.392Z,2026-09-04T22:06:46Z
sd.llnl.gov,Department of Energy,,true,false,6525,4977,2026-09-04T06:13:52.532Z,2026-09-04T22:06:46Z
mtf.helpdesk.cms.gov,Department of Health and Human Services,,true,false,6517,2787,2026-09-04T09:33:37.040Z,2026-09-04T22:06:46Z
gracefo.jpl.nasa.gov,National Aeronautics and Space Administration,,false,false,6479,4556,2026-09-04T07:59:13.938Z,2026-09-04T22:06:46Z
airs.jpl.nasa.gov,National Aeronautics and Space Administration,,false,false,6468,4748,2026-09-04T07:35:51.578Z,2026-09-04T22:06:46Z
eds.larc.nasa.gov,National Aeronautics and Space Administration,,true,false,6441,941,2026-09-04T12:42:20.141Z,2026-09-04T22:06:46Z
trainatnci.cancer.gov,Department of Health and Human Services,,false,false,6425,3727,2026-09-04T11:47:37.355Z,2026-09-04T22:06:46Z
classification.awsprod.nlm.nih.gov,Department of Health and Human Services,v3.0.1,true,false,6410,157,2026-09-02T22:37:59.504Z,2026-09-04T22:06:46Z
ncorp.cancer.gov,Department of Health and Human Services,,true,false,6370,3887,2026-09-04T07:41:37.690Z,2026-09-04T22:06:46Z
waterservices.usgs.gov,Department of the Interior,,true,false,6343,2361,2026-09-04T11:20:21.259Z,2026-09-04T22:06:46Z
error.vba.va.gov,Department of Veterans Affairs,,true,false,6311,4795,2026-09-02T22:37:59.504Z,2026-09-04T22:06:46Z
sr.usembassy.gov,Department of State,,true,false,6279,3954,2026-09-02T22:37:59.504Z,2026-09-04T22:06:46Z
cloud.gov,General Services Administration,,true,true,6261,3794,2026-09-04T05:43:04.880Z,2026-09-04T22:06:46Z
ssaikansascity.usajobs.gov,Office of Personnel Management,,false,false,6251,2837,2026-09-04T07:49:06.016Z,2026-09-04T22:06:46Z
marinenavigation.noaa.gov,Department of Commerce,,true,false,6237,4764,2026-09-04T02:11:48.726Z,2026-09-04T22:06:46Z
efoservices.fec.gov,Federal Election Commission,,true,false,6215,2236,2026-09-04T12:42:21.551Z,2026-09-04T22:06:46Z
sz.usembassy.gov,Department of State,,true,false,6186,4169,2026-09-04T04:33:57.188Z,2026-09-04T22:06:46Z
classification-us-east-1.awsprod.nlm.nih.gov,Department of Health and Human Services,v3.0.1,true,false,6169,72,2026-09-04T07:32:13.787Z,2026-09-04T22:06:46Z
analytics.usa.gov,General Services Administration,v3.11.0,true,false,6163,3013,2026-09-04T09:56:36.946Z,2026-09-04T22:06:46Z
combustion.llnl.gov,Department of Energy,,true,false,6162,1481,2026-09-04T12:13:52.258Z,2026-09-04T22:06:46Z
army.usajobs.gov,Office of Personnel Management,,false,false,6140,2328,2026-09-04T04:40:23.633Z,2026-09-04T22:06:46Z
doifirescareers.usajobs.gov,Office of Personnel Management,,false,false,6115,2338,2026-09-02T22:37:59.504Z,2026-09-04T22:06:46Z
answers.usgs.gov,Department of the Interior,v2.12.2,true,false,6083,4136,2026-09-04T13:37:23.892Z,2026-09-04T22:06:46Z
retireefehb.opm.gov,Office of Personnel Management,v2.13.0,true,false,6081,4477,2026-09-04T05:39:29.125Z,2026-09-04T22:06:46Z
profiles-us-east-1.awsprod.nlm.nih.gov,Department of Health and Human Services,,false,false,6069,34,2026-09-04T08:33:31.051Z,2026-09-04T22:06:46Z
bbs.llnl.gov,Department of Energy,,true,false,6022,901,2026-09-04T04:32:32.550Z,2026-09-04T22:06:46Z
ee.usembassy.gov,Department of State,,true,false,6019,3948,2026-09-04T14:33:56.500Z,2026-09-04T22:06:46Z
mcm.fas.gsa.gov,General Services Administration,,true,false,5993,1837,2026-09-04T08:17:36.131Z,2026-09-04T22:06:46Z
olympiccoast.noaa.gov,Department of Commerce,,false,false,5969,3921,2026-09-04T12:41:38.208Z,2026-09-04T22:06:46Z
tmf.cio.gov,General Services Administration,,true,false,5900,3160,2026-09-04T05:21:11.118Z,2026-09-04T22:06:46Z
general.usajobs.gov,Office of Personnel Management,,false,false,5896,1979,2026-09-04T07:24:38.018Z,2026-09-04T22:06:46Z
cdf.gsfc.nasa.gov,National Aeronautics and Space Administration,v3.3.0,true,false,5864,4848,2026-09-04T08:29:38.676Z,2026-09-04T22:06:46Z
agingresearchbiobank.nia.nih.gov,Department of Health and Human Services,,true,false,5834,3286,2026-09-04T04:43:18.405Z,2026-09-04T22:06:46Z
digitalcorps.gsa.gov,General Services Administration,,true,false,5826,3009,2026-09-04T06:08:54.947Z,2026-09-04T22:06:46Z
ssainewyork.usajobs.gov,Office of Personnel Management,,false,false,5824,3095,2026-09-02T22:37:59.504Z,2026-09-04T22:06:46Z
discoverwhr.nih.gov,Department of Health and Human Services,v3.8.1,true,false,5813,4304,2026-09-04T10:08:32.947Z,2026-09-04T22:06:46Z
informationtechnology.usajobs.gov,Office of Personnel Management,,false,false,5775,2063,2026-09-04T13:46:18.349Z,2026-09-04T22:06:46Z
naturalresources.usajobs.gov,Office of Personnel Management,,false,false,5773,1803,2026-09-02T22:37:59.504Z,2026-09-04T22:06:46Z
vienna.usmission.gov,Department of State,,true,false,5766,3427,2026-09-02T22:37:59.504Z,2026-09-04T22:06:46Z
gs.llnl.gov,Department of Energy,,true,false,5713,1939,2026-09-04T07:13:45.021Z,2026-09-04T22:06:46Z
midas.uscis.dhs.gov,Department of Homeland Security,v3.12.0,true,false,5678,4625,2026-09-04T10:20:20.236Z,2026-09-04T22:06:46Z
dodea.usajobs.gov,Office of Personnel Management,,false,false,5670,2151,2026-09-04T04:53:09.440Z,2026-09-04T22:06:46Z
ncc.usajobs.gov,Office of Personnel Management,,false,false,5626,1714,2026-09-04T13:48:47.990Z,2026-09-04T22:06:46Z
ls.usembassy.gov,Department of State,,true,false,5623,4247,2026-09-04T11:15:15.849Z,2026-09-04T22:06:46Z
brd.cancer.gov,Department of Health and Human Services,,true,false,5606,3536,2026-09-04T09:41:32.780Z,2026-09-04T22:06:46Z
beta.access-board.gov,Access Board,,true,false,5580,615,2026-09-04T00:29:56.564Z,2026-09-04T22:06:46Z
cordellbank.noaa.gov,Department of Commerce,,true,false,5560,2156,2026-09-04T13:34:14.585Z,2026-09-04T22:06:46Z
direct.aphis.usda.gov,Department of Agriculture,,true,false,5560,4235,2026-09-04T06:47:24.394Z,2026-09-04T22:06:46Z
hhs.usajobs.gov,Office of Personnel Management,,false,false,5552,1889,2026-09-04T04:55:40.043Z,2026-09-04T22:06:46Z
maps.cancer.gov,Department of Health and Human Services,,true,false,5540,4597,2026-09-02T22:37:59.504Z,2026-09-04T22:06:46Z
fpi.omb.gov,Executive Office of the President,v3.13.0,true,false,5519,2222,2026-09-04T09:31:33.390Z,2026-09-04T22:06:46Z
dowea-ed-aides.usajobs.gov,Office of Personnel Management,,false,false,5517,1675,2026-09-04T07:25:17.629Z,2026-09-04T22:06:46Z
mccjobs.usajobs.gov,Office of Personnel Management,,false,false,5495,4201,2026-09-04T07:22:41.882Z,2026-09-04T22:06:46Z
nccrexplorer.ccdi.cancer.gov,Department of Health and Human Services,,false,false,5458,1478,2026-09-02T22:37:59.504Z,2026-09-04T22:06:46Z
emt-initiative.ornl.gov,Department of Energy,,false,false,5450,5073,2026-09-04T07:47:32.756Z,2026-09-04T22:06:46Z
lew.epa.gov,Environmental Protection Agency,,true,false,5447,4902,2026-09-04T14:13:44.904Z,2026-09-04T22:06:46Z
dataportal.dol.gov,Department of Labor,,true,false,5429,1920,2026-09-04T10:47:45.572Z,2026-09-04T22:06:46Z
stac.astrogeology.usgs.gov,Department of the Interior,v3.1.0,true,false,5424,799,2026-09-04T10:07:38.682Z,2026-09-04T22:06:46Z
weather.llnl.gov,Department of Energy,v3.13.0,false,true,5419,4072,2026-09-04T06:16:19.682Z,2026-09-04T22:06:46Z
tts.gsa.gov,General Services Administration,,true,false,5412,3951,2026-09-04T07:51:43.832Z,2026-09-04T22:06:46Z
lu.usembassy.gov,Department of State,,true,false,5349,3477,2026-09-04T05:00:46.728Z,2026-09-04T22:06:46Z
sites.wip.nlm.nih.gov,Department of Health and Human Services,,true,false,5316,1707,2026-09-04T11:20:22.454Z,2026-09-04T22:06:46Z
uscybercommand.usajobs.gov,Office of Personnel Management,,false,false,5312,2634,2026-09-04T06:10:53.134Z,2026-09-04T22:06:46Z
usaarl.health.mil,Department of Defense,,true,false,5276,2813,2026-09-04T09:15:03.850Z,2026-09-04T22:06:46Z
forestsandrangelands.gov,Department of Agriculture,v1.6.3,true,false,5265,1900,2026-09-04T13:46:48.063Z,2026-09-04T22:06:46Z
pstrainingtracker.fns.usda.gov,Department of Agriculture,,true,false,5244,3171,2026-09-04T14:41:46.873Z,2026-09-04T22:06:46Z
sy.usembassy.gov,Department of State,,true,false,5208,3467,2026-09-04T09:33:57.842Z,2026-09-04T22:06:46Z
ncrar.research.va.gov,Department of Veterans Affairs,,true,false,5181,2755,2026-09-04T12:59:00.720Z,2026-09-04T22:06:46Z
sscweb.gsfc.nasa.gov,National Aeronautics and Space Administration,v3.3.0,true,false,5138,1809,2026-09-04T00:30:55.808Z,2026-09-04T22:06:46Z
nato.usmission.gov,Department of State,,true,false,5101,4205,2026-09-04T05:33:38.298Z,2026-09-04T22:06:46Z
blscompdata.bls.gov,Department of Labor,v2.4.0,false,false,5098,1630,2026-09-04T01:12:00.783Z,2026-09-04T22:06:46Z
ga.usembassy.gov,Department of State,,true,false,5084,3362,2026-09-04T04:44:57.345Z,2026-09-04T22:06:46Z
eallegations.cbp.gov,Department of Homeland Security,v2.8.0,false,false,5038,3086,2026-09-04T12:11:52.069Z,2026-09-04T22:06:46Z
doj.usajobs.gov,Office of Personnel Management,,false,false,4976,2430,2026-09-04T02:15:33.230Z,2026-09-04T22:06:46Z
opportunity.census.gov,Department of Commerce,,true,false,4974,1319,2026-09-04T02:41:49.344Z,2026-09-04T22:06:46Z
opm.usajobs.gov,Office of Personnel Management,,false,false,4970,1684,2026-09-04T07:46:44.051Z,2026-09-04T22:06:46Z
neutrinos.llnl.gov,Department of Energy,,true,false,4954,1062,2026-09-04T07:22:04.557Z,2026-09-04T22:06:46Z
spotlight.nlm.nih.gov,Department of Health and Human Services,,false,false,4952,325,2026-09-04T10:02:28.269Z,2026-09-04T22:06:46Z
savingsbondwizard.gov,Department of the Treasury,,false,false,4901,3497,2026-09-02T22:37:59.504Z,2026-09-04T22:06:46Z
choctaw.nsopw.gov,Department of Justice,v3.12.0,true,false,4882,1116,2026-09-04T05:03:46.837Z,2026-09-04T22:06:46Z
dpc.cms.gov,Department of Health and Human Services,v3.13.0,true,false,4876,569,2026-09-04T07:52:15.334Z,2026-09-04T22:06:46Z
tm-eog.uspto.gov,Department of Commerce,,false,false,4852,3305,2026-09-04T06:33:05.588Z,2026-09-04T22:06:46Z
wapa.usajobs.gov,Office of Personnel Management,,false,false,4840,2232,2026-09-04T08:23:09.080Z,2026-09-04T22:06:46Z
arcr.niaaa.nih.gov,Department of Health and Human Services,,true,false,4837,3849,2026-09-04T06:05:40.564Z,2026-09-04T22:06:46Z
esdresearch.nasa.gov,National Aeronautics and Space Administration,,true,false,4836,1389,2026-09-04T14:23:20.007Z,2026-09-04T22:06:46Z
td.usembassy.gov,Department of State,,true,false,4823,3167,2026-09-04T10:44:07.040Z,2026-09-04T22:06:46Z
crapes.fdic.gov,Federal Deposit Insurance Corporation,,true,false,4801,2922,2026-09-04T02:45:53.437Z,2026-09-04T22:06:46Z
tools-origin.cdc.gov,Department of Health and Human Services,,false,false,4786,14,2026-09-04T05:06:09.610Z,2026-09-04T22:06:46Z
maps.usgs.gov,Department of the Interior,,true,false,4778,3852,2026-09-04T14:40:13.210Z,2026-09-04T22:06:46Z
refermyappraisalcomplaint.asc.gov,Appraisal Subcommittee of the Federal Financial Institutions Examination Council,,false,false,4772,898,2026-09-02T22:37:59.504Z,2026-09-04T22:06:46Z
unity.americorps.gov,Corporation for National and Community Service,,true,false,4759,2068,2026-09-04T04:27:09.444Z,2026-09-04T22:06:46Z
nan.nicic.gov,Department of Justice,,true,false,4745,318,2026-09-02T22:37:59.504Z,2026-09-04T22:06:46Z
federalinvestments.gov,Department of the Treasury,,false,false,4731,3773,2026-09-04T12:51:45.116Z,2026-09-04T22:06:46Z
mrsi.erdc.dren.mil,Department of Defense,,true,false,4719,2276,2026-09-04T12:40:21.656Z,2026-09-04T22:06:46Z
vacsp.research.va.gov,Department of Veterans Affairs,,true,false,4708,2710,2026-09-04T07:08:43.010Z,2026-09-04T22:06:46Z
cams.llnl.gov,Department of Energy,,true,false,4706,1283,2026-09-04T04:38:50.489Z,2026-09-04T22:06:46Z
cf.usembassy.gov,Department of State,,true,false,4681,2977,2026-09-04T10:53:07.414Z,2026-09-04T22:06:46Z
gis.cancer.gov,Department of Health and Human Services,,false,false,4651,2701,2026-09-04T03:53:57.344Z,2026-09-04T22:06:46Z
t-origin.cdc.gov,Department of Health and Human Services,,false,false,4639,15,2026-09-02T22:37:59.504Z,2026-09-04T22:06:46Z
profiles.awsprod.nlm.nih.gov,Department of Health and Human Services,,false,false,4638,46,2026-09-04T10:16:21.786Z,2026-09-04T22:06:46Z
sd.usembassy.gov,Department of State,,true,false,4637,3082,2026-09-02T22:37:59.504Z,2026-09-04T22:06:46Z
sciencecouncil.noaa.gov,Department of Commerce,v3.3.0,true,false,4618,2652,2026-09-04T13:36:31.263Z,2026-09-04T22:06:46Z
nccrdataplatform.ccdi.cancer.gov,Department of Health and Human Services,,true,false,4580,3622,2026-09-04T04:26:47.986Z,2026-09-04T22:06:46Z
dfc.usajobs.gov,Office of Personnel Management,,false,false,4575,2216,2026-09-04T04:50:57.154Z,2026-09-04T22:06:46Z
mv.usembassy.gov,Department of State,,true,false,4552,3455,2026-09-04T08:41:48.896Z,2026-09-04T22:06:46Z
aptcenter.research.va.gov,Department of Veterans Affairs,,true,false,4548,2092,2026-09-02T22:37:59.504Z,2026-09-04T22:06:46Z
incidenthistory.noaa.gov,Department of Commerce,v2.12.0,true,false,4543,3084,2026-09-02T22:37:59.504Z,2026-09-04T22:06:46Z
ccdi.cancer.gov,Department of Health and Human Services,,false,false,4520,2035,2026-09-04T10:13:49.366Z,2026-09-04T22:06:46Z
techfarhub.usds.gov,General Services Administration,,true,false,4515,3411,2026-09-04T05:15:39.357Z,2026-09-04T22:06:46Z
mr.usembassy.gov,Department of State,,true,false,4496,2670,2026-09-02T22:37:59.504Z,2026-09-04T22:06:46Z
bn.usembassy.gov,Department of State,,true,false,4495,2990,2026-09-04T03:29:13.128Z,2026-09-04T22:06:46Z
annualreport.nichd.nih.gov,Department of Health and Human Services,v3.8.1,true,false,4494,4300,2026-09-02T22:37:59.504Z,2026-09-04T22:06:46Z
by.usembassy.gov,Department of State,,true,false,4493,2818,2026-09-04T06:10:53.046Z,2026-09-04T22:06:46Z
www.bush41library.gov,National Archives and Records Administration,,true,false,4482,3898,2026-09-04T11:34:03.587Z,2026-09-04T22:06:46Z
learningconnection.opm.gov,Office of Personnel Management,,true,false,4447,3506,2026-09-04T02:03:38.840Z,2026-09-04T22:06:46Z
www.osc.gov,Office of Special Counsel,,true,false,4436,782,2026-09-04T10:17:49.362Z,2026-09-04T22:06:46Z
chronicdata.cdc.gov,Department of Health and Human Services,,true,false,4418,2409,2026-09-04T08:24:35.082Z,2026-09-04T22:06:46Z
hpc4energyinnovation.llnl.gov,Department of Energy,,true,false,4394,2361,2026-09-04T07:20:21.344Z,2026-09-04T22:06:46Z
primis-stage.phmsa.dot.gov,Department of Transportation,v3.13.0,true,false,4383,4391,2026-09-04T10:31:52.134Z,2026-09-04T22:06:46Z
community.hrsa.gov,Department of Health and Human Services,v3.12.0,false,false,4359,1677,2026-09-04T05:11:31.767Z,2026-09-04T22:06:46Z
fedpayvendor.gsa.gov,General Services Administration,v3.10.0,true,false,4327,1742,2026-09-04T02:50:24.423Z,2026-09-04T22:06:46Z
cic.gsa.gov,General Services Administration,,true,false,4291,2847,2026-09-04T05:54:00.454Z,2026-09-04T22:06:46Z
usaisr.health.mil,Department of Defense,,true,false,4284,2220,2026-09-04T07:59:06.916Z,2026-09-04T22:06:46Z
quantum.llnl.gov,Department of Energy,,true,false,4275,1702,2026-09-04T06:47:14.907Z,2026-09-04T22:06:46Z
osce.usmission.gov,Department of State,,true,false,4255,3526,2026-09-04T06:13:13.963Z,2026-09-04T22:06:46Z
enviroinfo.llnl.gov,Department of Energy,,true,false,4249,355,2026-09-04T05:21:43.077Z,2026-09-04T22:06:46Z
nara.usajobs.gov,Office of Personnel Management,,false,false,4239,2039,2026-09-04T14:41:36.765Z,2026-09-04T22:06:46Z
ly.usembassy.gov,Department of State,,true,false,4213,2807,2026-09-02T22:37:59.504Z,2026-09-04T22:06:46Z
www.treasurydirect.gov,Department of the Treasury,,false,false,4189,1194,2026-09-04T13:26:55.463Z,2026-09-04T22:06:46Z
erulings.cbp.gov,Department of Homeland Security,,false,false,4158,3284,2026-09-04T12:13:05.577Z,2026-09-04T22:06:46Z
oes.gsa.gov,General Services Administration,,true,false,4157,2252,2026-09-04T05:32:25.558Z,2026-09-04T22:06:46Z
bcda.cms.gov,Department of Health and Human Services,v3.13.0,true,false,4126,1745,2026-09-04T01:30:54.917Z,2026-09-04T22:06:46Z
usau.usmission.gov,Department of State,,true,false,4102,3194,2026-09-04T11:14:43.885Z,2026-09-04T22:06:46Z
farmtoschoolcensus.fns.usda.gov,Department of Agriculture,2.11.1,true,false,4095,3582,2026-09-04T09:26:29.655Z,2026-09-04T22:06:46Z
tonation.nsopw.gov,Department of Justice,v3.12.0,true,false,4067,603,2026-09-04T08:37:21.618Z,2026-09-04T22:06:46Z
innovationcrossroads.ornl.gov,Department of Energy,,false,false,4029,3007,2026-09-04T02:05:23.119Z,2026-09-04T22:06:46Z
genomics.llnl.gov,Department of Energy,,true,false,3984,965,2026-09-04T07:14:57.474Z,2026-09-04T22:06:46Z
mobile.reginfo.gov,General Services Administration,,true,false,3983,1374,2026-09-04T12:47:49.193Z,2026-09-04T22:06:46Z
tmbci.nsopw.gov,Department of Justice,v3.12.0,true,false,3981,783,2026-09-02T22:37:59.504Z,2026-09-04T22:06:46Z
cnmi.nsopw.gov,Department of Justice,v3.12.0,true,false,3969,555,2026-09-04T14:40:50.227Z,2026-09-04T22:06:46Z
timp-ccid.fda.gov,Department of Health and Human Services,v3.8.0,true,false,3960,3376,2026-09-04T02:49:47.888Z,2026-09-04T22:06:46Z
usunrome.usmission.gov,Department of State,,true,false,3953,3224,2026-09-04T11:15:55.381Z,2026-09-04T22:06:46Z
computerscience.usajobs.gov,Office of Personnel Management,,false,false,3943,1016,2026-09-04T13:43:30.399Z,2026-09-04T22:06:46Z
whbstewardship.blm.gov,Department of the Interior,,true,false,3916,3570,2026-09-04T02:50:09.458Z,2026-09-04T22:06:46Z
ethics.va.gov,Department of Veterans Affairs,,true,false,3900,2323,2026-09-04T08:33:21.309Z,2026-09-04T22:06:46Z
api.fdic.gov,General Services Administration,v2.6.0,true,false,3868,3489,2026-09-04T12:43:00.196Z,2026-09-04T22:06:46Z
mc-review-val.onemac.cms.gov,Department of Health and Human Services,,true,false,3860,395,2026-09-04T02:45:46.307Z,2026-09-04T22:06:46Z
usariem.health.mil,Department of Defense,,true,false,3845,2038,2026-09-04T09:16:38.625Z,2026-09-04T22:06:46Z
civil.usajobs.gov,Office of Personnel Management,,false,false,3833,1721,2026-09-04T07:24:27.545Z,2026-09-04T22:06:46Z
dus.llnl.gov,Department of Energy,,true,false,3831,2540,2026-09-04T13:29:27.452Z,2026-09-04T22:06:46Z
casac.epa.gov,Environmental Protection Agency,,true,false,3814,733,2026-09-04T13:46:00.355Z,2026-09-04T22:06:46Z
spotlight.llnl.gov,Department of Energy,,true,false,3806,453,2026-09-04T06:03:23.543Z,2026-09-04T22:06:46Z
useu.usmission.gov,Department of State,,true,false,3803,2523,2026-09-04T05:44:28.969Z,2026-09-04T22:06:46Z
stroke.cindrr.research.va.gov,Department of Veterans Affairs,,true,false,3801,1829,2026-09-02T22:37:59.504Z,2026-09-04T22:06:46Z
wbc.llnl.gov,Department of Energy,,true,false,3788,87,2026-09-04T06:11:49.138Z,2026-09-04T22:06:46Z
americansamoa.nsopw.gov,Department of Justice,v3.12.0,true,false,3787,410,2026-09-04T14:28:58.120Z,2026-09-04T22:06:46Z
responder.llnl.gov,Department of Energy,,true,false,3783,443,2026-09-04T05:54:55.702Z,2026-09-04T22:06:46Z
facjj.ojp.gov,Department of Justice,.,true,false,3781,360,2026-09-02T22:37:59.504Z,2026-09-04T22:06:46Z
rconnect.usgs.gov,Department of the Interior,,false,false,3767,3401,2026-09-04T04:17:59.699Z,2026-09-04T22:06:46Z
mh.usembassy.gov,Department of State,,true,false,3759,2726,2026-09-02T22:37:59.504Z,2026-09-04T22:06:46Z
blm.usajobs.gov,Office of Personnel Management,,false,false,3737,1746,2026-09-04T04:45:25.784Z,2026-09-04T22:06:46Z
techbull.nlm.nih.gov,Department of Health and Human Services,,true,false,3722,1633,2026-09-04T12:03:39.523Z,2026-09-04T22:06:46Z
fm.usembassy.gov,Department of State,,true,false,3699,2738,2026-09-04T11:05:35.446Z,2026-09-04T22:06:46Z
navair.usajobs.gov,Office of Personnel Management,,false,false,3675,1049,2026-09-04T07:48:54.885Z,2026-09-04T22:06:46Z
bondpro.gov,Department of the Treasury,,false,false,3653,2544,2026-09-04T13:31:16.177Z,2026-09-04T22:06:46Z
economist.usajobs.gov,Office of Personnel Management,,false,false,3651,1616,2026-09-04T02:15:33.074Z,2026-09-04T22:06:46Z
hwt.nssl.noaa.gov,Department of Commerce,v3.10.0,true,false,3630,1893,2026-09-04T01:53:16.129Z,2026-09-04T22:06:46Z
er.usembassy.gov,Department of State,,true,false,3626,1921,2026-09-04T04:41:46.210Z,2026-09-04T22:06:46Z
strategy.data.gov,General Services Administration,,true,false,3623,1950,2026-09-02T22:37:59.504Z,2026-09-04T22:06:46Z
physics.usajobs.gov,Office of Personnel Management,,false,false,3612,890,2026-09-04T14:26:41.511Z,2026-09-04T22:06:46Z
bout.llnl.gov,Department of Energy,,true,false,3599,454,2026-09-04T04:31:35.129Z,2026-09-04T22:06:46Z
va.usembassy.gov,Department of State,,true,false,3552,2410,2026-09-02T22:37:59.504Z,2026-09-04T22:06:46Z
finddoxypep.cdc.gov,Department of Health and Human Services,,true,false,3501,1637,2026-09-04T07:26:12.567Z,2026-09-04T22:06:46Z
learcat.bjs.ojp.gov,Department of Justice,,true,false,3495,704,2026-09-04T01:31:36.882Z,2026-09-04T22:06:46Z
srst.nsopw.gov,Department of Justice,v3.12.0,true,false,3478,463,2026-09-04T00:34:55.350Z,2026-09-04T22:06:46Z
ccrisktool.cancer.gov,Department of Health and Human Services,,true,false,3473,2042,2026-09-04T07:28:44.954Z,2026-09-04T22:06:46Z
permitsearch.epa.gov,Environmental Protection Agency,,true,false,3456,1182,2026-09-04T14:20:38.737Z,2026-09-04T22:06:46Z
choir.research.va.gov,Department of Veterans Affairs,,true,false,3442,1752,2026-09-04T10:10:32.206Z,2026-09-04T22:06:46Z
www.blm.gov,Department of the Interior,,true,false,3441,2438,2026-09-04T10:51:34.507Z,2026-09-04T22:06:46Z
chtn.cancer.gov,Department of Health and Human Services,,true,false,3436,1591,2026-09-04T10:09:52.751Z,2026-09-04T22:06:46Z
espanol.mycreditunion.gov,National Credit Union Administration,,true,false,3426,1501,2026-09-04T06:49:01.797Z,2026-09-04T22:06:46Z
statspolicy.gov,General Services Administration,,true,false,3424,2087,2026-09-04T13:07:40.395Z,2026-09-04T22:06:46Z
taaps.gov,Department of the Treasury,,false,false,3406,3175,2026-09-02T22:37:59.504Z,2026-09-04T22:06:46Z
collections-us-east-1.awsprod.nlm.nih.gov,Department of Health and Human Services,,false,false,3377,2476,2026-09-04T07:38:43.433Z,2026-09-04T22:06:46Z
bioams.llnl.gov,Department of Energy,,true,false,3361,375,2026-09-04T06:09:29.352Z,2026-09-04T22:06:46Z
nari.arc.nasa.gov,National Aeronautics and Space Administration,,false,false,3360,1753,2026-09-02T22:37:59.504Z,2026-09-04T22:06:46Z
tasc.llnl.gov,Department of Energy,,true,false,3338,157,2026-09-02T22:37:59.504Z,2026-09-04T22:06:46Z
othercyber.usajobs.gov,Office of Personnel Management,,false,false,3284,1064,2026-09-04T03:23:39.886Z,2026-09-04T22:06:46Z
cherp.research.va.gov,Department of Veterans Affairs,,true,false,3253,1368,2026-09-04T12:12:06.712Z,2026-09-04T22:06:46Z
arscareers.usajobs.gov,Office of Personnel Management,,false,false,3247,1595,2026-09-04T14:45:37.400Z,2026-09-04T22:06:46Z
ctss.nih.gov,Department of Health and Human Services,v2.11.2,true,false,3240,2324,2026-09-04T15:00:02.436Z,2026-09-04T22:06:46Z
treasurydirect.services.treasury.gov,Department of the Treasury,,false,false,3206,3002,2026-09-02T22:37:59.504Z,2026-09-04T22:06:46Z
mechanical.usajobs.gov,Office of Personnel Management,,false,false,3201,1220,2026-09-04T05:07:28.214Z,2026-09-04T22:06:46Z
data.hrsa.gov,Department of Health and Human Services,v3.13.0,true,false,3172,2042,2026-09-04T13:55:42.836Z,2026-09-04T22:06:46Z
dir.nichd.nih.gov,Department of Health and Human Services,v2.10.2,true,false,3162,599,2026-09-04T08:11:41.597Z,2026-09-04T22:06:46Z
daymet.ornl.gov,Department of Energy,,true,false,3153,1558,2026-09-04T02:07:40.601Z,2026-09-04T22:06:46Z
marshallislands.llnl.gov,Department of Energy,,true,false,3150,1668,2026-09-04T05:35:01.162Z,2026-09-04T22:06:46Z
fungi.ars.usda.gov,Department of Agriculture,,true,false,3145,3310,2026-09-04T09:47:14.240Z,2026-09-04T22:06:46Z
eonet.gsfc.nasa.gov,National Aeronautics and Space Administration,v3.12.0,true,false,3122,2167,2026-09-04T10:33:39.930Z,2026-09-04T22:06:46Z
blastinjuryresearch.health.mil,Department of Defense,,true,false,3117,1686,2026-09-04T09:00:09.692Z,2026-09-04T22:06:46Z
cdc.usajobs.gov,Office of Personnel Management,,false,false,3115,1346,2026-09-04T04:47:38.516Z,2026-09-04T22:06:46Z
www.niddk.nih.gov,Department of Health and Human Services,,true,false,3108,1102,2026-09-04T12:30:36.040Z,2026-09-04T22:06:46Z
juvenilecouncil.ojp.gov,Department of Justice,.,true,false,3101,726,2026-09-04T13:32:25.426Z,2026-09-04T22:06:46Z
cra.fdic.gov,Federal Deposit Insurance Corporation,,true,false,3087,1307,2026-09-04T02:51:21.436Z,2026-09-04T22:06:46Z
lspcountdown.ndc.nasa.gov,National Aeronautics and Space Administration,,false,false,3058,2519,2026-09-04T11:44:36.919Z,2026-09-04T22:06:46Z
virec.research.va.gov,Department of Veterans Affairs,,false,false,3046,2165,2026-09-04T10:12:23.514Z,2026-09-04T22:06:46Z
mathematics.usajobs.gov,Office of Personnel Management,,false,false,3040,1186,2026-09-04T07:39:23.788Z,2026-09-04T22:06:46Z
ssaidenver.usajobs.gov,Office of Personnel Management,,false,false,3025,1567,2026-09-04T05:50:05.707Z,2026-09-04T22:06:46Z
ammos.nasa.gov,National Aeronautics and Space Administration,v2.13.3,true,false,3023,1712,2026-09-02T22:37:59.504Z,2026-09-04T22:06:46Z
qsg.llnl.gov,Department of Energy,,true,false,3014,1972,2026-09-04T12:10:58.601Z,2026-09-04T22:06:46Z
sab.epa.gov,Environmental Protection Agency,,true,false,3009,655,2026-09-04T14:12:38.049Z,2026-09-04T22:06:46Z
cleanairnortheast.epa.gov,Environmental Protection Agency,v3.0.1,true,false,3007,512,2026-09-04T13:55:57.471Z,2026-09-04T22:06:46Z
acreditor.section508.gov,General Services Administration,,true,false,2953,1360,2026-09-04T09:08:00.523Z,2026-09-04T22:06:46Z
collections.awsprod.nlm.nih.gov,Department of Health and Human Services,,false,false,2952,1823,2026-09-04T15:01:13.952Z,2026-09-04T22:06:46Z
cssbmb.gov,U.S. Commission on Civil Rights,,true,false,2942,1306,2026-09-02T22:37:59.504Z,2026-09-04T22:06:46Z
sci.va.gov,Department of Veterans Affairs,,true,false,2941,1888,2026-09-04T06:53:33.811Z,2026-09-04T22:06:46Z
ssaiseattle.usajobs.gov,Office of Personnel Management,,false,false,2929,1588,2026-09-04T05:54:11.137Z,2026-09-04T22:06:46Z
seattledenvercoin.research.va.gov,Department of Veterans Affairs,,true,false,2918,872,2026-09-02T22:37:59.504Z,2026-09-04T22:06:46Z
n3c.ncats.nih.gov,Department of Health and Human Services,,false,false,2912,2691,2026-09-04T06:45:58.255Z,2026-09-04T22:06:46Z
www.bia.gov,Department of the Interior,,true,false,2901,594,2026-09-04T14:52:01.660Z,2026-09-04T22:06:46Z
ssis.nist.gov,Department of Commerce,,true,false,2898,690,2026-09-04T00:23:38.558Z,2026-09-04T22:06:46Z
cisnet.cancer.gov,Department of Health and Human Services,,true,false,2888,1975,2026-09-04T10:28:39.156Z,2026-09-04T22:06:46Z
crcca.archives.gov,National Archives and Records Administration,,true,false,2857,1304,2026-09-04T07:12:55.310Z,2026-09-04T22:06:46Z
slgs.gov,Department of the Treasury,,false,false,2851,1273,2026-09-02T22:37:59.504Z,2026-09-04T22:06:46Z
healthphysics.usajobs.gov,Office of Personnel Management,,false,false,2843,2330,2026-09-04T07:24:40.339Z,2026-09-04T22:06:46Z
bmdsonline.epa.gov,Environmental Protection Agency,,true,false,2833,1417,2026-09-04T11:32:06.802Z,2026-09-04T22:06:46Z
mmr.osmre.gov,Department of the Interior,v3.10.0,true,false,2797,1767,2026-09-04T04:20:08.694Z,2026-09-04T22:06:46Z
camera.od.nih.gov,Department of Health and Human Services,,true,false,2788,1037,2026-09-04T05:51:15.667Z,2026-09-04T22:06:46Z
library.llnl.gov,Department of Energy,,true,false,2777,1682,2026-09-04T05:31:59.330Z,2026-09-04T22:06:46Z
tscportal.fas.gsa.gov,General Services Administration,,true,false,2769,956,2026-09-04T12:44:41.666Z,2026-09-04T22:06:46Z
conexus.gsa.gov,General Services Administration,,true,false,2711,2310,2026-09-04T06:00:18.548Z,2026-09-04T22:06:46Z
csl.llnl.gov,Department of Energy,,true,false,2683,626,2026-09-02T22:37:59.504Z,2026-09-04T22:06:46Z
www.msha.gov,Department of Labor,,true,false,2679,1386,2026-09-04T04:47:55.917Z,2026-09-04T22:06:46Z
astronautappearances.nasa.gov,National Aeronautics and Space Administration,v2.14.0,true,false,2677,1817,2026-09-02T22:37:59.504Z,2026-09-04T22:06:46Z
doe417.pnnl.gov,Department of Energy,v3.12.0,true,false,2660,1852,2026-09-04T12:26:00.982Z,2026-09-04T22:06:46Z
jlf.llnl.gov,Department of Energy,,true,false,2657,1460,2026-09-04T12:13:31.898Z,2026-09-04T22:06:46Z
aghealth.nih.gov,Department of Health and Human Services,,false,false,2594,1091,2026-09-04T09:14:00.163Z,2026-09-04T22:06:46Z
downsyndrome.nih.gov,Department of Health and Human Services,,true,false,2589,1685,2026-09-04T05:40:32.583Z,2026-09-04T22:06:46Z
usoas.usmission.gov,Department of State,,true,false,2574,2040,2026-09-04T06:36:31.429Z,2026-09-04T22:06:46Z
annarbor.hsrd.research.va.gov,Department of Veterans Affairs,,true,false,2573,1326,2026-09-02T22:37:59.504Z,2026-09-04T22:06:46Z
scribenet.response.epa.gov,Environmental Protection Agency,,true,false,2559,136,2026-09-04T14:19:40.778Z,2026-09-04T22:06:46Z
www.mymoney.gov,Department of the Treasury,,true,false,2552,1041,2026-09-04T04:14:55.215Z,2026-09-04T22:06:46Z
405d.hhs.gov,Department of Health and Human Services,,true,false,2525,720,2026-09-04T11:54:35.431Z,2026-09-04T22:06:46Z
forensicscience.llnl.gov,Department of Energy,,true,false,2496,748,2026-09-04T05:19:55.927Z,2026-09-04T22:06:46Z
spokanetribe.nsopw.gov,Department of Justice,v3.12.0,true,false,2493,595,2026-09-04T13:01:05.028Z,2026-09-04T22:06:46Z
navfac.usajobs.gov,Office of Personnel Management,,false,false,2487,896,2026-09-04T14:14:28.702Z,2026-09-04T22:06:46Z
ptfcehs.niehs.nih.gov,Department of Health and Human Services,,true,false,2476,1413,2026-09-04T05:46:58.734Z,2026-09-04T22:06:46Z
dowea-subs.usajobs.gov,Office of Personnel Management,,false,false,2469,797,2026-09-04T04:51:54.045Z,2026-09-04T22:06:46Z
darpacareers.usajobs.gov,Office of Personnel Management,,false,false,2461,1301,2026-09-04T04:46:31.552Z,2026-09-04T22:06:46Z
clearinghouse.marinedebris.noaa.gov,Department of Commerce,,true,false,2459,1233,2026-09-04T01:02:59.522Z,2026-09-04T22:06:46Z
www.pbgc.gov,Pension Benefit Guaranty Corporation,,true,false,2455,879,2026-09-04T12:55:25.928Z,2026-09-04T22:06:46Z
nist.time.gov,Department of Commerce,,false,false,2429,495,2026-09-04T03:00:03.561Z,2026-09-04T22:06:46Z
details.usajobs.gov,Office of Personnel Management,,false,false,2427,991,2026-09-04T04:45:30.348Z,2026-09-04T22:06:46Z
cbioportal.ccdi.cancer.gov,Department of Health and Human Services,,false,false,2423,473,2026-09-04T07:38:17.962Z,2026-09-04T22:06:46Z
procurement.llnl.gov,Department of Energy,,true,false,2419,1640,2026-09-04T13:12:16.581Z,2026-09-04T22:06:46Z
beta.ncbi.nlm.nih.gov,Department of Health and Human Services,,true,false,2411,2035,2026-09-04T14:51:28.277Z,2026-09-04T22:06:46Z
crossfunctional.usajobs.gov,Office of Personnel Management,,false,false,2406,976,2026-09-04T02:14:41.395Z,2026-09-04T22:06:46Z
prescancerpanel.cancer.gov,Department of Health and Human Services,,true,false,2401,1653,2026-09-04T02:19:16.622Z,2026-09-04T22:06:46Z
gric.nsopw.gov,Department of Justice,v3.12.0,true,false,2396,425,2026-09-04T13:38:12.499Z,2026-09-04T22:06:46Z
armychildcarejobs.usajobs.gov,Office of Personnel Management,,false,false,2388,969,2026-09-04T04:44:55.898Z,2026-09-04T22:06:46Z
www.epa.gov,Environmental Protection Agency,,true,false,2386,1220,2026-09-04T14:30:58.612Z,2026-09-04T22:06:46Z
dementia.cindrr.research.va.gov,Department of Veterans Affairs,,true,false,2381,1414,2026-09-04T09:45:39.990Z,2026-09-04T22:06:46Z
designsystem.cancer.gov,Department of Health and Human Services,,true,false,2378,1482,2026-09-04T05:41:55.145Z,2026-09-04T22:06:46Z
ce.permitting.innovation.gov,General Services Administration,,true,false,2359,1477,2026-09-04T09:23:09.947Z,2026-09-04T22:06:46Z
laboremploymenttraining.ornl.gov,Department of Energy,,false,false,2357,1278,2026-09-04T02:18:32.814Z,2026-09-04T22:06:46Z
www.cftc.gov,Commodity Futures Trading Commission,,false,true,2310,822,2026-09-04T05:48:06.457Z,2026-09-04T22:06:46Z
api.childwelfare.gov,Department of Health and Human Services,,true,false,2303,2035,2026-09-04T09:30:15.872Z,2026-09-04T22:06:46Z
idcft.bls.gov,Department of Labor,v2.4.0,false,false,2298,545,2026-09-04T02:26:25.477Z,2026-09-04T22:06:46Z
nareeeab.ree.usda.gov,Department of Agriculture,,true,false,2290,1689,2026-09-02T22:37:59.504Z,2026-09-04T22:06:46Z
mrisktool.cancer.gov,Department of Health and Human Services,,true,false,2263,1348,2026-09-04T08:14:23.540Z,2026-09-04T22:06:46Z
cloud.nih.gov,Department of Health and Human Services,v2.14.0,true,false,2258,1561,2026-09-04T07:32:25.821Z,2026-09-04T22:06:46Z
seaborg.llnl.gov,Department of Energy,,true,false,2246,721,2026-09-04T06:01:38.678Z,2026-09-04T22:06:46Z
medicarerebates.helpdesk.cms.gov,Department of Health and Human Services,,true,false,2245,228,2026-09-04T05:40:51.425Z,2026-09-04T22:06:46Z
gdo-dcp.llnl.gov,Department of Energy,,false,false,2244,553,2026-09-04T12:13:30.561Z,2026-09-04T22:06:46Z
appointment.treasury.gov,Department of the Treasury,,true,false,2233,1865,2026-09-04T02:10:58.321Z,2026-09-04T22:06:46Z
famauth-qa.wildfire.gov,Department of Agriculture,,true,false,2228,1448,2026-09-04T00:58:27.067Z,2026-09-04T22:06:46Z
training.bls.gov,Department of Labor,v2.4.0,false,false,2219,544,2026-09-02T22:37:59.504Z,2026-09-04T22:06:46Z
kaw.nsopw.gov,Department of Justice,v3.12.0,true,false,2207,267,2026-09-04T05:07:20.410Z,2026-09-04T22:06:46Z
ssaiboston.usajobs.gov,Office of Personnel Management,,false,false,2200,1305,2026-09-04T13:50:31.267Z,2026-09-04T22:06:46Z
rosebud.nsopw.gov,Department of Justice,v3.12.0,true,false,2194,329,2026-09-04T00:28:09.202Z,2026-09-04T22:06:46Z
wisqars.glb.cdc.gov,Department of Health and Human Services,,false,false,2156,49,2026-09-04T07:19:29.192Z,2026-09-04T22:06:46Z
nlrbcareers.usajobs.gov,Office of Personnel Management,,false,false,2155,1064,2026-09-04T07:47:38.032Z,2026-09-04T22:06:46Z
physicalscience.usajobs.gov,Office of Personnel Management,,false,false,2154,1213,2026-09-04T07:51:53.495Z,2026-09-04T22:06:46Z
jamrs.war.gov,Department of Defense,,false,false,2147,1245,2026-09-02T22:37:59.504Z,2026-09-04T22:06:46Z
lift.llnl.gov,Department of Energy,,true,false,2140,1384,2026-09-04T13:21:04.149Z,2026-09-04T22:06:46Z
miccosukeetribe.nsopw.gov,Department of Justice,v3.12.0,true,false,2139,260,2026-09-04T00:31:35.646Z,2026-09-04T22:06:46Z
fda.usajobs.gov,Office of Personnel Management,,false,false,2139,897,2026-09-04T14:07:43.141Z,2026-09-04T22:06:46Z
fedpay.gsa.gov,General Services Administration,v2.3.1,true,false,2127,1433,2026-09-04T05:13:24.071Z,2026-09-04T22:06:46Z
permitting.innovation.gov,General Services Administration,v3.13.0,true,false,2101,1452,2026-09-04T13:51:51.713Z,2026-09-04T22:06:46Z
usda-fsa.usajobs.gov,Office of Personnel Management,,false,false,2094,756,2026-09-04T08:08:12.111Z,2026-09-04T22:06:46Z
nifuserguide.llnl.gov,Department of Energy,,true,false,2085,1513,2026-09-04T07:25:33.195Z,2026-09-04T22:06:46Z
hud.usajobs.gov,Office of Personnel Management,,false,false,2082,957,2026-09-04T05:00:15.089Z,2026-09-04T22:06:46Z
mping.nssl.noaa.gov,Department of Commerce,v3.10.0,true,false,2076,1538,2026-09-04T01:56:32.160Z,2026-09-04T22:06:46Z
fim.noaa.gov,Department of Commerce,,false,false,2072,1041,2026-09-04T01:36:37.852Z,2026-09-04T22:06:46Z
nwis.waterservices.usgs.gov,Department of the Interior,,true,false,2058,249,2026-09-04T14:42:27.710Z,2026-09-04T22:06:46Z
obamalibrary.archives.gov,National Archives and Records Administration,,false,false,2041,730,2026-09-04T01:19:40.607Z,2026-09-04T22:06:46Z
clinical.datacommons.cancer.gov,Department of Health and Human Services,,false,false,2039,1913,2026-09-04T11:50:56.609Z,2026-09-04T22:06:46Z
pascuayaqui.nsopw.gov,Department of Justice,v3.12.0,true,false,2026,325,2026-09-04T04:08:44.085Z,2026-09-04T22:06:46Z
cheyenneriver.nsopw.gov,Department of Justice,v3.12.0,true,false,2025,378,2026-09-04T05:06:42.025Z,2026-09-04T22:06:46Z
nationalcancerplan.cancer.gov,Department of Health and Human Services,,true,false,2020,1418,2026-09-02T22:37:59.504Z,2026-09-04T22:06:46Z
srpmic.nsopw.gov,Department of Justice,v3.12.0,true,false,2019,353,2026-09-04T12:35:41.003Z,2026-09-04T22:06:46Z
idcftars.bls.gov,Department of Labor,v2.4.0,false,false,2017,927,2026-09-04T11:09:08.491Z,2026-09-04T22:06:46Z
data.permits.performance.gov,General Services Administration,,true,false,2011,667,2026-09-02T22:37:59.504Z,2026-09-04T22:06:46Z
extranet.osha.gov,Department of Labor,,false,false,2009,1173,2026-09-04T02:32:51.531Z,2026-09-04T22:06:46Z
evchart.driveelectric.gov,Department of Energy,,true,false,2009,403,2026-09-04T12:47:57.513Z,2026-09-04T22:06:46Z
www.schoolsafety.gov,Department of Homeland Security,,true,false,2008,443,2026-09-04T01:37:33.419Z,2026-09-04T22:06:46Z
yakama.nsopw.gov,Department of Justice,v3.12.0,true,false,2008,234,2026-09-04T00:41:55.221Z,2026-09-04T22:06:46Z
www.cape.osd.mil,Department of Defense,v3.12.0,true,false,2007,1100,2026-09-04T04:19:18.287Z,2026-09-04T22:06:46Z
cmor.llnl.gov,Department of Energy,v2.14.0,true,false,2005,477,2026-09-04T12:12:45.898Z,2026-09-04T22:06:46Z
riverstreamassessment.epa.gov,Environmental Protection Agency,,true,false,1988,690,2026-09-04T14:12:14.705Z,2026-09-04T22:06:46Z
usoecd.usmission.gov,Department of State,,true,false,1986,1363,2026-09-04T06:37:11.520Z,2026-09-04T22:06:46Z
epilepsy.va.gov,Department of Veterans Affairs,,true,false,1970,1043,2026-09-04T10:09:26.362Z,2026-09-04T22:06:46Z
cdo.hhs.gov,Department of Health and Human Services,v2.7.0,true,false,1959,1178,2026-09-04T13:04:25.708Z,2026-09-04T22:06:46Z
blackfeet.nsopw.gov,Department of Justice,v3.12.0,true,false,1952,305,2026-09-04T12:56:11.727Z,2026-09-04T22:06:46Z
dojoigcareers.usajobs.gov,Office of Personnel Management,,false,false,1945,978,2026-09-04T02:16:35.839Z,2026-09-04T22:06:46Z
oig.eac.gov,Election Assistance Commission,,true,false,1941,463,2026-09-04T10:36:39.708Z,2026-09-04T22:06:46Z
durham.hsrd.research.va.gov,Department of Veterans Affairs,,true,false,1928,755,2026-09-04T14:34:39.639Z,2026-09-04T22:06:46Z
don-medical.usajobs.gov,Office of Personnel Management,,false,false,1928,679,2026-09-04T07:20:09.901Z,2026-09-04T22:06:46Z
mhanation.nsopw.gov,Department of Justice,v3.12.0,true,false,1923,310,2026-09-04T00:30:14.772Z,2026-09-04T22:06:46Z
ferretop.pmel.noaa.gov,Department of Commerce,v3.8.2,true,false,1915,1895,2026-09-04T01:36:18.943Z,2026-09-04T22:06:46Z
amputation.research.va.gov,Department of Veterans Affairs,,true,false,1914,749,2026-09-04T14:36:29.192Z,2026-09-04T22:06:46Z
sites.nlm.nih.gov,Department of Health and Human Services,,true,false,1904,3,2026-09-04T08:36:05.237Z,2026-09-04T22:06:46Z
ibccareers.usajobs.gov,Office of Personnel Management,,false,false,1897,1098,2026-09-04T05:17:20.119Z,2026-09-04T22:06:46Z
ttlplus.gov,Department of the Treasury,,false,false,1892,1645,2026-09-04T04:21:06.742Z,2026-09-04T22:06:46Z
space-science.llnl.gov,Department of Energy,,true,false,1890,1495,2026-09-02T22:37:59.504Z,2026-09-04T22:06:46Z
citenet.nlrb.gov,National Labor Relations Board,,true,false,1885,1160,2026-09-02T22:37:59.504Z,2026-09-04T22:06:46Z
sb.usembassy.gov,Department of State,,true,false,1881,1419,2026-09-04T08:43:27.222Z,2026-09-04T22:06:46Z
shoreline.noaa.gov,Department of Commerce,,true,false,1879,1365,2026-09-04T02:48:08.434Z,2026-09-04T22:06:46Z
bamc.usajobs.gov,Office of Personnel Management,,false,false,1876,707,2026-09-04T04:10:39.618Z,2026-09-04T22:06:46Z
planetary.data.nasa.gov,National Aeronautics and Space Administration,,false,false,1865,1305,2026-09-04T13:16:20.402Z,2026-09-04T22:06:46Z
cqr.cms.gov,Department of Health and Human Services,,false,false,1865,486,2026-09-02T22:37:59.504Z,2026-09-04T22:06:46Z
ssp.usajobs.gov,Office of Personnel Management,,false,false,1864,894,2026-09-04T14:42:05.870Z,2026-09-04T22:06:46Z
dceg2.cancer.gov,Department of Health and Human Services,,true,false,1854,1561,2026-09-02T22:37:59.504Z,2026-09-04T22:06:46Z
oglala.nsopw.gov,Department of Justice,v3.12.0,true,false,1851,157,2026-09-04T05:15:09.558Z,2026-09-04T22:06:46Z
treatments.hhs.gov,Department of Health and Human Services,v3.7.0,true,false,1834,1124,2026-09-02T22:37:59.504Z,2026-09-04T22:06:46Z
10x.gsa.gov,General Services Administration,,true,false,1833,889,2026-09-04T05:25:14.640Z,2026-09-04T22:06:46Z
library.usgs.gov,Department of the Interior,,true,false,1826,999,2026-09-04T14:47:11.846Z,2026-09-04T22:06:46Z
annarbor.research.va.gov,Department of Veterans Affairs,,true,false,1799,861,2026-09-04T14:42:13.743Z,2026-09-04T22:06:46Z
qat.usaspending.gov,Department of the Treasury,,true,false,1796,224,2026-09-04T05:00:58.209Z,2026-09-04T22:06:46Z
atf.usajobs.gov,Office of Personnel Management,,false,false,1795,965,2026-09-04T01:54:15.053Z,2026-09-04T22:06:46Z
visualization.osdr.nasa.gov,National Aeronautics and Space Administration,,false,false,1794,1410,2026-09-04T13:41:49.420Z,2026-09-04T22:06:46Z
methane.app.cloud.gov,General Services Administration,,true,false,1786,710,2026-09-04T05:49:39.861Z,2026-09-04T22:06:46Z
iafdb.travel.state.gov,Department of State,v3.7.1,true,false,1781,2414,2026-09-04T09:27:20.856Z,2026-09-04T22:06:46Z
strap.trials.nci.nih.gov,Department of Health and Human Services,,true,false,1777,621,2026-09-04T08:42:20.742Z,2026-09-04T22:06:46Z
opendata.ncats.nih.gov,Department of Health and Human Services,,false,false,1763,1249,2026-09-04T03:52:24.577Z,2026-09-04T22:06:46Z
csat.bjs.ojp.gov,Department of Justice,,true,false,1746,885,2026-09-04T14:42:53.262Z,2026-09-04T22:06:46Z
2017-2021.commerce.gov,Department of Commerce,,true,false,1739,1589,2026-09-04T05:45:30.958Z,2026-09-04T22:06:46Z
natwebcaas01.wr.usgs.gov,Department of the Interior,,true,false,1733,67,2026-09-04T14:41:24.196Z,2026-09-04T22:06:46Z
marrowfailure.cancer.gov,Department of Health and Human Services,,true,false,1714,799,2026-09-02T22:37:59.504Z,2026-09-04T22:06:46Z
cidc.nci.nih.gov,Department of Health and Human Services,,true,false,1714,490,2026-09-04T07:30:35.980Z,2026-09-04T22:06:46Z
psdi.astrogeology.usgs.gov,Department of the Interior,v3.1.0,true,false,1711,273,2026-09-04T14:18:23.630Z,2026-09-04T22:06:46Z
api.reporter.nih.gov,Department of Health and Human Services,,false,false,1711,1518,2026-09-04T09:31:29.778Z,2026-09-04T22:06:46Z
warmsprings.nsopw.gov,Department of Justice,v3.12.0,true,false,1680,209,2026-09-04T00:37:51.766Z,2026-09-04T22:06:46Z
peprec.research.va.gov,Department of Veterans Affairs,,true,false,1671,688,2026-09-02T22:37:59.504Z,2026-09-04T22:06:46Z
semesterofservice.usajobs.gov,Office of Personnel Management,,false,false,1670,864,2026-09-04T07:58:24.545Z,2026-09-04T22:06:46Z
reaganlibrary.archives.gov,National Archives and Records Administration,,true,false,1668,348,2026-09-04T00:50:51.601Z,2026-09-04T22:06:46Z
metabolomics-sig.nih.gov,Department of Health and Human Services,,false,false,1662,296,2026-09-04T14:52:55.984Z,2026-09-04T22:06:46Z
to.usembassy.gov,Department of State,,true,false,1657,1338,2026-09-04T14:37:33.941Z,2026-09-04T22:06:46Z
fbi.usajobs.gov,Office of Personnel Management,,false,false,1648,752,2026-09-04T07:30:37.257Z,2026-09-04T22:06:46Z
eap.llnl.gov,Department of Energy,,true,false,1648,579,2026-09-04T05:01:25.908Z,2026-09-04T22:06:46Z
colvilletribes.nsopw.gov,Department of Justice,v3.12.0,true,false,1646,171,2026-09-04T04:58:24.768Z,2026-09-04T22:06:46Z
natwebsdas01.cr.usgs.gov,Department of the Interior,,true,false,1640,155,2026-09-04T14:42:15.735Z,2026-09-04T22:06:46Z
wisqars-viz.cdc.gov,Department of Health and Human Services,,false,false,1638,94,2026-09-04T09:28:56.831Z,2026-09-04T22:06:46Z
magazine-local.medlineplus.gov,Department of Health and Human Services,v1.6.6,true,false,1631,1616,2026-09-04T06:04:21.706Z,2026-09-04T22:06:46Z
hfradar.ndbc.noaa.gov,Department of Commerce,,true,false,1615,1342,2026-09-04T02:02:18.792Z,2026-09-04T22:06:46Z
snaped.fna.usda.gov,Department of Agriculture,,true,false,1614,870,2026-09-04T06:46:36.800Z,2026-09-04T22:06:46Z
clinicalcommons.ccdi.cancer.gov,Department of Health and Human Services,,false,false,1613,1168,2026-09-04T06:35:50.486Z,2026-09-04T22:06:46Z
pfdps.tsa.dhs.gov,Department of Homeland Security,,true,false,1607,185,2026-09-02T22:37:59.504Z,2026-09-04T22:06:46Z
chickasaw.nsopw.gov,Department of Justice,v3.12.0,true,false,1606,249,2026-09-02T22:37:59.504Z,2026-09-04T22:06:46Z
psychologytraining.va.gov,Department of Veterans Affairs,,true,false,1602,1027,2026-09-02T22:37:59.504Z,2026-09-04T22:06:46Z
moleculartargets.ccdi.cancer.gov,Department of Health and Human Services,,false,false,1601,1481,2026-09-04T04:02:48.226Z,2026-09-04T22:06:46Z
benefits.ornl.gov,Department of Energy,,false,false,1591,932,2026-09-04T04:17:15.712Z,2026-09-04T22:06:46Z
mic.llnl.gov,Department of Energy,,true,false,1585,486,2026-09-04T05:38:43.160Z,2026-09-04T22:06:46Z
spiritlake.nsopw.gov,Department of Justice,v3.12.0,true,false,1583,223,2026-09-04T06:10:05.496Z,2026-09-04T22:06:46Z
section14c.dol.gov,Department of Labor,,true,false,1583,559,2026-09-04T12:50:11.050Z,2026-09-04T22:06:46Z
dcma.usajobs.gov,Office of Personnel Management,,false,false,1581,536,2026-09-04T07:28:39.933Z,2026-09-04T22:06:46Z
fortpecktribes.nsopw.gov,Department of Justice,v3.12.0,true,false,1563,287,2026-09-04T14:05:39.282Z,2026-09-04T22:06:46Z
ci2i.research.va.gov,Department of Veterans Affairs,,true,false,1559,568,2026-09-04T12:25:54.474Z,2026-09-04T22:06:46Z
nrt4.modaps.eosdis.nasa.gov,National Aeronautics and Space Administration,,true,false,1555,1213,2026-09-04T13:04:45.138Z,2026-09-04T22:06:46Z
hopi.nsopw.gov,Department of Justice,v3.12.0,true,false,1546,519,2026-09-04T07:14:08.164Z,2026-09-04T22:06:46Z
portlandcoin.research.va.gov,Department of Veterans Affairs,,true,false,1533,669,2026-09-02T22:37:59.504Z,2026-09-04T22:06:46Z
swo.nsopw.gov,Department of Justice,v3.12.0,true,false,1525,357,2026-09-04T07:43:28.473Z,2026-09-04T22:06:46Z
carrier.opm.gov,Office of Personnel Management,v3.3.0,true,false,1518,755,2026-09-04T14:37:53.352Z,2026-09-04T22:06:46Z
idcftoews.bls.gov,Department of Labor,v2.4.0,false,false,1505,131,2026-09-04T01:39:41.242Z,2026-09-04T22:06:46Z
training.reginfo.gov,General Services Administration,,true,false,1503,37,2026-09-02T22:37:59.504Z,2026-09-04T22:06:46Z
mrdc-pdp.health.mil,Department of Defense,,true,false,1489,445,2026-09-04T10:32:46.539Z,2026-09-04T22:06:46Z
isis.astrogeology.usgs.gov,Department of the Interior,v3.8.2,true,false,1481,1061,2026-09-04T11:15:43.350Z,2026-09-04T22:06:46Z
rcv.va.gov,Department of Veterans Affairs,,true,false,1475,825,2026-09-02T22:37:59.504Z,2026-09-04T22:06:46Z
pathfinder.va.gov,Department of Veterans Affairs,,true,false,1448,930,2026-09-04T04:17:55.910Z,2026-09-04T22:06:46Z
gap.tbportals.niaid.nih.gov,Department of Health and Human Services,,false,false,1448,160,2026-09-02T22:37:59.504Z,2026-09-04T22:06:46Z
seattle.eric.research.va.gov,Department of Veterans Affairs,,true,false,1447,556,2026-09-04T10:06:21.256Z,2026-09-04T22:06:46Z
mvpiccs-viz.glb.cdc.gov,Department of Health and Human Services,,false,false,1428,25,2026-09-04T12:17:33.126Z,2026-09-04T22:06:46Z
actuary.usajobs.gov,Office of Personnel Management,,false,false,1427,805,2026-09-02T22:37:59.504Z,2026-09-04T22:06:46Z
fdic.usajobs.gov,Office of Personnel Management,,false,false,1426,733,2026-09-04T05:15:48.253Z,2026-09-04T22:06:46Z
cbpworkforce.cbp.gov,Department of Homeland Security,,false,false,1424,1000,2026-09-04T10:15:28.331Z,2026-09-04T22:06:46Z
natwebvaas01.er.usgs.gov,Department of the Interior,,true,false,1421,53,2026-09-04T04:38:29.566Z,2026-09-04T22:06:46Z
standards.digital.gov,General Services Administration,,true,false,1416,889,2026-09-04T09:45:57.215Z,2026-09-04T22:06:46Z
lummi.nsopw.gov,Department of Justice,v3.12.0,true,false,1414,158,2026-09-04T07:28:15.698Z,2026-09-04T22:06:46Z
northernarapaho.nsopw.gov,Department of Justice,v3.12.0,true,false,1414,199,2026-09-04T06:14:58.951Z,2026-09-04T22:06:46Z
dctaskforce.usajobs.gov,Office of Personnel Management,,false,false,1403,837,2026-09-04T07:21:51.812Z,2026-09-04T22:06:46Z
veterans.llnl.gov,Department of Energy,,true,false,1400,491,2026-09-04T05:51:56.533Z,2026-09-04T22:06:46Z
cmip-publications.llnl.gov,Department of Energy,v2.14.0,true,false,1397,1312,2026-09-04T09:05:15.306Z,2026-09-04T22:06:46Z
engage.dhs.gov,Department of Homeland Security,,false,false,1394,973,2026-09-04T02:03:12.496Z,2026-09-04T22:06:46Z
analytics.app.cloud.gov,General Services Administration,v3.11.0,true,false,1391,2,2026-09-04T04:32:18.115Z,2026-09-04T22:06:46Z
lfs.cancer.gov,Department of Health and Human Services,,true,false,1391,722,2026-09-04T02:03:13.125Z,2026-09-04T22:06:46Z
cog.llnl.gov,Department of Energy,,true,false,1388,222,2026-09-04T12:15:10.261Z,2026-09-04T22:06:46Z
fecnotify.fec.gov,Federal Election Commission,,true,false,1382,633,2026-09-04T14:23:44.163Z,2026-09-04T22:06:46Z
nih.usajobs.gov,Office of Personnel Management,,false,false,1378,794,2026-09-04T07:27:16.198Z,2026-09-04T22:06:46Z
usff.usajobs.gov,Office of Personnel Management,,false,false,1361,600,2026-09-04T08:10:02.734Z,2026-09-04T22:06:46Z
siren.fort.usgs.gov,Department of the Interior,v3.6.0,true,false,1355,797,2026-09-02T22:37:59.504Z,2026-09-04T22:06:46Z
sctribe.nsopw.gov,Department of Justice,v3.12.0,true,false,1350,186,2026-09-04T05:15:57.371Z,2026-09-04T22:06:46Z
voyager.gsfc.nasa.gov,National Aeronautics and Space Administration,v3.13.0,true,false,1341,538,2026-09-04T13:33:09.823Z,2026-09-04T22:06:46Z
its90.nist.gov,Department of Commerce,v3.13.0,true,false,1336,665,2026-09-04T10:23:04.684Z,2026-09-04T22:06:46Z
code.mil,Department of Defense,,true,false,1326,979,2026-09-04T03:04:51.034Z,2026-09-04T22:06:46Z
bio-sfa.llnl.gov,Department of Energy,,true,false,1312,182,2026-09-04T07:18:58.660Z,2026-09-04T22:06:46Z
passiveacoustics.fisheries.noaa.gov,Department of Commerce,v3.11.0,true,false,1312,1026,2026-09-04T01:58:21.976Z,2026-09-04T22:06:46Z
cmc3.research.va.gov,Department of Veterans Affairs,,true,false,1311,517,2026-09-02T22:37:59.504Z,2026-09-04T22:06:46Z
ihscphsofficers.usajobs.gov,Office of Personnel Management,,false,false,1311,599,2026-09-04T07:28:02.627Z,2026-09-04T22:06:46Z
data.gov,General Services Administration,,true,false,1307,1191,2026-09-04T08:52:25.889Z,2026-09-04T22:06:46Z
sc.usembassy.gov,Department of State,,true,false,1303,1009,2026-09-04T04:15:16.159Z,2026-09-04T22:06:46Z
wmat.nsopw.gov,Department of Justice,v3.12.0,true,false,1297,206,2026-09-04T05:27:47.732Z,2026-09-04T22:06:46Z
packaging.llnl.gov,Department of Energy,,true,false,1290,239,2026-09-04T05:47:40.786Z,2026-09-04T22:06:46Z
statistics.usajobs.gov,Office of Personnel Management,,false,false,1277,654,2026-09-04T08:04:34.486Z,2026-09-04T22:06:46Z
apps.conservation.gov,Department of the Interior,,true,false,1271,585,2026-09-04T03:04:34.816Z,2026-09-04T22:06:46Z
crit.nsopw.gov,Department of Justice,v3.12.0,true,false,1269,214,2026-09-04T05:05:44.493Z,2026-09-04T22:06:46Z
ctuir.nsopw.gov,Department of Justice,v3.12.0,true,false,1269,382,2026-09-04T09:04:07.951Z,2026-09-04T22:06:46Z
mescaleroapache.nsopw.gov,Department of Justice,v3.12.0,true,false,1269,306,2026-09-04T05:50:42.879Z,2026-09-04T22:06:46Z
nexo.llnl.gov,Department of Energy,,true,false,1261,841,2026-09-04T05:41:22.350Z,2026-09-04T22:06:46Z
cobra.epa.gov,Environmental Protection Agency,2.10.0,true,false,1258,1136,2026-09-04T14:02:57.958Z,2026-09-04T22:06:46Z
weather-1.llnl.gov,Department of Energy,,false,true,1256,145,2026-09-04T06:08:24.997Z,2026-09-04T22:06:46Z
www.eeoc.gov,Equal Employment Opportunity Commission,,true,false,1243,390,2026-09-04T13:21:37.898Z,2026-09-04T22:06:46Z
usda-early-careers.usajobs.gov,Office of Personnel Management,,false,false,1243,442,2026-09-04T08:42:35.497Z,2026-09-04T22:06:46Z
crownations.nsopw.gov,Department of Justice,v3.12.0,true,false,1236,179,2026-09-04T05:07:17.427Z,2026-09-04T22:06:46Z
chic.research.va.gov,Department of Veterans Affairs,,true,false,1232,451,2026-09-04T14:25:30.642Z,2026-09-04T22:06:46Z
ffb.treasury.gov,Department of the Treasury,,true,false,1229,782,2026-09-02T22:37:59.504Z,2026-09-04T22:06:46Z
bnm.llnl.gov,Department of Energy,,true,false,1226,205,2026-09-04T04:32:57.103Z,2026-09-04T22:06:46Z
water.llnl.gov,Department of Energy,,true,false,1226,131,2026-09-04T06:13:33.586Z,2026-09-04T22:06:46Z
scat.nsopw.gov,Department of Justice,v3.12.0,true,false,1219,140,2026-09-04T00:33:58.043Z,2026-09-04T22:06:46Z
oig.hhs.gov,Department of Health and Human Services,,true,false,1219,864,2026-09-04T10:52:31.327Z,2026-09-04T22:06:46Z
zuni.nsopw.gov,Department of Justice,v3.12.0,true,false,1204,164,2026-09-04T12:48:38.120Z,2026-09-04T22:06:46Z
puebloofacoma.nsopw.gov,Department of Justice,v3.12.0,true,false,1202,193,2026-09-02T22:37:59.504Z,2026-09-04T22:06:46Z
mvpiccs-viz.cdc.gov,Department of Health and Human Services,,false,false,1190,19,2026-09-04T04:16:40.128Z,2026-09-04T22:06:46Z
nezperce.nsopw.gov,Department of Justice,v3.12.0,true,false,1189,132,2026-09-04T05:14:34.598Z,2026-09-04T22:06:46Z
seminolenation.nsopw.gov,Department of Justice,v3.12.0,true,false,1182,241,2026-09-04T00:43:46.523Z,2026-09-04T22:06:46Z
dctc.mil,Department of Defense,,false,false,1180,931,2026-09-04T07:46:17.185Z,2026-09-04T22:06:46Z
fact-efrc.ornl.gov,Department of Energy,,false,false,1166,861,2026-09-04T06:39:15.481Z,2026-09-04T22:06:46Z
controlbanding.llnl.gov,Department of Energy,,true,false,1159,131,2026-09-04T12:11:58.994Z,2026-09-04T22:06:46Z
fcoi.llnl.gov,Department of Energy,,true,false,1158,144,2026-09-04T09:04:36.952Z,2026-09-04T22:06:46Z
omaha.nsopw.gov,Department of Justice,v3.12.0,true,false,1152,270,2026-09-02T22:37:59.504Z,2026-09-04T22:06:46Z
wisqars-viz.glb.cdc.gov,Department of Health and Human Services,,false,false,1150,14,2026-09-04T07:17:26.374Z,2026-09-04T22:06:46Z
laguna.nsopw.gov,Department of Justice,v3.12.0,true,false,1144,148,2026-09-04T05:13:47.096Z,2026-09-04T22:06:46Z
datasharing.cancer.gov,Department of Health and Human Services,,false,false,1128,761,2026-09-04T06:34:55.631Z,2026-09-04T22:06:46Z
cscrip.ntia.gov,Department of Commerce,,true,false,1126,493,2026-09-04T00:34:08.838Z,2026-09-04T22:06:46Z
wof.nssl.noaa.gov,Department of Commerce,v3.10.0,true,false,1125,709,2026-09-04T14:31:26.003Z,2026-09-04T22:06:46Z
sbtribes.nsopw.gov,Department of Justice,v3.12.0,true,false,1122,172,2026-09-04T05:19:50.984Z,2026-09-04T22:06:46Z
cyber-internship.llnl.gov,Department of Energy,,true,false,1120,430,2026-09-04T12:12:25.998Z,2026-09-04T22:06:46Z
tulalip.nsopw.gov,Department of Justice,v3.12.0,true,false,1118,219,2026-09-04T12:45:14.801Z,2026-09-04T22:06:46Z
www.nlm.nih.gov,Department of Health and Human Services,,true,false,1118,239,2026-09-04T14:53:43.616Z,2026-09-04T22:06:46Z
developer.sba.gov,Small Business Administration,,true,false,1117,408,2026-09-04T05:33:15.148Z,2026-09-04T22:06:46Z
winnebagotribe.nsopw.gov,Department of Justice,v3.12.0,true,false,1113,151,2026-09-04T00:49:05.126Z,2026-09-04T22:06:46Z
nc-cherokee.nsopw.gov,Department of Justice,v3.12.0,true,false,1110,265,2026-09-04T00:29:16.158Z,2026-09-04T22:06:46Z
slst.usajobs.gov,Office of Personnel Management,,false,false,1108,644,2026-09-04T07:57:18.339Z,2026-09-04T22:06:46Z
trip.llnl.gov,Department of Energy,,true,false,1107,144,2026-09-04T06:26:41.743Z,2026-09-04T22:06:46Z
spdatawarehouse.gsa.gov,General Services Administration,v2.14.0,true,false,1103,507,2026-09-02T22:37:59.504Z,2026-09-04T22:06:46Z
sm.usmission.gov,Department of State,,true,false,1101,867,2026-09-04T12:03:24.877Z,2026-09-04T22:06:46Z
joltsdatat.bls.gov,Department of Labor,v2.4.0,false,false,1099,80,2026-09-04T06:24:52.043Z,2026-09-04T22:06:46Z
training.llnl.gov,Department of Energy,,true,false,1097,263,2026-09-04T06:05:54.058Z,2026-09-04T22:06:46Z
intel.usajobs.gov,Office of Personnel Management,,false,false,1096,506,2026-09-04T05:02:23.774Z,2026-09-04T22:06:46Z
hhs-ihs.usajobs.gov,Office of Personnel Management,,false,false,1093,346,2026-09-04T13:47:45.418Z,2026-09-04T22:06:46Z
clinicaltrialsapi.cancer.gov,Department of Health and Human Services,v2.10.0,true,false,1088,468,2026-09-04T10:34:55.288Z,2026-09-04T22:06:46Z
blog.onrr.gov,Department of the Interior,,true,false,1088,939,2026-09-04T03:51:56.894Z,2026-09-04T22:06:46Z
fsr5.usajobs.gov,Office of Personnel Management,,false,false,1080,481,2026-09-04T07:31:34.438Z,2026-09-04T22:06:46Z
coastaloceanmodels.noaa.gov,Department of Commerce,,true,false,1077,680,2026-09-04T13:30:12.779Z,2026-09-04T22:06:46Z
dnation.nsopw.gov,Department of Justice,v3.12.0,true,false,1077,412,2026-09-04T05:01:47.587Z,2026-09-04T22:06:46Z
nswcdd.usajobs.gov,Office of Personnel Management,,false,false,1077,483,2026-09-02T22:37:59.504Z,2026-09-04T22:06:46Z
lasermaterials.llnl.gov,Department of Energy,,true,false,1075,308,2026-09-04T07:13:29.605Z,2026-09-04T22:06:46Z
biomassboard.gov,Department of Energy,,true,false,1074,542,2026-09-04T10:54:31.899Z,2026-09-04T22:06:46Z
nationalguardbureau.usajobs.gov,Office of Personnel Management,,false,false,1073,480,2026-09-04T07:44:19.820Z,2026-09-04T22:06:46Z
mathematicalstatistics.usajobs.gov,Office of Personnel Management,,false,false,1063,701,2026-09-04T05:05:55.743Z,2026-09-04T22:06:46Z
www.fehrm.gov,Department of Defense,,true,false,1061,421,2026-09-04T03:48:37.024Z,2026-09-04T22:06:46Z
returntowork.llnl.gov,Department of Energy,,true,false,1058,440,2026-09-04T07:26:26.793Z,2026-09-04T22:06:46Z
hualapai.nsopw.gov,Department of Justice,v3.12.0,true,false,1043,346,2026-09-04T07:50:21.481Z,2026-09-04T22:06:46Z
cshiip.research.va.gov,Department of Veterans Affairs,,true,false,1042,494,2026-09-04T14:41:07.263Z,2026-09-04T22:06:46Z
ebg.llnl.gov,Department of Energy,,true,false,1042,75,2026-09-04T05:19:18.253Z,2026-09-04T22:06:46Z
spaceforcecareers.usajobs.gov,Office of Personnel Management,,false,false,1038,617,2026-09-04T04:45:20.025Z,2026-09-04T22:06:46Z
gw.usmission.gov,Department of State,,true,false,1031,706,2026-09-04T11:16:08.033Z,2026-09-04T22:06:46Z
ofia.gov,Federal Deposit Insurance Corporation,v2.2.1,true,false,1029,670,2026-09-04T01:08:17.771Z,2026-09-04T22:06:46Z
www.invasivespeciesinfo.gov,Department of Agriculture,,true,false,1027,473,2026-09-04T09:07:36.222Z,2026-09-04T22:06:46Z
quickscore.epa.gov,Environmental Protection Agency,v3.7.1,true,false,1025,205,2026-09-04T14:00:02.941Z,2026-09-04T22:06:46Z
tscaguideme.epa.gov,Environmental Protection Agency,v2.12.1,true,false,1021,504,2026-09-04T06:23:42.499Z,2026-09-04T22:06:46Z
pivot-beta.fema.gov,Department of Homeland Security,v1.6.9,false,false,1013,811,2026-09-04T04:23:55.095Z,2026-09-04T22:06:46Z
pbpnation.nsopw.gov,Department of Justice,v3.12.0,true,false,1011,114,2026-09-04T05:17:18.078Z,2026-09-04T22:06:46Z
rasopathies.cancer.gov,Department of Health and Human Services,,true,false,1011,449,2026-09-04T11:07:36.291Z,2026-09-04T22:06:46Z
networx-public-pricer.eos.gsa.gov,General Services Administration,v3.8.0,false,false,1000,462,2026-09-02T22:37:59.504Z,2026-09-04T22:06:46Z
prod-onrr-frontend.app.cloud.gov,General Services Administration,,true,false,997,3,2026-09-04T12:36:56.307Z,2026-09-04T22:06:46Z
patriotbonds.gov,Department of the Treasury,,false,false,974,849,2026-09-02T22:37:59.504Z,2026-09-04T22:06:46Z
trainingt.bls.gov,Department of Labor,v2.4.0,false,false,972,142,2026-09-02T22:37:59.504Z,2026-09-04T22:06:46Z
cebs.nci.nih.gov,Department of Health and Human Services,,true,false,967,901,2026-09-04T13:40:57.316Z,2026-09-04T22:06:46Z
cindrr.research.va.gov,Department of Veterans Affairs,,true,false,963,448,2026-09-04T13:27:08.042Z,2026-09-04T22:06:46Z
ebit.llnl.gov,Department of Energy,,true,false,961,252,2026-09-04T05:03:26.743Z,2026-09-04T22:06:46Z
studycatalog.cancer.gov,Department of Health and Human Services,,false,false,954,809,2026-09-04T11:21:02.865Z,2026-09-04T22:06:46Z
ppb.cancer.gov,Department of Health and Human Services,,true,false,951,344,2026-09-02T22:37:59.504Z,2026-09-04T22:06:46Z
test-my.ttb.gov,Department of the Treasury,,true,false,951,111,2026-09-04T14:21:01.991Z,2026-09-04T22:06:46Z
atbcstudy.cancer.gov,Department of Health and Human Services,,false,false,950,595,2026-09-04T11:45:46.556Z,2026-09-04T22:06:46Z
vt.usembassy.gov,Department of State,,true,false,950,749,2026-09-04T04:19:18.098Z,2026-09-04T22:06:46Z
state-tables.fdic.gov,Federal Deposit Insurance Corporation,v2.6.0,true,false,949,859,2026-09-04T01:21:26.348Z,2026-09-04T22:06:46Z
brrc.research.va.gov,Department of Veterans Affairs,,true,false,947,380,2026-09-02T22:37:59.504Z,2026-09-04T22:06:46Z
vision.research.va.gov,Department of Veterans Affairs,,true,false,947,276,2026-09-04T09:43:42.221Z,2026-09-04T22:06:46Z
makah.nsopw.gov,Department of Justice,v3.12.0,true,false,939,162,2026-09-02T22:37:59.504Z,2026-09-04T22:06:46Z
pki.treas.gov,Department of the Treasury,v3.13.0,true,false,934,525,2026-09-04T08:11:12.397Z,2026-09-04T22:06:46Z
blscompdatat.bls.gov,Department of Labor,v2.4.0,false,false,926,108,2026-09-02T22:37:59.504Z,2026-09-04T22:06:46Z
tfi.usajobs.gov,Office of Personnel Management,,false,false,926,418,2026-09-04T07:54:40.948Z,2026-09-04T22:06:46Z
isleta.nsopw.gov,Department of Justice,v3.12.0,true,false,922,223,2026-09-04T14:31:26.766Z,2026-09-04T22:06:46Z
nswcpcd.usajobs.gov,Office of Personnel Management,,false,false,921,502,2026-09-02T22:37:59.504Z,2026-09-04T22:06:46Z
amlis.osmre.gov,Department of the Interior,v3.10.0,true,false,921,639,2026-09-04T05:19:26.470Z,2026-09-04T22:06:46Z
nctnbanks.cancer.gov,Department of Health and Human Services,,true,false,920,703,2026-09-02T22:37:59.504Z,2026-09-04T22:06:46Z
seqapass.epa.gov,Environmental Protection Agency,,true,false,920,375,2026-09-02T22:37:59.504Z,2026-09-04T22:06:46Z
parker.gsfc.nasa.gov,National Aeronautics and Space Administration,,true,false,906,569,2026-09-04T14:23:21.643Z,2026-09-04T22:06:46Z
quapaw.nsopw.gov,Department of Justice,v3.12.0,true,false,903,257,2026-09-04T00:37:50.636Z,2026-09-04T22:06:46Z
nist.usajobs.gov,Office of Personnel Management,,false,false,898,384,2026-09-04T07:50:44.041Z,2026-09-04T22:06:46Z
www.secretservice.gov,Department of Homeland Security,v3.13.0,true,false,894,514,2026-09-04T09:03:24.493Z,2026-09-04T22:06:46Z
km.usembassy.gov,Department of State,,true,false,891,670,2026-09-04T12:46:15.648Z,2026-09-04T22:06:46Z
comanche.nsopw.gov,Department of Justice,v3.12.0,true,false,891,280,2026-09-04T11:42:10.714Z,2026-09-04T22:06:46Z
gdo127.llnl.gov,Department of Energy,,true,false,885,109,2026-09-04T13:25:36.309Z,2026-09-04T22:06:46Z
sc-programs.llnl.gov,Department of Energy,,true,false,875,513,2026-09-04T06:02:58.844Z,2026-09-04T22:06:46Z
havasupai.nsopw.gov,Department of Justice,v3.12.0,true,false,874,331,2026-09-04T14:28:47.107Z,2026-09-04T22:06:46Z
pci.nsopw.gov,Department of Justice,v3.12.0,true,false,871,334,2026-09-02T22:37:59.504Z,2026-09-04T22:06:46Z
xd.gov,Department of Commerce,v3.1.0,true,false,870,467,2026-09-02T22:37:59.504Z,2026-09-04T22:06:46Z
jicarilla.nsopw.gov,Department of Justice,v3.12.0,true,false,866,201,2026-09-02T22:37:59.504Z,2026-09-04T22:06:46Z
rid.cancer.gov,Department of Health and Human Services,,false,false,863,682,2026-09-04T06:47:08.322Z,2026-09-04T22:06:46Z
ftbelknap.nsopw.gov,Department of Justice,v3.12.0,true,false,862,227,2026-09-02T22:37:59.504Z,2026-09-04T22:06:46Z
www.section508.gov,General Services Administration,,true,false,861,208,2026-09-04T01:47:46.331Z,2026-09-04T22:06:46Z
cadre.research.va.gov,Department of Veterans Affairs,,true,false,861,350,2026-09-02T22:37:59.504Z,2026-09-04T22:06:46Z
eehpcwg.llnl.gov,Department of Energy,,true,false,860,478,2026-09-04T12:17:23.554Z,2026-09-04T22:06:46Z
jtapic.health.mil,Department of Defense,,true,false,858,503,2026-09-04T08:00:36.114Z,2026-09-04T22:06:46Z
pdc-docs.cancer.gov,Department of Health and Human Services,,true,false,854,563,2026-09-02T22:37:59.504Z,2026-09-04T22:06:46Z
astribe.nsopw.gov,Department of Justice,v3.12.0,true,false,848,229,2026-09-04T04:59:58.509Z,2026-09-04T22:06:46Z
radar.epa.gov,Environmental Protection Agency,,true,false,848,140,2026-09-04T14:12:02.103Z,2026-09-04T22:06:46Z
kickapoo.nsopw.gov,Department of Justice,v3.12.0,true,false,847,217,2026-09-04T05:12:02.477Z,2026-09-04T22:06:46Z
usda-students.usajobs.gov,Office of Personnel Management,,false,false,846,405,2026-09-04T08:12:46.334Z,2026-09-04T22:06:46Z
cesdatat.bls.gov,Department of Labor,v2.4.0,false,false,845,102,2026-09-04T03:56:46.503Z,2026-09-04T22:06:46Z
swinomish.nsopw.gov,Department of Justice,v3.12.0,true,false,843,120,2026-09-04T00:41:26.589Z,2026-09-04T22:06:46Z
emblem.cancer.gov,Department of Health and Human Services,,true,false,842,213,2026-09-02T22:37:59.504Z,2026-09-04T22:06:46Z
erd.llnl.gov,Department of Energy,v3.13.0,false,true,841,113,2026-09-04T12:10:59.399Z,2026-09-04T22:06:46Z
hmddirectory.wip.nlm.nih.gov,Department of Health and Human Services,v3.0.1,true,false,829,65,2026-09-04T12:02:29.355Z,2026-09-04T22:06:46Z
gdo152.llnl.gov,Department of Energy,,true,false,829,101,2026-09-04T14:10:32.594Z,2026-09-04T22:06:46Z
ccgdata.cancer.gov,Department of Health and Human Services,,true,false,822,706,2026-09-02T22:37:59.504Z,2026-09-04T22:06:46Z
snpinfo.niehs.nih.gov,Department of Health and Human Services,,true,false,805,418,2026-09-04T08:31:11.751Z,2026-09-04T22:06:46Z
quinault.nsopw.gov,Department of Justice,v3.12.0,true,false,804,209,2026-09-04T12:37:03.798Z,2026-09-04T22:06:46Z
oedca.va.gov,Department of Veterans Affairs,,true,false,796,598,2026-09-04T10:09:54.383Z,2026-09-04T22:06:46Z
coil.census.gov,Department of Commerce,v2.13.3,true,false,794,623,2026-09-04T07:21:09.238Z,2026-09-04T22:06:46Z
northerncheyenne.nsopw.gov,Department of Justice,v3.12.0,true,false,794,126,2026-09-04T05:15:49.232Z,2026-09-04T22:06:46Z
usaceportland.usajobs.gov,Office of Personnel Management,,false,false,793,299,2026-09-04T14:23:46.769Z,2026-09-04T22:06:46Z
dirseminar.nlm.nih.gov,Department of Health and Human Services,v3.0.1,true,false,788,552,2026-09-04T08:09:52.898Z,2026-09-04T22:06:46Z
samples.moonshotbiobank.cancer.gov,Department of Health and Human Services,,true,false,787,194,2026-09-04T11:18:31.356Z,2026-09-04T22:06:46Z
erscareers.usajobs.gov,Office of Personnel Management,,false,false,776,668,2026-09-04T07:29:24.653Z,2026-09-04T22:06:46Z
utetribe.nsopw.gov,Department of Justice,v3.12.0,true,false,772,78,2026-09-04T14:37:21.321Z,2026-09-04T22:06:46Z
ab2d.cms.gov,Department of Health and Human Services,v3.13.0,true,false,768,479,2026-09-04T06:00:17.374Z,2026-09-04T22:06:46Z
rsic.nsopw.gov,Department of Justice,v3.12.0,true,false,764,232,2026-09-02T22:37:59.504Z,2026-09-04T22:06:46Z
cybereffects.usajobs.gov,Office of Personnel Management,,false,false,754,297,2026-09-04T04:48:47.643Z,2026-09-04T22:06:46Z
ak-chin.nsopw.gov,Department of Justice,v3.12.0,true,false,753,209,2026-09-04T04:58:49.307Z,2026-09-04T22:06:46Z
oneida.nsopw.gov,Department of Justice,v3.12.0,true,false,753,73,2026-09-02T22:37:59.504Z,2026-09-04T22:06:46Z
navwar.usajobs.gov,Office of Personnel Management,,false,false,752,443,2026-09-04T13:49:33.737Z,2026-09-04T22:06:46Z
nswccarderock.usajobs.gov,Office of Personnel Management,,false,false,750,413,2026-09-04T05:55:21.716Z,2026-09-04T22:06:46Z
data-science.usajobs.gov,Office of Personnel Management,,true,false,742,672,2026-09-04T04:50:05.392Z,2026-09-04T22:06:46Z
hpcic.llnl.gov,Department of Energy,,true,false,736,622,2026-09-04T12:22:31.205Z,2026-09-04T22:06:46Z
icao.usmission.gov,Department of State,,true,false,734,476,2026-09-04T05:36:16.632Z,2026-09-04T22:06:46Z
ngms.llnl.gov,Department of Energy,,true,false,732,84,2026-09-04T05:44:46.637Z,2026-09-04T22:06:46Z
www.nichd.nih.gov,Department of Health and Human Services,,true,false,730,391,2026-09-04T14:56:23.784Z,2026-09-04T22:06:46Z
gis.usgs.gov,Department of the Interior,,true,false,721,607,2026-09-04T04:39:34.998Z,2026-09-04T22:06:46Z
chippewacree.nsopw.gov,Department of Justice,v3.12.0,true,false,718,83,2026-09-04T09:29:22.270Z,2026-09-04T22:06:46Z
ssapathways.usajobs.gov,Office of Personnel Management,,false,false,717,308,2026-09-04T08:03:21.745Z,2026-09-04T22:06:46Z
afmccareers.usajobs.gov,Office of Personnel Management,,false,false,717,243,2026-09-04T04:39:32.491Z,2026-09-04T22:06:46Z
avreap.research.va.gov,Department of Veterans Affairs,,true,false,713,199,2026-09-04T07:32:51.976Z,2026-09-04T22:06:46Z
actribe.nsopw.gov,Department of Justice,v3.12.0,true,false,710,241,2026-09-04T07:13:31.063Z,2026-09-04T22:06:46Z
washoetribe.nsopw.gov,Department of Justice,v3.12.0,true,false,708,131,2026-09-04T08:20:21.188Z,2026-09-04T22:06:46Z
gtb.nsopw.gov,Department of Justice,v3.12.0,true,false,705,209,2026-09-04T05:10:04.351Z,2026-09-04T22:06:46Z
kbic.nsopw.gov,Department of Justice,v3.12.0,true,false,703,70,2026-09-04T05:00:01.022Z,2026-09-04T22:06:46Z
boisforte.nsopw.gov,Department of Justice,v3.12.0,true,false,699,83,2026-09-04T00:30:31.805Z,2026-09-04T22:06:46Z
breachforums.ic3.gov,Department of Justice,v3.8.0,true,false,697,640,2026-09-04T07:47:38.141Z,2026-09-04T22:06:46Z
kwla.llnl.gov,Department of Energy,,true,false,695,268,2026-09-04T07:19:46.664Z,2026-09-04T22:06:46Z
hdrl.gsfc.nasa.gov,National Aeronautics and Space Administration,v3.3.0,true,false,692,524,2026-09-04T10:10:08.609Z,2026-09-04T22:06:46Z
fisherybiologist.usajobs.gov,Office of Personnel Management,,false,false,692,368,2026-09-04T06:03:11.595Z,2026-09-04T22:06:46Z
kaibabpaiute.nsopw.gov,Department of Justice,v3.12.0,true,false,690,229,2026-09-04T05:10:05.058Z,2026-09-04T22:06:46Z
santaana.nsopw.gov,Department of Justice,v3.12.0,true,false,690,127,2026-09-04T00:37:21.910Z,2026-09-04T22:06:46Z
yankton.nsopw.gov,Department of Justice,v3.12.0,true,false,689,77,2026-09-04T04:13:22.042Z,2026-09-04T22:06:46Z
cnap.nhlbi.nih.gov,Department of Health and Human Services,,true,false,688,462,2026-09-04T07:34:42.400Z,2026-09-04T22:06:46Z
kewapueblo.nsopw.gov,Department of Justice,v3.12.0,true,false,687,69,2026-09-04T05:14:33.929Z,2026-09-04T22:06:46Z
fsst.nsopw.gov,Department of Justice,v3.12.0,true,false,685,214,2026-09-04T05:04:22.699Z,2026-09-04T22:06:46Z
nswcihd.usajobs.gov,Office of Personnel Management,,false,false,683,334,2026-09-04T14:16:51.141Z,2026-09-04T22:06:46Z
osage.nsopw.gov,Department of Justice,v3.12.0,true,false,667,193,2026-09-04T00:34:23.334Z,2026-09-04T22:06:46Z
catribes.nsopw.gov,Department of Justice,v3.12.0,true,false,665,182,2026-09-04T05:03:28.509Z,2026-09-04T22:06:46Z
aser.llnl.gov,Department of Energy,,true,false,665,520,2026-09-04T06:01:58.586Z,2026-09-04T22:06:46Z
omtribe.nsopw.gov,Department of Justice,v3.12.0,true,false,664,61,2026-09-04T05:10:55.595Z,2026-09-04T22:06:46Z
household-survey-d.fdic.gov,Federal Deposit Insurance Corporation,v2.6.0,true,false,659,159,2026-09-04T00:31:16.832Z,2026-09-04T22:06:46Z
iowanation.nsopw.gov,Department of Justice,v3.12.0,true,false,652,82,2026-09-04T05:12:59.298Z,2026-09-04T22:06:46Z
santee.nsopw.gov,Department of Justice,v3.12.0,true,false,652,101,2026-09-04T08:21:36.494Z,2026-09-04T22:06:46Z
devpki.treasury.gov,Department of the Treasury,v3.13.0,true,false,647,166,2026-09-02T22:37:59.504Z,2026-09-04T22:06:46Z
usbiotechnologyregulation.mrp.usda.gov,Department of Agriculture,,true,false,645,524,2026-09-04T10:01:55.059Z,2026-09-04T22:06:46Z
ottawatribe.nsopw.gov,Department of Justice,v3.12.0,true,false,644,105,2026-09-04T08:15:41.815Z,2026-09-04T22:06:46Z
nhbpi.nsopw.gov,Department of Justice,v3.12.0,true,false,638,193,2026-09-04T05:14:14.318Z,2026-09-04T22:06:46Z
doc.usajobs.gov,Office of Personnel Management,,false,false,638,266,2026-09-04T07:27:40.120Z,2026-09-04T22:06:46Z
www.helpspanish.cbp.gov,Department of Homeland Security,v2.8.0,true,false,637,289,2026-09-04T13:49:54.239Z,2026-09-04T22:06:46Z
respondents.bls.gov,Department of Labor,v2.4.0,false,false,637,112,2026-09-04T03:58:13.626Z,2026-09-04T22:06:46Z
cast.ornl.gov,Department of Energy,v3.12.0,true,false,636,510,2026-09-04T12:46:01.467Z,2026-09-04T22:06:46Z
jemez.nsopw.gov,Department of Justice,v3.12.0,true,false,634,189,2026-09-04T05:02:51.792Z,2026-09-04T22:06:46Z
cocopah.nsopw.gov,Department of Justice,v3.12.0,true,false,624,192,2026-09-04T05:54:06.395Z,2026-09-04T22:06:46Z
ashanti.bja.ojp.gov,Department of Justice,.,true,false,620,389,2026-09-04T01:08:43.886Z,2026-09-04T22:06:46Z
peoriatribe.nsopw.gov,Department of Justice,v3.12.0,true,false,618,125,2026-09-04T00:36:44.212Z,2026-09-04T22:06:46Z
zfish.nichd.nih.gov,Department of Health and Human Services,,true,false,618,321,2026-09-04T08:59:37.280Z,2026-09-04T22:06:46Z
geodata.nal.usda.gov,Department of Agriculture,,true,false,611,310,2026-09-04T14:47:11.647Z,2026-09-04T22:06:46Z
miamination.nsopw.gov,Department of Justice,v3.12.0,true,false,603,234,2026-09-04T00:32:46.909Z,2026-09-04T22:06:46Z
mptn.nsopw.gov,Department of Justice,v3.12.0,true,false,596,109,2026-09-04T07:46:36.862Z,2026-09-04T22:06:46Z
nuwckeyport.usajobs.gov,Office of Personnel Management,,false,false,595,326,2026-09-04T03:05:56.508Z,2026-09-04T22:06:46Z
metlakatla.nsopw.gov,Department of Justice,v3.12.0,true,false,591,74,2026-09-04T05:15:08.707Z,2026-09-04T22:06:46Z
cerc.research.va.gov,Department of Veterans Affairs,,true,false,590,236,2026-09-04T12:26:36.815Z,2026-09-04T22:06:46Z
taos.nsopw.gov,Department of Justice,v3.12.0,true,false,589,148,2026-09-04T00:36:05.677Z,2026-09-04T22:06:46Z
journal-reports.nlm.nih.gov,Department of Health and Human Services,,true,false,589,514,2026-09-04T01:39:16.483Z,2026-09-04T22:06:46Z
guide.llnl.gov,Department of Energy,,true,false,588,492,2026-09-04T05:08:41.540Z,2026-09-04T22:06:46Z
plpt.nsopw.gov,Department of Justice,v3.12.0,true,false,588,130,2026-09-04T05:20:20.942Z,2026-09-04T22:06:46Z
scalemeetings.ornl.gov,Department of Energy,,false,false,588,357,2026-09-04T02:01:14.386Z,2026-09-04T22:06:46Z
armynafciviliancareers.usajobs.gov,Office of Personnel Management,,false,false,586,359,2026-09-02T22:37:59.504Z,2026-09-04T22:06:46Z
digital-gov-static-prod.app.cloud.gov,General Services Administration,,true,false,585,585,2026-09-04T12:38:26.010Z,2026-09-04T22:06:46Z
caddo.nsopw.gov,Department of Justice,v3.12.0,true,false,581,202,2026-09-04T05:02:24.401Z,2026-09-04T22:06:46Z
tonkawa.nsopw.gov,Department of Justice,v3.12.0,true,false,577,120,2026-09-04T05:56:22.141Z,2026-09-04T22:06:46Z
pawneenation.nsopw.gov,Department of Justice,v3.12.0,true,false,575,51,2026-09-04T05:12:00.567Z,2026-09-04T22:06:46Z
wyandotte.nsopw.gov,Department of Justice,v3.12.0,true,false,571,97,2026-09-04T07:50:28.582Z,2026-09-04T22:06:46Z
www.niehs.nih.gov,Department of Health and Human Services,,true,false,567,270,2026-09-04T05:41:11.873Z,2026-09-04T22:06:46Z
psd.cancer.gov,Department of Health and Human Services,,false,false,564,376,2026-09-04T02:27:46.227Z,2026-09-04T22:06:46Z
gis.fema.gov,Department of Homeland Security,,true,false,564,33,2026-09-04T09:07:44.997Z,2026-09-04T22:06:46Z
meskwaki.nsopw.gov,Department of Justice,v3.12.0,true,false,562,60,2026-09-04T05:12:33.629Z,2026-09-04T22:06:46Z
modoc.nsopw.gov,Department of Justice,v3.12.0,true,false,557,93,2026-09-04T14:15:07.089Z,2026-09-04T22:06:46Z
psaap.llnl.gov,Department of Energy,,true,false,556,440,2026-09-04T07:25:00.826Z,2026-09-04T22:06:46Z
wasteplan.epa.gov,Environmental Protection Agency,,true,false,554,250,2026-09-04T14:27:56.403Z,2026-09-04T22:06:46Z
technologytransfer.health.mil,Department of Defense,,true,false,553,274,2026-09-04T05:38:07.937Z,2026-09-04T22:06:46Z
nooksack.nsopw.gov,Department of Justice,v3.12.0,true,false,553,177,2026-09-04T05:18:32.911Z,2026-09-04T22:06:46Z
gulflink.osd.mil,Department of Defense,,true,false,551,218,2026-09-04T07:16:55.031Z,2026-09-04T22:06:46Z
chitimacha.nsopw.gov,Department of Justice,v3.12.0,true,false,549,50,2026-09-04T12:30:38.534Z,2026-09-04T22:06:46Z
ypit.nsopw.gov,Department of Justice,v3.12.0,true,false,545,128,2026-09-04T12:30:41.633Z,2026-09-04T22:06:46Z
wetlandassessment.epa.gov,Environmental Protection Agency,,true,false,545,334,2026-09-04T14:29:08.580Z,2026-09-04T22:06:46Z
microbio.llnl.gov,Department of Energy,,true,false,544,198,2026-09-04T05:36:12.323Z,2026-09-04T22:06:46Z
potawatomi.nsopw.gov,Department of Justice,v3.12.0,true,false,544,110,2026-09-04T04:11:13.801Z,2026-09-04T22:06:46Z
estoo.nsopw.gov,Department of Justice,v3.12.0,true,false,542,72,2026-09-04T14:34:30.780Z,2026-09-04T22:06:46Z
nisqually.nsopw.gov,Department of Justice,v3.12.0,true,false,540,215,2026-09-04T00:24:09.663Z,2026-09-04T22:06:46Z
unitedkeetoowahband.nsopw.gov,Department of Justice,v3.12.0,true,false,538,82,2026-09-02T22:37:59.504Z,2026-09-04T22:06:46Z
energetics.llnl.gov,Department of Energy,,true,false,535,432,2026-09-04T12:09:47.260Z,2026-09-04T22:06:46Z
high-pressure.llnl.gov,Department of Energy,,true,false,533,82,2026-09-04T12:21:09.496Z,2026-09-04T22:06:46Z
pokagon.nsopw.gov,Department of Justice,v3.12.0,true,false,530,86,2026-09-04T08:20:09.432Z,2026-09-04T22:06:46Z
navsea.usajobs.gov,Office of Personnel Management,,false,false,529,281,2026-09-04T07:50:37.553Z,2026-09-04T22:06:46Z
mojaveindiantribe.nsopw.gov,Department of Justice,v3.12.0,true,false,525,83,2026-09-02T22:37:59.504Z,2026-09-04T22:06:46Z
www.ncpc.gov,National Capital Planning Commission,,false,false,521,170,2026-09-04T14:20:15.411Z,2026-09-04T22:06:46Z
respondentst.bls.gov,Department of Labor,v2.4.0,false,false,521,73,2026-09-04T10:23:56.394Z,2026-09-04T22:06:46Z
puyallup-tribe.nsopw.gov,Department of Justice,v3.12.0,true,false,520,118,2026-09-04T05:19:24.874Z,2026-09-04T22:06:46Z
squaxinisland.nsopw.gov,Department of Justice,v3.12.0,true,false,520,66,2026-09-04T08:59:29.794Z,2026-09-04T22:06:46Z
research.iowa-city.med.va.gov,Department of Veterans Affairs,,true,false,519,234,2026-09-04T13:00:30.553Z,2026-09-04T22:06:46Z
fdp.astrogeology.usgs.gov,Department of the Interior,v3.1.0,true,false,511,123,2026-09-04T11:21:53.375Z,2026-09-04T22:06:46Z
pfabankfindui-q.app.cloud.gov,General Services Administration,,true,false,511,40,2026-09-04T12:44:47.988Z,2026-09-04T22:06:46Z
maint.treasurydirect.gov,Department of the Treasury,,false,false,509,403,2026-09-04T02:55:51.935Z,2026-09-04T22:06:46Z
www.reaganlibrary.gov,National Archives and Records Administration,,true,false,508,200,2026-09-02T22:37:59.504Z,2026-09-04T22:06:46Z
fedpay.gss.gsa.gov,General Services Administration,v2.3.1,true,false,500,90,2026-09-04T06:05:28.755Z,2026-09-04T22:06:46Z
tontoapache.nsopw.gov,Department of Justice,v3.12.0,true,false,497,111,2026-09-04T00:41:11.746Z,2026-09-04T22:06:46Z
upperskagit.nsopw.gov,Department of Justice,v3.12.0,true,false,496,128,2026-09-04T00:45:10.779Z,2026-09-04T22:06:46Z
ftmcdowell.nsopw.gov,Department of Justice,v3.12.0,true,false,495,64,2026-09-04T05:08:52.026Z,2026-09-04T22:06:46Z
training.rocis.gov,General Services Administration,,true,false,493,205,2026-09-04T08:05:06.576Z,2026-09-04T22:06:46Z
networx-billing-pricer.eos.gsa.gov,General Services Administration,v3.8.0,false,false,489,100,2026-09-02T22:37:59.504Z,2026-09-04T22:06:46Z
shoalwaterbay.nsopw.gov,Department of Justice,v3.12.0,true,false,488,112,2026-09-04T00:32:15.899Z,2026-09-04T22:06:46Z
contenthub.llnl.gov,Department of Energy,,true,false,485,472,2026-09-04T12:10:30.392Z,2026-09-04T22:06:46Z
cmec.llnl.gov,Department of Energy,v2.14.0,true,false,483,256,2026-09-04T04:35:35.954Z,2026-09-04T22:06:46Z
bioresilience.llnl.gov,Department of Energy,,true,false,479,361,2026-09-04T13:13:47.084Z,2026-09-04T22:06:46Z
yavapaiapache.nsopw.gov,Department of Justice,v3.12.0,true,false,473,53,2026-09-04T00:37:11.408Z,2026-09-04T22:06:46Z
arpa-h-careers.usajobs.gov,Office of Personnel Management,,false,false,472,322,2026-09-04T07:21:10.609Z,2026-09-04T22:06:46Z
ohkayowingeh.nsopw.gov,Department of Justice,v3.12.0,true,false,470,96,2026-09-02T22:37:59.504Z,2026-09-04T22:06:46Z
data.epa.gov,Environmental Protection Agency,,true,false,468,325,2026-09-04T13:58:25.770Z,2026-09-04T22:06:46Z
sanipueblo.nsopw.gov,Department of Justice,v3.12.0,true,false,467,71,2026-09-04T14:29:35.306Z,2026-09-04T22:06:46Z
frtibrecruitment.usajobs.gov,Office of Personnel Management,,false,false,465,242,2026-09-04T02:24:37.732Z,2026-09-04T22:06:46Z
modac.cancer.gov,Department of Health and Human Services,,true,false,462,208,2026-09-02T22:37:59.504Z,2026-09-04T22:06:46Z
example.hhsops.gov,Department of Health and Human Services,v3.3.0,true,false,461,339,2026-09-04T11:26:04.517Z,2026-09-04T22:06:46Z
conexus-cert.gsa.gov,General Services Administration,,true,false,460,325,2026-09-04T05:58:52.723Z,2026-09-04T22:06:46Z
leaf.llnl.gov,Department of Energy,,true,false,456,326,2026-09-04T14:06:43.319Z,2026-09-04T22:06:46Z
idp.pt.identitysandbox.gov,General Services Administration,,true,false,456,26,2026-09-04T08:16:54.582Z,2026-09-04T22:06:46Z
bep.usajobs.gov,Office of Personnel Management,,false,false,454,239,2026-09-04T04:46:30.054Z,2026-09-04T22:06:46Z
www.arm.gov,Department of Energy,,false,false,452,167,2026-09-04T03:31:25.983Z,2026-09-04T22:06:46Z
saulttribe.nsopw.gov,Department of Justice,v3.12.0,true,false,441,191,2026-09-04T00:32:59.869Z,2026-09-04T22:06:46Z
elyshoshonetribe.nsopw.gov,Department of Justice,v3.12.0,true,false,440,49,2026-09-04T04:07:18.656Z,2026-09-04T22:06:46Z
ai-toolkit.xd.gov,Department of Commerce,v3.8.2,true,false,430,327,2026-09-04T13:10:20.068Z,2026-09-04T22:06:46Z
wits3-public-pricer.eos.gsa.gov,General Services Administration,v3.8.0,false,false,428,136,2026-09-04T08:52:10.600Z,2026-09-04T22:06:46Z
gdo148.llnl.gov,Department of Energy,,true,false,427,84,2026-09-04T13:20:35.040Z,2026-09-04T22:06:46Z
fieldterminal.nesdis.noaa.gov,Department of Commerce,v3.13.0,true,false,421,384,2026-09-04T11:00:42.872Z,2026-09-04T22:06:46Z
westernfedlands.usajobs.gov,Office of Personnel Management,,false,false,421,208,2026-09-04T08:23:14.717Z,2026-09-04T22:06:46Z
fsr5fire.usajobs.gov,Office of Personnel Management,,false,false,420,176,2026-09-04T05:16:02.680Z,2026-09-04T22:06:46Z
www.nibib.nih.gov,Department of Health and Human Services,,true,false,419,234,2026-09-04T07:11:18.027Z,2026-09-04T22:06:46Z
sos26.ornl.gov,Department of Energy,,false,false,419,402,2026-09-04T07:03:45.322Z,2026-09-04T22:06:46Z
santodomingo.nsopw.gov,Department of Justice,v3.12.0,true,false,418,36,2026-09-04T09:30:45.546Z,2026-09-04T22:06:46Z
gulflink.health.mil,Department of Defense,,true,false,416,221,2026-09-04T05:36:33.147Z,2026-09-04T22:06:46Z
globaldossier-cloud-fqt.etc.uspto.gov,Department of Commerce,,false,false,407,113,2026-09-04T06:24:59.187Z,2026-09-04T22:06:46Z
qbpgraphbook.fdic.gov,Federal Deposit Insurance Corporation,,true,false,400,376,2026-09-04T03:14:35.127Z,2026-09-04T22:06:46Z
visualization.genelab.nasa.gov,National Aeronautics and Space Administration,,false,false,400,258,2026-09-04T14:34:30.767Z,2026-09-04T22:06:46Z
tadp.astrogeology.usgs.gov,Department of the Interior,v3.7.1,true,false,399,197,2026-09-04T11:41:31.995Z,2026-09-04T22:06:46Z
securecomms.ornl.gov,Department of Energy,v3.12.0,true,false,396,319,2026-09-04T02:25:40.615Z,2026-09-04T22:06:46Z
acf.ornl.gov,Department of Energy,,false,false,387,340,2026-09-02T22:37:59.504Z,2026-09-04T22:06:46Z
windriver.nsopw.gov,Department of Justice,v3.12.0,true,false,386,36,2026-09-04T11:43:40.182Z,2026-09-04T22:06:46Z
wicworks.fna.usda.gov,Department of Agriculture,,true,false,385,230,2026-09-04T07:47:14.437Z,2026-09-04T22:06:46Z
sgita.epa.gov,Environmental Protection Agency,,true,false,385,64,2026-09-04T14:17:39.731Z,2026-09-04T22:06:46Z
maps-beta.usgs.gov,Department of the Interior,,true,false,383,105,2026-09-04T14:36:26.981Z,2026-09-04T22:06:46Z
elwha.nsopw.gov,Department of Justice,v3.12.0,true,false,383,169,2026-09-02T22:37:59.504Z,2026-09-04T22:06:46Z
uspp.usajobs.gov,Office of Personnel Management,,false,false,378,191,2026-09-04T08:14:13.496Z,2026-09-04T22:06:46Z
vbasea.usajobs.gov,Office of Personnel Management,,false,false,378,360,2026-09-04T05:09:59.138Z,2026-09-04T22:06:46Z
odocs.osmre.gov,Department of the Interior,v3.10.0,true,false,367,219,2026-09-04T02:44:22.014Z,2026-09-04T22:06:46Z
doe417.energy.gov,Department of Energy,v3.12.0,true,false,365,254,2026-09-04T12:53:17.894Z,2026-09-04T22:06:46Z
forestservicetempfire.usajobs.gov,Office of Personnel Management,,false,false,365,150,2026-09-02T22:37:59.504Z,2026-09-04T22:06:46Z
hudoig.usajobs.gov,Office of Personnel Management,,false,false,352,161,2026-09-04T04:57:05.881Z,2026-09-04T22:06:46Z
www.dfc.gov,United States International Development Finance Corporation,,true,false,349,127,2026-09-04T06:12:44.769Z,2026-09-04T22:06:46Z
le_nps.usajobs.gov,Office of Personnel Management,,false,false,348,150,2026-09-04T07:41:10.467Z,2026-09-04T22:06:46Z
carrieruat.opm.gov,Office of Personnel Management,v3.3.0,true,false,344,191,2026-09-04T05:07:08.694Z,2026-09-04T22:06:46Z
tortoisedti.nichd.nih.gov,Department of Health and Human Services,v2.11.2,true,false,341,214,2026-09-04T12:05:45.979Z,2026-09-04T22:06:46Z
www.realpropertyprofile.gov,General Services Administration,v2.13.2,true,false,340,82,2026-09-04T00:53:55.078Z,2026-09-04T22:06:46Z
rotc.llnl.gov,Department of Energy,,true,false,336,243,2026-09-04T13:14:53.100Z,2026-09-04T22:06:46Z
beta.nicic.gov,Department of Justice,,true,false,336,76,2026-09-04T11:54:08.934Z,2026-09-04T22:06:46Z
treasury-occ.usajobs.gov,Office of Personnel Management,,false,false,336,262,2026-09-04T08:09:17.493Z,2026-09-04T22:06:46Z
llns-champ.llnl.gov,Department of Energy,,true,false,335,307,2026-09-04T12:22:18.523Z,2026-09-04T22:06:46Z
pivot.fema.gov,Department of Homeland Security,v1.6.9,false,false,327,219,2026-09-04T04:24:33.261Z,2026-09-04T22:06:46Z
veterinaryjobs.usajobs.gov,Office of Personnel Management,,false,false,325,223,2026-09-04T08:20:31.567Z,2026-09-04T22:06:46Z
pfabankfindui-d.app.cloud.gov,General Services Administration,,true,false,325,32,2026-09-04T05:53:29.223Z,2026-09-04T22:06:46Z
cdcphsofficers.usajobs.gov,Office of Personnel Management,,false,false,324,137,2026-09-04T04:46:29.750Z,2026-09-04T22:06:46Z
spi-data.bjs.ojp.gov,Department of Justice,v2.11.2,true,false,321,260,2026-09-04T14:38:33.887Z,2026-09-04T22:06:46Z
gdo-meta2db.llnl.gov,Department of Energy,,true,false,320,194,2026-09-04T12:14:48.945Z,2026-09-04T22:06:46Z
www.boem.gov,Department of the Interior,,true,false,319,165,2026-09-04T14:06:25.783Z,2026-09-04T22:06:46Z
study-volunteers.ornl.gov,Department of Energy,,false,false,319,290,2026-09-04T05:29:32.624Z,2026-09-04T22:06:46Z
gis.hhs.gov,Department of Health and Human Services,v3.10.0,true,false,314,269,2026-09-04T10:56:57.163Z,2026-09-04T22:06:46Z
planetary-sdi.astrogeology.usgs.gov,Department of the Interior,v3.1.0,true,false,314,179,2026-09-04T11:35:43.978Z,2026-09-04T22:06:46Z
nanoscience.llnl.gov,Department of Energy,,true,false,311,249,2026-09-04T05:42:50.153Z,2026-09-04T22:06:46Z
magpie.nlm.nih.gov,Department of Health and Human Services,,false,false,308,195,2026-09-04T10:09:49.111Z,2026-09-04T22:06:46Z
class.cancer.gov,Department of Health and Human Services,,false,false,305,259,2026-09-04T14:08:34.901Z,2026-09-04T22:06:46Z
gdo-wintap.llnl.gov,Department of Energy,,false,false,297,154,2026-09-04T05:11:00.935Z,2026-09-04T22:06:46Z
atsdr-origin.cdc.gov,Department of Health and Human Services,,true,false,296,227,2026-09-02T22:37:59.504Z,2026-09-04T22:06:46Z
prod-web-alb-tg.uspto.gov,Department of Commerce,v2.8.0,false,false,294,294,2026-09-04T12:04:54.824Z,2026-09-04T22:06:46Z
3dhrs.epa.gov,Environmental Protection Agency,v3.0.0,true,false,292,206,2026-09-04T14:22:29.887Z,2026-09-04T22:06:46Z
deajobs.usajobs.gov,Office of Personnel Management,,false,false,292,282,2026-09-02T22:37:59.504Z,2026-09-04T22:06:46Z
sroc.usajobs.gov,Office of Personnel Management,,false,false,287,237,2026-09-04T13:49:36.453Z,2026-09-04T22:06:46Z
household-survey-q.fdic.gov,Federal Deposit Insurance Corporation,,true,false,287,107,2026-09-02T22:37:59.504Z,2026-09-04T22:06:46Z
smeqa.usds.gov,Executive Office of the President,,true,false,286,199,2026-09-04T14:27:01.106Z,2026-09-04T22:06:46Z
sacandfoxnation.nsopw.gov,Department of Justice,v3.12.0,true,false,285,71,2026-09-04T00:41:06.112Z,2026-09-04T22:06:46Z
nif-dliuserguide.llnl.gov,Department of Energy,,true,false,284,187,2026-09-04T05:46:50.387Z,2026-09-04T22:06:46Z
urban.llnl.gov,Department of Energy,,true,false,284,163,2026-09-04T14:13:46.461Z,2026-09-04T22:06:46Z
cms-sesjobs.usajobs.gov,Office of Personnel Management,,false,false,283,137,2026-09-04T04:55:03.243Z,2026-09-04T22:06:46Z
conferencerooms.ornl.gov,Department of Energy,,false,false,282,209,2026-09-04T10:24:35.698Z,2026-09-04T22:06:46Z
carbon-economy.llnl.gov,Department of Energy,,true,false,280,243,2026-09-04T04:35:06.295Z,2026-09-04T22:06:46Z
cayuga.nsopw.gov,Department of Justice,v3.12.0,true,false,279,167,2026-09-02T22:37:59.504Z,2026-09-04T22:06:46Z
radnet.epa.gov,Environmental Protection Agency,,true,false,277,170,2026-09-04T14:14:02.169Z,2026-09-04T22:06:46Z
gis1.usgs.gov,Department of the Interior,v3.11.0,true,false,274,162,2026-09-02T22:37:59.504Z,2026-09-04T22:06:46Z
mecs.llnl.gov,Department of Energy,,true,false,273,267,2026-09-04T07:20:52.849Z,2026-09-04T22:06:46Z
minutes.frtib.gov,Federal Retirement Thrift Investment Board,v3.2.0,true,false,272,189,2026-09-04T09:22:15.017Z,2026-09-04T22:06:46Z
epases.usajobs.gov,Office of Personnel Management,,false,false,268,149,2026-09-04T07:24:27.143Z,2026-09-04T22:06:46Z
hmddirectory.nlm.nih.gov,Department of Health and Human Services,v3.0.1,true,false,268,215,2026-09-04T12:39:53.002Z,2026-09-04T22:06:46Z
www.permitting.gov,Federal Permitting Improvement Council,,true,false,267,96,2026-09-04T04:46:54.989Z,2026-09-04T22:06:46Z
www.trumanlibrary.gov,National Archives and Records Administration,,true,false,266,111,2026-09-04T13:30:24.415Z,2026-09-04T22:06:46Z
waterqualitydata.epa.gov,Environmental Protection Agency,,true,false,265,189,2026-09-04T07:34:30.405Z,2026-09-04T22:06:46Z
mara.llnl.gov,Department of Energy,,true,false,264,210,2026-09-04T05:32:06.743Z,2026-09-04T22:06:46Z
www.dol.gov,Department of Labor,,true,false,263,252,2026-09-04T13:00:10.705Z,2026-09-04T22:06:46Z
vbaoak.usajobs.gov,Office of Personnel Management,,false,false,263,145,2026-09-02T22:37:59.504Z,2026-09-04T22:06:46Z
internal-trademarkcenter-passive.uspto.gov,Department of Commerce,,false,false,263,142,2026-09-04T06:54:12.899Z,2026-09-04T22:06:46Z
reaction-dynamics.llnl.gov,Department of Energy,,true,false,258,225,2026-09-04T10:59:53.680Z,2026-09-04T22:06:46Z
usacestpaul.usajobs.gov,Office of Personnel Management,,false,false,257,100,2026-09-04T08:13:33.202Z,2026-09-04T22:06:46Z
bulk-cloud.usgs.gov,Department of the Interior,,true,false,254,120,2026-09-04T09:33:01.866Z,2026-09-04T22:06:46Z
www.fordlibrarymuseum.gov,National Archives and Records Administration,,true,false,253,96,2026-09-04T13:46:02.192Z,2026-09-04T22:06:46Z
ccp2025.ornl.gov,Department of Energy,,false,false,252,186,2026-09-04T02:01:37.690Z,2026-09-04T22:06:46Z
lvoc.llnl.gov,Department of Energy,,true,false,250,169,2026-09-04T05:32:38.944Z,2026-09-04T22:06:46Z
hcup-ts.ahrq.gov,Department of Health and Human Services,,true,false,249,210,2026-09-04T00:38:02.939Z,2026-09-04T22:06:46Z
powerapps.nhlbi.nih.gov,Department of Health and Human Services,v3.1.0,true,false,245,183,2026-09-02T22:37:59.504Z,2026-09-04T22:06:46Z
dfcstudentsandrecentgrads.usajobs.gov,Office of Personnel Management,,false,false,245,140,2026-09-04T14:47:02.697Z,2026-09-04T22:06:46Z
pkikc.fiscal.treasury.gov,Department of the Treasury,v3.13.0,true,false,239,32,2026-09-04T02:51:45.325Z,2026-09-04T22:06:46Z
gis-beta.usgs.gov,Department of the Interior,,true,false,235,127,2026-09-04T04:32:53.041Z,2026-09-04T22:06:46Z
gmd-prod.cmdl.noaa.gov,Department of Commerce,,true,false,235,214,2026-09-04T01:56:04.173Z,2026-09-04T22:06:46Z
devpki.treas.gov,Department of the Treasury,v3.13.0,true,false,235,61,2026-09-04T03:01:25.897Z,2026-09-04T22:06:46Z
blm-wy.usajobs.gov,Office of Personnel Management,,false,false,233,109,2026-09-04T13:43:29.713Z,2026-09-04T22:06:46Z
californiayrtc.usajobs.gov,Office of Personnel Management,,false,false,232,96,2026-09-04T04:44:20.042Z,2026-09-04T22:06:46Z
chldata.erdc.dren.mil,Department of Defense,v3.12.0,true,false,231,51,2026-09-04T02:39:23.163Z,2026-09-04T22:06:46Z
fsisstudentjobs.usajobs.gov,Office of Personnel Management,,false,false,230,142,2026-09-04T07:27:47.527Z,2026-09-04T22:06:46Z
pfabankfindui.app.cloud.gov,General Services Administration,v2.6.0,true,false,224,70,2026-09-04T04:23:38.596Z,2026-09-04T22:06:46Z
ace-accounts-sat.cbp.gov,Department of Homeland Security,,false,false,224,181,2026-09-02T22:37:59.504Z,2026-09-04T22:06:46Z
www.irs.gov,Department of the Treasury,,true,false,224,223,2026-09-04T11:08:07.341Z,2026-09-04T22:06:46Z
appshare.cancer.gov,Department of Health and Human Services,,false,false,223,155,2026-09-02T22:37:59.504Z,2026-09-04T22:06:46Z
glovis-cloud.usgs.gov,Department of the Interior,,true,false,221,145,2026-09-02T22:37:59.504Z,2026-09-04T22:06:46Z
armyacquisition.usajobs.gov,Office of Personnel Management,,false,false,221,133,2026-09-04T02:06:32.347Z,2026-09-04T22:06:46Z
gdo-cislunar.llnl.gov,Department of Energy,,true,false,220,124,2026-09-04T05:11:19.627Z,2026-09-04T22:06:46Z
meshb.wip.nlm.nih.gov,Department of Health and Human Services,,false,false,219,112,2026-09-04T01:48:26.533Z,2026-09-04T22:06:46Z
pki.dimc.dhs.gov,Department of Homeland Security,v3.13.0,true,false,216,46,2026-09-04T09:06:00.510Z,2026-09-04T22:06:46Z
seasonal-nps.usajobs.gov,Office of Personnel Management,,false,false,216,150,2026-09-02T22:37:59.504Z,2026-09-04T22:06:46Z
ncw.acf.gov,Department of Health and Human Services,,true,false,215,134,2026-09-04T03:20:16.113Z,2026-09-04T22:06:46Z
gdo-lc.llnl.gov,Department of Energy,,true,false,214,65,2026-09-04T12:20:16.321Z,2026-09-04T22:06:46Z
uatpstrainingtracker.fns.usda.gov,Department of Agriculture,,true,false,214,43,2026-09-04T14:50:45.418Z,2026-09-04T22:06:46Z
cfpb.usajobs.gov,Office of Personnel Management,,false,false,212,157,2026-09-04T07:18:23.888Z,2026-09-04T22:06:46Z
coastalcondition.epa.gov,Environmental Protection Agency,,true,false,211,94,2026-09-04T11:41:36.056Z,2026-09-04T22:06:46Z
foodsafetycareers.usajobs.gov,Office of Personnel Management,,false,false,211,133,2026-09-04T04:54:00.215Z,2026-09-04T22:06:46Z
dctd-prod-acsf.cancer.gov,Department of Health and Human Services,,true,false,210,133,2026-09-02T22:37:59.504Z,2026-09-04T22:06:46Z
www.niaaa.nih.gov,Department of Health and Human Services,,true,false,210,62,2026-09-04T10:01:30.043Z,2026-09-04T22:06:46Z
grantee2.teams.simpler.grants.gov,Department of Health and Human Services,,true,false,208,49,2026-09-04T15:01:55.050Z,2026-09-04T22:06:46Z
usda-veterans.usajobs.gov,Office of Personnel Management,,false,false,206,105,2026-09-04T10:01:57.927Z,2026-09-04T22:06:46Z
accountcreation.cftc.gov,Commodity Futures Trading Commission,,false,true,204,91,2026-09-04T05:14:54.944Z,2026-09-04T22:06:46Z
cobra.app.cloud.gov,General Services Administration,2.10.0,true,false,201,55,2026-09-04T09:48:10.868Z,2026-09-04T22:06:46Z
gdo-datasci.llnl.gov,Department of Energy,,true,false,200,49,2026-09-04T06:42:59.839Z,2026-09-04T22:06:46Z
retreat.nichd.nih.gov,Department of Health and Human Services,v1.4.5,true,false,200,156,2026-09-04T05:54:59.156Z,2026-09-04T22:06:46Z
wlf-nps.usajobs.gov,Office of Personnel Management,,false,false,199,154,2026-09-02T22:37:59.504Z,2026-09-04T22:06:46Z
peacecorpsjobs.usajobs.gov,Office of Personnel Management,,false,false,199,124,2026-09-04T06:48:52.614Z,2026-09-04T22:06:46Z
usao-dnm.usajobs.gov,Office of Personnel Management,,false,false,199,145,2026-09-04T13:51:14.421Z,2026-09-04T22:06:46Z
ebms.nci.nih.gov,Department of Health and Human Services,,true,false,197,194,2026-09-04T09:46:28.100Z,2026-09-04T22:06:46Z
sbir-prod-acsf.cancer.gov,Department of Health and Human Services,,true,false,197,122,2026-09-02T22:37:59.504Z,2026-09-04T22:06:46Z
isfnt-16.ornl.gov,Department of Energy,,false,false,193,101,2026-09-02T22:37:59.504Z,2026-09-04T22:06:46Z
clinicaltrialsapi-prod.cancer.gov,Department of Health and Human Services,v2.10.0,true,false,192,163,2026-09-04T06:38:08.012Z,2026-09-04T22:06:46Z
nationalcancerplan-prod-acsf.cancer.gov,Department of Health and Human Services,,true,false,191,98,2026-09-04T03:57:12.101Z,2026-09-04T22:06:46Z
gdo168.llnl.gov,Department of Energy,,false,false,188,77,2026-09-04T12:11:00.210Z,2026-09-04T22:06:46Z
comments2.cftc.gov,Commodity Futures Trading Commission,,false,true,187,124,2026-09-04T01:26:39.138Z,2026-09-04T22:06:46Z
techtransfer-prod-acsf.cancer.gov,Department of Health and Human Services,,true,false,186,102,2026-09-04T10:36:25.636Z,2026-09-04T22:06:46Z
lehd-node1.did.census.gov,Department of Commerce,2.13.3,true,false,185,75,2026-09-04T05:11:41.594Z,2026-09-04T22:06:46Z
pv.usajobs.gov,Office of Personnel Management,,false,false,184,139,2026-09-04T04:31:10.468Z,2026-09-04T22:06:46Z
biosecurity.llnl.gov,Department of Energy,,true,false,184,164,2026-09-04T12:08:42.057Z,2026-09-04T22:06:46Z
gdo-sphenix.llnl.gov,Department of Energy,,true,false,184,32,2026-09-04T05:52:46.203Z,2026-09-04T22:06:46Z
raft-model.pnnl.gov,Department of Energy,v3.13.0,true,false,184,151,2026-09-02T22:37:59.504Z,2026-09-04T22:06:46Z
ins.llnl.gov,Department of Energy,,true,false,183,128,2026-09-04T07:16:38.543Z,2026-09-04T22:06:46Z
whs.usajobs.gov,Office of Personnel Management,,false,false,183,70,2026-09-04T09:01:04.459Z,2026-09-04T22:06:46Z
shoshonepaiute.nsopw.gov,Department of Justice,v3.12.0,true,false,182,42,2026-09-04T00:37:53.105Z,2026-09-04T22:06:46Z
dhs-hq.usajobs.gov,Office of Personnel Management,,false,false,181,119,2026-09-04T07:20:08.914Z,2026-09-04T22:06:46Z
usnicweb2.espc.nesdis.noaa.gov,Department of Commerce,,true,false,179,174,2026-09-04T14:34:57.715Z,2026-09-04T22:06:46Z
household-survey-s.fdic.gov,Federal Deposit Insurance Corporation,,true,false,178,47,2026-09-04T10:17:19.710Z,2026-09-04T22:06:46Z
transmission-library.pnnl.gov,Department of Energy,,true,false,178,99,2026-09-04T07:46:41.150Z,2026-09-04T22:06:46Z
devpki.dimc.dhs.gov,Department of Homeland Security,v3.13.0,true,false,178,12,2026-09-04T08:50:33.418Z,2026-09-04T22:06:46Z
forms.niddk.nih.gov,Department of Health and Human Services,v3.8.0,true,false,176,49,2026-09-04T13:46:07.164Z,2026-09-04T22:06:46Z
akchin.nsopw.gov,Department of Justice,v3.12.0,true,false,174,24,2026-09-04T05:00:51.559Z,2026-09-04T22:06:46Z
dceg-prod-acsf.cancer.gov,Department of Health and Human Services,,true,false,174,96,2026-09-04T07:40:20.681Z,2026-09-04T22:06:46Z
gutenpress.ornl.gov,Department of Energy,,false,false,170,164,2026-09-04T06:46:26.888Z,2026-09-04T22:06:46Z
jobs-origin.cdc.gov,Department of Health and Human Services,,false,false,170,136,2026-09-04T12:11:49.037Z,2026-09-04T22:06:46Z
wampanoag.nsopw.gov,Department of Justice,v3.12.0,true,false,169,51,2026-09-04T00:46:35.753Z,2026-09-04T22:06:46Z
geodata-prod.nal.usda.gov,Department of Agriculture,,true,false,169,90,2026-09-04T10:09:12.621Z,2026-09-04T22:06:46Z
gdo-hdp.llnl.gov,Department of Energy,,true,false,169,31,2026-09-04T05:08:33.149Z,2026-09-04T22:06:46Z
gdo-dance.llnl.gov,Department of Energy,,true,false,168,57,2026-09-04T12:16:45.997Z,2026-09-04T22:06:46Z
gdo156.llnl.gov,Department of Energy,,true,false,167,31,2026-09-04T12:13:17.406Z,2026-09-04T22:06:46Z
docline-us-east-1.awsprod.nlm.nih.gov,Department of Health and Human Services,,false,false,167,153,2026-09-04T05:26:05.671Z,2026-09-04T22:06:46Z
gdo160.llnl.gov,Department of Energy,,true,false,166,30,2026-09-04T12:17:40.786Z,2026-09-04T22:06:46Z
usda-rd.usajobs.gov,Office of Personnel Management,,false,false,163,80,2026-09-04T07:52:49.947Z,2026-09-04T22:06:46Z
nccherokee.nsopw.gov,Department of Justice,v3.12.0,true,false,162,43,2026-09-04T05:17:44.211Z,2026-09-04T22:06:46Z
nswcpd.usajobs.gov,Office of Personnel Management,,false,false,162,101,2026-09-04T07:07:37.300Z,2026-09-04T22:06:46Z
gdo-microlensing.llnl.gov,Department of Energy,,true,false,162,56,2026-09-04T12:16:58.122Z,2026-09-04T22:06:46Z
gdo172.llnl.gov,Department of Energy,,true,false,159,40,2026-09-04T06:04:44.190Z,2026-09-04T22:06:46Z
opmoig.usajobs.gov,Office of Personnel Management,,false,false,158,75,2026-09-04T07:50:55.559Z,2026-09-04T22:06:46Z
stem.health.mil,Department of Defense,,true,false,157,96,2026-09-04T05:21:20.579Z,2026-09-04T22:06:46Z
populationsciences.datacommons.cancer.gov,Department of Health and Human Services,,false,false,155,140,2026-09-04T07:51:28.347Z,2026-09-04T22:06:46Z
prescancerpanel-prod-acsf.cancer.gov,Department of Health and Human Services,,true,false,155,84,2026-09-02T22:37:59.504Z,2026-09-04T22:06:46Z
fhfa.usajobs.gov,Office of Personnel Management,,false,false,155,72,2026-09-04T07:32:55.589Z,2026-09-04T22:06:46Z
satepsanone.nesdis.noaa.gov,Department of Commerce,v3.10.0,true,false,150,114,2026-09-04T09:00:44.378Z,2026-09-04T22:06:46Z
timp-ccid-mig.fda.gov,Department of Health and Human Services,v3.8.0,true,false,148,84,2026-09-04T05:18:58.324Z,2026-09-04T22:06:46Z
lhncbc-portal.lhcaws-prod-pub.nlm.nih.gov,Department of Health and Human Services,,true,false,148,117,2026-09-04T03:02:21.663Z,2026-09-04T22:06:46Z
mass.llnl.gov,Department of Energy,,true,false,147,116,2026-09-04T05:36:04.617Z,2026-09-04T22:06:46Z
ace-accounts-d6.cbp.gov,Department of Homeland Security,,false,false,147,126,2026-09-04T02:42:38.227Z,2026-09-04T22:06:46Z
grantee1.teams.simpler.grants.gov,Department of Health and Human Services,,true,false,147,43,2026-09-04T09:20:29.369Z,2026-09-04T22:06:46Z
puyalluptribe.nsopw.gov,Department of Justice,v3.12.0,true,false,145,33,2026-09-04T13:57:38.914Z,2026-09-04T22:06:46Z
gdo163.llnl.gov,Department of Energy,,true,false,145,48,2026-09-04T05:12:45.900Z,2026-09-04T22:06:46Z
register.state.gov,Department of State,v3.7.1,true,false,144,151,2026-09-04T02:46:31.734Z,2026-09-04T22:06:46Z
software.llnl.gov,Department of Energy,,true,false,143,81,2026-09-04T06:57:28.944Z,2026-09-04T22:06:46Z
gdo170.llnl.gov,Department of Energy,,true,false,142,43,2026-09-04T05:15:34.915Z,2026-09-04T22:06:46Z
anlnscience.llnl.gov,Department of Energy,,true,false,142,120,2026-09-02T22:37:59.504Z,2026-09-04T22:06:46Z
wf.nicic.gov,Department of Justice,,true,false,141,45,2026-09-04T04:04:25.806Z,2026-09-04T22:06:46Z
ops-impl.cms.gov,Department of Health and Human Services,v3.7.1,true,false,136,48,2026-09-04T02:54:29.879Z,2026-09-04T22:06:46Z
cotuit.er.usgs.gov,Department of the Interior,,true,false,134,111,2026-09-04T11:29:42.939Z,2026-09-04T22:06:46Z
ferretr.pmel.noaa.gov,Department of Commerce,v3.8.2,true,false,134,107,2026-09-04T06:47:03.335Z,2026-09-04T22:06:46Z
isomir.ccr.cancer.gov,Department of Health and Human Services,v1.6.9,true,false,134,105,2026-09-02T22:37:59.504Z,2026-09-04T22:06:46Z
gdo167.llnl.gov,Department of Energy,,true,false,133,43,2026-09-04T07:17:36.051Z,2026-09-04T22:06:46Z
gdo164.llnl.gov,Department of Energy,,true,false,133,41,2026-09-04T05:09:52.315Z,2026-09-04T22:06:46Z
gdo-nfsdm.llnl.gov,Department of Energy,,true,false,130,39,2026-09-04T12:19:11.437Z,2026-09-04T22:06:46Z
wis.erdc.dren.mil,Department of Defense,v3.12.0,true,false,127,116,2026-09-04T12:40:31.177Z,2026-09-04T22:06:46Z
mbpi.nsopw.gov,Department of Justice,v3.12.0,true,false,127,25,2026-09-04T07:15:44.459Z,2026-09-04T22:06:46Z
gdo169.llnl.gov,Department of Energy,,true,false,126,28,2026-09-04T07:15:30.442Z,2026-09-04T22:06:46Z
ely.nsopw.gov,Department of Justice,v3.12.0,true,false,126,24,2026-09-04T04:54:22.640Z,2026-09-04T22:06:46Z
gdo-ai-agent-challenge.llnl.gov,Department of Energy,,true,false,125,35,2026-09-04T10:40:36.637Z,2026-09-04T22:06:46Z
id.nicic.gov,Department of Justice,v3.12.0,true,false,124,32,2026-09-04T09:10:52.567Z,2026-09-04T22:06:46Z
gdo165.llnl.gov,Department of Energy,,true,false,122,24,2026-09-04T05:13:29.651Z,2026-09-04T22:06:46Z
rse.llnl.gov,Department of Energy,,true,false,122,93,2026-09-04T05:56:28.997Z,2026-09-04T22:06:46Z
kb.nicic.gov,Department of Justice,,true,false,121,29,2026-09-04T06:06:32.070Z,2026-09-04T22:06:46Z
train2.reginfo.gov,General Services Administration,,true,false,119,25,2026-09-04T06:47:51.791Z,2026-09-04T22:06:46Z
mywaterway-prod.app.cloud.gov,General Services Administration,,true,false,115,2,2026-09-04T12:47:11.659Z,2026-09-04T22:06:46Z
beta-ut.clinicaltrials.gov,Department of Health and Human Services,,true,false,115,108,2026-09-04T10:56:12.584Z,2026-09-04T22:06:46Z
search.nicic.gov,Department of Justice,,true,false,114,24,2026-09-04T04:22:23.735Z,2026-09-04T22:06:46Z
state-tables-d.fdic.gov,Federal Deposit Insurance Corporation,v2.6.0,true,false,113,79,2026-09-04T05:20:48.180Z,2026-09-04T22:06:46Z
waterservices.gen-r53.usgs.gov,Department of the Interior,,true,false,111,74,2026-09-04T05:24:46.442Z,2026-09-04T22:06:46Z
waterservices.resolve.usgs.gov,Department of the Interior,,true,false,111,71,2026-09-04T05:25:55.335Z,2026-09-04T22:06:46Z
state-tables-q.fdic.gov,Federal Deposit Insurance Corporation,v2.6.0,true,false,111,75,2026-09-04T03:09:08.952Z,2026-09-04T22:06:46Z
www.hirevets.gov,Department of Labor,,true,false,110,31,2026-09-04T11:19:37.014Z,2026-09-04T22:06:46Z
snpfisher.nichd.nih.gov,Department of Health and Human Services,,true,false,110,64,2026-09-04T05:08:54.820Z,2026-09-04T22:06:46Z
ace-accounts-d3.cbp.gov,Department of Homeland Security,,false,false,109,88,2026-09-04T12:45:45.342Z,2026-09-04T22:06:46Z
aeronauticsprojects.arc.nasa.gov,National Aeronautics and Space Administration,,false,false,108,55,2026-09-04T07:33:23.633Z,2026-09-04T22:06:46Z
cmvista.pnnl.gov,Department of Energy,,false,true,107,43,2026-09-02T22:37:59.504Z,2026-09-04T22:06:46Z
gdo-maltte.llnl.gov,Department of Energy,,true,false,105,14,2026-09-04T07:21:11.719Z,2026-09-04T22:06:46Z
fsapps.nwcg.gov,Department of Agriculture,,false,false,102,48,2026-09-04T01:00:08.336Z,2026-09-04T22:06:46Z
prevention.usajobs.gov,Office of Personnel Management,,false,false,102,61,2026-09-04T07:43:40.883Z,2026-09-04T22:06:46Z
dowea-htf.usajobs.gov,Office of Personnel Management,,false,false,102,80,2026-09-04T05:19:18.415Z,2026-09-04T22:06:46Z
wicbreastfeeding.fna.usda.gov,Department of Agriculture,,true,false,99,48,2026-09-04T05:28:47.669Z,2026-09-04T22:06:46Z
campd.epa.gov,Environmental Protection Agency,v3.13.0,true,false,98,92,2026-09-04T11:38:41.880Z,2026-09-04T22:06:46Z
argosua.noaa.gov,Department of Commerce,v2.12.0,true,false,98,78,2026-09-04T06:47:40.917Z,2026-09-04T22:06:46Z
goesdcs.noaa.gov,Department of Commerce,v2.12.0,true,false,96,76,2026-09-04T02:02:54.682Z,2026-09-04T22:06:46Z
gulflink.fhpr.osd.mil,Department of Defense,,true,false,96,43,2026-09-04T13:02:22.049Z,2026-09-04T22:06:46Z
dsscareers.usajobs.gov,Office of Personnel Management,,false,false,95,74,2026-09-02T22:37:59.504Z,2026-09-04T22:06:46Z
www.cpsc.gov,Consumer Product Safety Commission,v3.4.1,true,false,94,33,2026-09-04T11:23:10.657Z,2026-09-04T22:06:46Z
edie-q.fdic.gov,Federal Deposit Insurance Corporation,v2.6.0,true,false,93,42,2026-09-04T09:30:38.309Z,2026-09-04T22:06:46Z
ai.cms.gov,Department of Health and Human Services,v3.2.0,true,false,89,46,2026-09-04T14:05:46.518Z,2026-09-04T22:06:46Z
iaf.usajobs.gov,Office of Personnel Management,,false,false,88,73,2026-09-04T04:58:41.258Z,2026-09-04T22:06:46Z
eparegion8.usajobs.gov,Office of Personnel Management,,false,false,88,48,2026-09-04T04:55:04.715Z,2026-09-04T22:06:46Z
plasmasphere.nasa.gov,National Aeronautics and Space Administration,v3.3.0,true,false,88,88,2026-09-02T22:37:59.504Z,2026-09-04T22:06:46Z
www.oig.usda.gov,Council of the Inspectors General on Integrity and Efficiency,,true,false,86,43,2026-09-04T10:32:08.032Z,2026-09-04T22:06:46Z
lhc-maintenance.nlm.nih.gov,Department of Health and Human Services,,true,false,83,54,2026-09-04T01:42:29.018Z,2026-09-04T22:06:46Z
old-pcmdi.llnl.gov,Department of Energy,v2.14.0,true,false,83,83,2026-09-04T05:40:17.115Z,2026-09-04T22:06:46Z
learn.wip.nlm.nih.gov,Department of Health and Human Services,,false,false,82,62,2026-09-04T08:35:28.592Z,2026-09-04T22:06:46Z
financeearlycareer.usajobs.gov,Office of Personnel Management,,false,false,81,42,2026-09-04T07:24:30.563Z,2026-09-04T22:06:46Z
www.boulder.noaa.gov,Department of Commerce,v3.3.0,true,false,81,28,2026-09-02T22:37:59.504Z,2026-09-04T22:06:46Z
egptraining.wildfire.gov,Department of Agriculture,v2.0.3,true,false,79,24,2026-09-04T06:46:26.029Z,2026-09-04T22:06:46Z
ustp.usajobs.gov,Office of Personnel Management,,false,false,79,57,2026-09-04T08:24:18.129Z,2026-09-04T22:06:46Z
nicbr.health.mil,Department of Defense,,true,false,79,52,2026-09-04T07:50:00.575Z,2026-09-04T22:06:46Z
ml4i.llnl.gov,Department of Energy,,true,false,78,61,2026-09-02T22:37:59.504Z,2026-09-04T22:06:46Z
train2.rocis.gov,General Services Administration,,true,false,75,50,2026-09-04T12:38:21.836Z,2026-09-04T22:06:46Z
indexcat.wip.nlm.nih.gov,Department of Health and Human Services,,false,false,75,57,2026-09-04T01:46:59.440Z,2026-09-04T22:06:46Z
iaea.llnl.gov,Department of Energy,,true,false,72,30,2026-09-04T07:20:39.996Z,2026-09-04T22:06:46Z
irpseminar.wip.nlm.nih.gov,Department of Health and Human Services,v3.0.1,true,false,71,53,2026-09-02T22:37:59.504Z,2026-09-04T22:06:46Z
fac-preview.app.cloud.gov,General Services Administration,,true,false,68,15,2026-09-04T05:42:48.562Z,2026-09-04T22:06:46Z
www.ovcttac.gov,Department of Justice,,true,false,65,64,2026-09-02T22:37:59.504Z,2026-09-04T22:06:46Z
femareservist.usajobs.gov,Office of Personnel Management,,false,false,63,28,2026-09-04T13:48:01.269Z,2026-09-04T22:06:46Z
obocareers.usajobs.gov,Office of Personnel Management,,false,false,63,33,2026-09-04T03:04:47.121Z,2026-09-04T22:06:46Z
sat2.reginfo.gov,General Services Administration,,true,false,62,37,2026-09-04T00:47:14.256Z,2026-09-04T22:06:46Z
dodea-ed-aides.usajobs.gov,Office of Personnel Management,,false,false,60,27,2026-09-04T12:44:10.116Z,2026-09-04T22:06:46Z
www.fda.gov,Department of Health and Human Services,,true,false,58,61,2026-09-04T03:18:59.380Z,2026-09-04T22:06:46Z
disc-beta.gsfc.nasa.gov,National Aeronautics and Space Administration,,false,false,58,39,2026-09-04T07:35:12.021Z,2026-09-04T22:06:46Z
steel.trade.gov,Department of Commerce,,true,false,57,24,2026-09-04T08:07:07.590Z,2026-09-04T22:06:46Z
nepa.gov,Department of Energy,v3.13.0,true,false,56,53,2026-09-04T11:01:36.730Z,2026-09-04T22:06:46Z
search.ahrq.gov,Department of Health and Human Services,,true,false,55,29,2026-09-04T00:39:49.356Z,2026-09-04T22:06:46Z
www.uspto.gov,Department of Commerce,v2.8.0,false,false,54,56,2026-09-04T15:02:10.050Z,2026-09-04T22:06:46Z
www.rcfl.gov,Department of Justice,,true,false,52,23,2026-09-04T03:53:12.566Z,2026-09-04T22:06:46Z
fr-usa-accord.llnl.gov,Department of Energy,,true,false,51,31,2026-09-04T12:10:26.760Z,2026-09-04T22:06:46Z
bisulfite.nichd.nih.gov,Department of Health and Human Services,,true,false,47,47,2026-09-04T05:51:00.389Z,2026-09-04T22:06:46Z
cra-q.fdic.gov,Federal Deposit Insurance Corporation,,true,false,47,8,2026-09-04T03:00:05.269Z,2026-09-04T22:06:46Z
www.fairs.reporting.gov,General Services Administration,v2.13.2,true,false,44,2,2026-09-04T12:52:32.680Z,2026-09-04T22:06:46Z
www.niaid.nih.gov,Department of Health and Human Services,,false,false,44,5,2026-09-04T13:49:25.090Z,2026-09-04T22:06:46Z
usda-disability-hiring.usajobs.gov,Office of Personnel Management,,false,false,44,23,2026-09-04T08:14:39.663Z,2026-09-04T22:06:46Z
www.bsee.gov,Department of the Interior,,true,false,34,13,2026-09-04T11:26:33.536Z,2026-09-04T22:06:46Z
www.ibwc.gov,Department of State,v3.4.1,true,false,32,12,2026-09-04T09:54:33.319Z,2026-09-04T22:06:46Z
cybersecurity.llnl.gov,Department of Energy,,true,false,31,32,2026-09-04T12:12:45.052Z,2026-09-04T22:06:46Z
www.wapa.gov,Department of Energy,,true,false,29,10,2026-09-02T22:37:59.504Z,2026-09-04T22:06:46Z
usda-military-spouses.usajobs.gov,Office of Personnel Management,,false,false,29,22,2026-09-04T13:53:42.207Z,2026-09-04T22:06:46Z
www.atsdr.cdc.gov,Department of Health and Human Services,,true,false,28,21,2026-09-04T09:26:11.988Z,2026-09-04T22:06:46Z
chemview.epa.gov,Environmental Protection Agency,,true,false,27,83,2026-09-04T13:59:33.923Z,2026-09-04T22:06:46Z
www.nrc.gov,Nuclear Regulatory Commission,,true,false,26,26,2026-09-04T13:27:54.001Z,2026-09-04T22:06:46Z
2017-2021.state.gov,Department of State,,false,false,25,25,2026-09-04T09:26:49.561Z,2026-09-04T22:06:46Z
dfcveteransandmilitaryspouses.usajobs.gov,Office of Personnel Management,,false,false,24,15,2026-09-04T04:44:33.984Z,2026-09-04T22:06:46Z
repository.library.noaa.gov,Department of Commerce,,false,false,22,22,2026-09-04T02:28:12.809Z,2026-09-04T22:06:46Z
techearlycareer.usajobs.gov,Office of Personnel Management,,false,false,19,12,2026-09-04T07:57:21.920Z,2026-09-04T22:06:46Z
healthit.gov,Department of Health and Human Services,,true,false,19,20,2026-09-04T11:57:20.848Z,2026-09-04T22:06:46Z
www.noaa.gov,Department of Commerce,,true,false,18,17,2026-09-04T14:22:51.319Z,2026-09-04T22:06:46Z
ai.fmcsa.dot.gov,Department of Transportation,,true,false,17,17,2026-09-02T22:37:59.504Z,2026-09-04T22:06:46Z
developer.va.gov,Department of Veterans Affairs,,true,false,17,17,2026-09-04T10:06:04.313Z,2026-09-04T22:06:46Z
www.nsa.gov,Department of Defense,,false,false,15,12,2026-09-02T22:37:59.504Z,2026-09-04T22:06:46Z
www.georgewbushlibrary.gov,National Archives and Records Administration,v3.4.1,true,false,13,5,2026-09-04T11:54:21.992Z,2026-09-04T22:06:46Z
atec.usajobs.gov,Office of Personnel Management,,false,false,13,5,2026-09-04T04:55:01.706Z,2026-09-04T22:06:46Z
exim.gov,Export-Import Bank of the United States,,true,false,12,12,2026-09-04T14:56:31.999Z,2026-09-04T22:06:46Z
treasuryhq.usajobs.gov,Office of Personnel Management,,false,false,12,8,2026-09-02T22:37:59.504Z,2026-09-04T22:06:46Z
www.gsa.gov,General Services Administration,,true,false,12,14,2026-09-04T13:13:03.493Z,2026-09-04T22:06:46Z
rtips.cancer.gov,Department of Health and Human Services,,true,false,12,12,2026-09-02T22:37:59.504Z,2026-09-04T22:06:46Z
nvd.nist.gov,Department of Commerce,,true,false,12,12,2026-09-04T11:07:21.917Z,2026-09-04T22:06:46Z
www.cisa.gov,Department of Homeland Security,,true,false,11,11,2026-09-04T14:15:32.859Z,2026-09-04T22:06:46Z
fac-prod.app.cloud.gov,General Services Administration,,true,false,11,5,2026-09-04T05:35:04.039Z,2026-09-04T22:06:46Z
www.fmc.gov,Federal Maritime Commission,v3.7.1,true,false,11,7,2026-09-04T05:42:31.000Z,2026-09-04T22:06:46Z
reclamationpathways.usajobs.gov,Office of Personnel Management,,false,false,10,7,2026-09-04T10:31:18.444Z,2026-09-04T22:06:46Z
catalog.data.gov,General Services Administration,v3.14.0,true,false,10,15,2026-09-04T02:25:12.351Z,2026-09-04T22:06:46Z
genealogy.uscis.dhs.gov,Department of Homeland Security,v3.13.0,true,false,10,15,2026-09-04T08:46:23.095Z,2026-09-04T22:06:46Z
www.fincen.gov,Department of the Treasury,,true,false,10,11,2026-09-04T04:20:42.765Z,2026-09-04T22:06:46Z
www.ars.usda.gov,Department of Agriculture,,true,false,8,6,2026-09-04T14:11:18.976Z,2026-09-04T22:06:46Z
cdc-ncipc.usajobs.gov,Office of Personnel Management,,false,false,8,7,2026-09-04T13:40:54.617Z,2026-09-04T22:06:46Z
www.nimh.nih.gov,Department of Health and Human Services,,true,false,7,8,2026-09-04T10:19:01.428Z,2026-09-04T22:06:46Z
workatferc.usajobs.gov,Office of Personnel Management,,false,false,7,6,2026-09-04T08:15:32.188Z,2026-09-04T22:06:46Z
www.usembassy.gov,Department of State,,true,false,6,5,2026-09-04T03:56:31.831Z,2026-09-04T22:06:46Z
downloads.psl.noaa.gov,Department of Commerce,v3.8.0,true,false,6,4,2026-09-04T13:28:47.969Z,2026-09-04T22:06:46Z
www.vcf.gov,Department of Justice,,true,false,6,3,2026-09-04T06:56:24.999Z,2026-09-04T22:06:46Z
www.ready.gov,Department of Homeland Security,,true,false,6,6,2026-09-04T14:09:16.444Z,2026-09-04T22:06:46Z
stacks.cdc.gov,Department of Health and Human Services,,false,false,6,5,2026-09-04T01:07:55.269Z,2026-09-04T22:06:46Z
ntis.gov,Department of Commerce,,false,false,5,5,2026-09-04T00:55:42.755Z,2026-09-04T22:06:46Z
www.fs.usda.gov,Department of Agriculture,,true,false,5,7,2026-09-04T08:01:43.607Z,2026-09-04T22:06:46Z
www.ntia.gov,Department of Commerce,,true,false,5,4,2026-09-04T10:27:15.332Z,2026-09-04T22:06:46Z
touchpoints.app.cloud.gov,General Services Administration,v3.12.0,true,false,4,5,2026-09-04T05:56:45.003Z,2026-09-04T22:06:46Z
www.helpwithmybank.gov,Department of the Treasury,,true,false,4,4,2026-09-04T13:40:03.481Z,2026-09-04T22:06:46Z
www.bep.gov,Department of the Treasury,,true,false,4,3,2026-09-04T14:43:27.361Z,2026-09-04T22:06:46Z
pages.cloud.gov,General Services Administration,,true,false,4,3,2026-09-04T07:44:54.195Z,2026-09-04T22:06:46Z
www.benefits.va.gov,Department of Veterans Affairs,,true,false,4,4,2026-09-04T08:43:29.357Z,2026-09-04T22:06:46Z
www.doi.gov,Department of the Interior,,true,false,4,4,2026-09-04T11:53:36.684Z,2026-09-04T22:06:46Z
www.ttb.gov,Department of the Treasury,,true,false,4,3,2026-09-02T22:37:59.504Z,2026-09-04T22:06:46Z
www.jimmycarterlibrary.gov,National Archives and Records Administration,,false,false,4,4,2026-09-04T07:17:51.571Z,2026-09-04T22:06:46Z
www.ic3.gov,Department of Justice,v3.8.2,true,false,4,4,2026-09-04T14:04:16.341Z,2026-09-04T22:06:46Z
www.fsa.usda.gov,Department of Agriculture,v3.13.0,true,false,4,2,2026-09-02T22:37:59.504Z,2026-09-04T22:06:46Z
www.cem.va.gov,Department of Veterans Affairs,,true,false,4,4,2026-09-04T08:48:44.135Z,2026-09-04T22:06:46Z
www.nrcs.usda.gov,Department of Agriculture,,true,false,4,3,2026-09-04T09:04:36.476Z,2026-09-04T22:06:46Z
www.nesdis.noaa.gov,Department of Commerce,,true,false,3,3,2026-09-04T14:14:56.576Z,2026-09-04T22:06:46Z
www.travel.reporting.gov,General Services Administration,v2.13.2,true,false,3,2,2026-09-04T08:01:32.154Z,2026-09-04T22:06:46Z
basc.pnnl.gov,Department of Energy,v3.9.0,true,false,3,3,2026-09-04T14:44:09.876Z,2026-09-04T22:06:46Z
login.usajobs.gov,Office of Personnel Management,,false,false,3,3,2026-09-04T04:59:22.611Z,2026-09-04T22:06:46Z
medlineplus.awsqa.nlm.nih.gov,Department of Health and Human Services,,true,false,3,3,2026-09-04T10:01:56.855Z,2026-09-04T22:06:46Z
www.cdfifund.gov,Department of the Treasury,,true,false,2,2,2026-09-02T22:37:59.504Z,2026-09-04T22:06:46Z
www.niams.nih.gov,Department of Health and Human Services,,true,false,2,5,2026-09-02T22:37:59.504Z,2026-09-04T22:06:46Z
www.nixonlibrary.gov,National Archives and Records Administration,v3.4.1,true,false,2,2,2026-09-04T12:34:29.317Z,2026-09-04T22:06:46Z
usaccess-alp.gsa.gov,General Services Administration,v2.13.2,true,false,2,2,2026-09-04T08:53:23.076Z,2026-09-04T22:06:46Z
lookforwatersense-prod.app.cloud.gov,General Services Administration,,true,false,2,2,2026-09-04T05:47:16.276Z,2026-09-04T22:06:46Z
stemcells.nih.gov,Department of Health and Human Services,,false,false,2,2,2026-09-04T13:50:20.921Z,2026-09-04T22:06:46Z
nlrb.usajobs.gov,Office of Personnel Management,,false,false,2,1,2026-09-04T07:26:23.482Z,2026-09-04T22:06:46Z
www.ojp.gov,Department of Justice,.,true,false,2,2,2026-09-04T09:25:25.485Z,2026-09-04T22:06:46Z
nlrbinternalvacancies.usajobs.gov,Office of Personnel Management,,false,false,2,2,2026-09-04T07:08:33.024Z,2026-09-04T22:06:46Z
library.bldrdoc.gov,Department of Commerce,v2.13.0,true,false,1,1,2026-09-04T06:39:15.719Z,2026-09-04T22:06:46Z
accessgudid.nlm.nih.gov,Department of Health and Human Services,,true,false,1,1,2026-09-04T09:31:27.467Z,2026-09-04T22:06:46Z
plantpathology.ba.ars.usda.gov,Department of Agriculture,,true,false,0,0,2026-09-04T10:01:39.956Z,2026-09-04T22:06:46Z
login.ed.gov,Department of Education,v3.4.1,true,false,0,0,2026-09-04T12:40:43.047Z,2026-09-04T22:06:46Z
mynavylogin.navy.mil,Department of Defense,,false,false,0,0,2026-09-04T07:26:21.806Z,2026-09-04T22:06:46Z
crf.usno.navy.mil,Department of Defense,v2.11.2,true,false,0,0,2026-09-04T02:10:46.599Z,2026-09-04T22:06:46Z
aa.usno.navy.mil,Department of Defense,v2.12.0,true,false,0,0,2026-09-04T12:32:32.467Z,2026-09-04T22:06:46Z
sservi.nasa.gov,National Aeronautics and Space Administration,,false,false,0,0,2026-09-04T13:37:47.364Z,2026-09-04T22:06:46Z
sservi.arc.nasa.gov,National Aeronautics and Space Administration,,false,false,0,0,2026-09-04T06:03:29.123Z,2026-09-04T22:06:46Z
www.nbrc.gov,Northern Border Regional Commission,,true,false,0,0,2026-09-04T02:46:34.115Z,2026-09-04T22:06:46Z
pds.mcp.nasa.gov,National Aeronautics and Space Administration,,false,false,0,0,2026-09-04T05:41:33.006Z,2026-09-04T22:06:46Z
www.ncd.gov,National Council on Disability,,true,false,0,0,2026-09-04T02:49:38.098Z,2026-09-04T22:06:46Z
ncua.okta.com,National Credit Union Administration,,false,false,0,0,2026-09-04T09:07:00.891Z,2026-09-04T22:06:46Z
nlsi.arc.nasa.gov,National Aeronautics and Space Administration,,false,false,0,0,2026-09-04T01:06:00.654Z,2026-09-04T22:06:46Z
nightsky.jpl.nasa.gov,National Aeronautics and Space Administration,,true,false,0,0,2026-09-04T11:07:58.586Z,2026-09-04T22:06:46Z
lunarscience.nasa.gov,National Aeronautics and Space Administration,,false,false,0,0,2026-09-02T22:37:59.504Z,2026-09-04T22:06:46Z
lunarscience.arc.nasa.gov,National Aeronautics and Space Administration,,false,false,0,0,2026-09-04T11:42:17.506Z,2026-09-04T22:06:46Z
hesto.smce.nasa.gov,National Aeronautics and Space Administration,,false,false,0,0,2026-09-04T09:41:21.436Z,2026-09-04T22:06:46Z
ncua-preview.okta.com,National Credit Union Administration,,false,false,0,0,2026-09-04T09:04:55.037Z,2026-09-04T22:06:46Z
gcn.nasa.gov,National Aeronautics and Space Administration,,true,false,0,0,2026-09-04T14:06:22.176Z,2026-09-04T22:06:46Z
explorationscience.nasa.gov,National Aeronautics and Space Administration,,false,false,0,0,2026-09-04T13:47:18.293Z,2026-09-04T22:06:46Z
earth-info.nga.mil,Department of Defense,2.7.0,true,false,0,0,2026-09-02T22:37:59.504Z,2026-09-04T22:06:46Z
geonames.nga.mil,Department of Defense,v3.2.0,false,false,0,0,2026-09-04T09:10:07.548Z,2026-09-04T22:06:46Z
gwg.nga.mil,Department of Defense,v2.13.0,true,false,0,0,2026-09-04T09:28:26.218Z,2026-09-04T22:06:46Z
uas.nifc.gov,Department of the Interior,v2.13.0,true,false,0,0,2026-09-04T04:37:08.348Z,2026-09-04T22:06:46Z
www.nano.gov,Executive Office of the President,v2.8.1,true,false,0,0,2026-09-04T07:34:24.669Z,2026-09-04T22:06:46Z
accessclinicaldata.niaid.nih.gov,Department of Health and Human Services,,false,false,0,0,2026-09-04T11:20:00.721Z,2026-09-04T22:06:46Z
www.mspb.gov,Merit Systems Protection Board,v1.6.8,true,false,0,0,2026-09-04T07:38:26.965Z,2026-09-04T22:06:46Z
www.mgi.gov,Department of Commerce,,true,false,0,0,2026-09-04T04:32:36.401Z,2026-09-04T22:06:46Z
accessgudid.awsprod.nlm.nih.gov,Department of Health and Human Services,,true,false,0,0,2026-09-04T04:39:14.201Z,2026-09-04T22:06:46Z
bioart.niaid.nih.gov,Department of Health and Human Services,,false,false,0,0,2026-09-04T06:32:06.546Z,2026-09-04T22:06:46Z
www.medpac.gov,Medicare Payment Advisory Commission,,true,false,0,0,2026-09-04T10:24:44.473Z,2026-09-04T22:06:46Z
www.mcc.gov,Millennium Challenge Corporation,v3.5.0,true,false,0,0,2026-09-04T07:38:43.483Z,2026-09-04T22:06:46Z
www.cc.nih.gov,Department of Health and Human Services,,true,false,0,0,2026-09-04T07:44:05.881Z,2026-09-04T22:06:46Z
biolincc.nhlbi.nih.gov,Department of Health and Human Services,,false,false,0,0,2026-09-04T05:49:27.961Z,2026-09-04T22:06:46Z
hub.marinecadastre.gov,Department of Commerce,,false,false,0,0,2026-09-04T06:59:39.673Z,2026-09-04T22:06:46Z
www.macpac.gov,Medicaid and CHIP Payment and Access Commission,,true,false,0,0,2026-09-02T22:37:59.504Z,2026-09-04T22:06:46Z
www.ltcfeds.gov,Office of Personnel Management,,true,false,0,0,2026-09-04T06:38:26.135Z,2026-09-04T22:06:46Z
abo.ltcfeds.gov,Office of Personnel Management,,true,false,0,0,2026-09-04T06:31:00.497Z,2026-09-04T22:06:46Z
softwarelicensing.llnl.gov,Department of Energy,,false,true,0,0,2026-09-04T06:04:45.791Z,2026-09-04T22:06:46Z
bit.niddk.nih.gov,Department of Health and Human Services,,true,false,0,0,2026-09-04T05:42:30.091Z,2026-09-04T22:06:46Z
www.nei.nih.gov,Department of Health and Human Services,,true,true,0,0,2026-09-04T07:32:03.179Z,2026-09-04T22:06:46Z
clinicalsurvey.nichd.nih.gov,Department of Health and Human Services,,true,false,0,0,2026-09-04T14:56:13.226Z,2026-09-04T22:06:46Z
cmr.nci.nih.gov,Department of Health and Human Services,,true,false,0,0,2026-09-04T07:38:32.935Z,2026-09-04T22:06:46Z
www.ddshub.nih.gov,Department of Health and Human Services,,true,false,0,0,2026-09-04T05:37:13.620Z,2026-09-04T22:06:46Z
metdat-grn.llnl.gov,Department of Energy,v3.13.0,false,true,0,0,2026-09-04T05:40:15.966Z,2026-09-04T22:06:46Z
dirkozel.nhlbi.nih.gov,Department of Health and Human Services,,false,false,0,0,2026-09-04T10:19:58.848Z,2026-09-04T22:06:46Z
dir.nhlbi.nih.gov,Department of Health and Human Services,,false,false,0,0,2026-09-04T01:25:41.747Z,2026-09-04T22:06:46Z
dirweb.nhlbi.nih.gov,Department of Health and Human Services,,false,false,0,0,2026-09-04T12:25:29.138Z,2026-09-04T22:06:46Z
dsid.usda.nih.gov,Department of Health and Human Services,v3.8.1,true,false,0,0,2026-09-04T08:23:47.900Z,2026-09-04T22:06:46Z
dsld.od.nih.gov,Department of Health and Human Services,v2.10.0,true,false,0,0,2026-09-04T08:17:29.237Z,2026-09-04T22:06:46Z
hpc-tutorials.llnl.gov,Department of Energy,,true,false,0,0,2026-09-04T12:19:13.230Z,2026-09-04T22:06:46Z
login.nih.gov,Department of Health and Human Services,,true,false,0,0,2026-09-04T12:23:07.980Z,2026-09-04T22:06:46Z
neidatacommons.nei.nih.gov,Department of Health and Human Services,,true,false,0,0,2026-09-02T22:37:59.504Z,2026-09-04T22:06:46Z
finder.training.nih.gov,Department of Health and Human Services,,true,false,0,0,2026-09-04T12:12:08.225Z,2026-09-04T22:06:46Z
wayf.globe.nih.gov,Department of Health and Human Services,,false,false,0,0,2026-09-04T14:56:45.423Z,2026-09-04T22:06:46Z
globe.nih.gov,Department of Health and Human Services,,false,false,0,0,2026-09-04T08:46:16.051Z,2026-09-04T22:06:46Z
history.nih.gov,Department of Health and Human Services,,true,false,0,0,2026-09-04T12:36:49.432Z,2026-09-04T22:06:46Z
988lifeline.org,Department of Health and Human Services,,false,false,0,0,2026-09-04T00:29:15.402Z,2026-09-04T22:06:46Z
icmr.nhlbi.nih.gov,Department of Health and Human Services,,false,false,0,0,2026-09-04T01:34:23.518Z,2026-09-04T22:06:46Z
irpseminar.nlm.nih.gov,Department of Health and Human Services,v3.0.1,true,false,0,0,2026-09-02T22:37:59.504Z,2026-09-04T22:06:46Z
labalaban.nhlbi.nih.gov,Department of Health and Human Services,,false,false,0,0,2026-09-04T10:04:51.901Z,2026-09-04T22:06:46Z
medlineplus.awsprod.nlm.nih.gov,Department of Health and Human Services,,true,false,0,0,2026-09-04T05:39:23.812Z,2026-09-04T22:06:46Z
nephele.niaid.nih.gov,Department of Health and Human Services,,false,false,0,0,2026-09-04T05:45:12.318Z,2026-09-04T22:06:46Z
www.nidcr.nih.gov,Department of Health and Human Services,,true,false,0,0,2026-09-04T03:32:01.813Z,2026-09-04T22:06:46Z
www.nimhd.nih.gov,Department of Health and Human Services,,true,false,0,0,2026-09-04T11:56:33.263Z,2026-09-04T22:06:46Z
www.ninr.nih.gov,Department of Health and Human Services,,true,false,0,0,2026-09-04T09:22:30.875Z,2026-09-04T22:06:46Z
nitaac.nih.gov,Department of Health and Human Services,,false,false,0,0,2026-09-02T22:37:59.504Z,2026-09-04T22:06:46Z
nmr.cit.nih.gov,Department of Health and Human Services,,true,false,0,0,2026-09-04T05:49:25.065Z,2026-09-04T22:06:46Z
www.obesityresearch.nih.gov,Department of Health and Human Services,,true,false,0,0,2026-09-02T22:37:59.504Z,2026-09-04T22:06:46Z
pathstudy.nih.gov,Department of Health and Human Services,,false,false,0,0,2026-09-04T04:14:47.445Z,2026-09-04T22:06:46Z
pegsexplorer.niehs.nih.gov,Department of Health and Human Services,,true,false,0,0,2026-09-04T07:20:08.924Z,2026-09-04T22:06:46Z
vmd-xplor.cit.nih.gov,Department of Health and Human Services,,true,false,0,0,2026-09-04T06:15:19.982Z,2026-09-04T22:06:46Z
vmd-xplor.niddk.nih.gov,Department of Health and Human Services,,true,false,0,0,2026-09-04T06:02:34.972Z,2026-09-04T22:06:46Z
airc.nist.gov,Department of Commerce,,true,false,0,0,2026-09-04T13:27:50.816Z,2026-09-04T22:06:46Z
ncp.nist.gov,Department of Commerce,,true,false,0,0,2026-09-04T10:09:02.314Z,2026-09-04T22:06:46Z
code.nist.gov,Department of Commerce,,true,false,0,0,2026-09-04T09:20:45.920Z,2026-09-04T22:06:46Z
e3.nist.gov,Department of Commerce,v2.13.2,true,false,0,0,2026-09-04T09:25:20.905Z,2026-09-04T22:06:46Z
login.nist.gov,Department of Commerce,,false,false,0,0,2026-09-04T11:09:35.622Z,2026-09-04T22:06:46Z
sre.nist.gov,Department of Commerce,v3.5.0,true,false,0,0,2026-09-04T10:48:51.198Z,2026-09-04T22:06:46Z
www.nitrd.gov,Executive Office of the President,v2.8.1,true,false,0,0,2026-09-04T11:24:11.004Z,2026-09-04T22:06:46Z
www.nlrb.gov,National Labor Relations Board,,true,false,0,0,2026-09-04T14:10:11.530Z,2026-09-04T22:06:46Z
www.aoml.noaa.gov,Department of Commerce,,true,false,0,0,2026-09-04T11:01:31.913Z,2026-09-04T22:06:46Z
www.llnl.gov,Department of Energy,,true,false,0,0,2026-09-04T13:25:39.143Z,2026-09-04T22:06:46Z
americansamoa.noaa.gov,Department of Commerce,,false,false,0,0,2026-09-02T22:37:59.504Z,2026-09-04T22:06:46Z
www.pmel.noaa.gov,Department of Commerce,v3.8.2,true,false,0,0,2026-09-04T14:28:45.633Z,2026-09-04T22:06:46Z
epic.noaa.gov,Department of Commerce,,true,false,0,0,2026-09-04T13:33:18.519Z,2026-09-04T22:06:46Z
www.roc.noaa.gov,Department of Commerce,v3.3.0,true,false,0,0,2026-09-04T02:22:06.897Z,2026-09-04T22:06:46Z
www.lcacommons.gov,Department of Agriculture,,true,false,0,0,2026-09-04T12:42:36.479Z,2026-09-04T22:06:46Z
jwod.gov,United States AbilityOne Commission,v3.11.0,true,false,0,0,2026-09-04T06:47:06.402Z,2026-09-04T22:06:46Z
usalogin.justice.gov,Department of Justice,,false,false,0,0,2026-09-04T14:21:06.877Z,2026-09-04T22:06:46Z
irmadevservices.nps.gov,Department of the Interior,,false,false,0,0,2026-09-04T03:59:14.914Z,2026-09-04T22:06:46Z
irmaservices.nps.gov,Department of the Interior,,false,false,0,0,2026-09-04T03:48:38.544Z,2026-09-04T22:06:46Z
code.nsa.gov,Department of Defense,,true,false,0,0,2026-09-04T05:47:24.726Z,2026-09-04T22:06:46Z
probono.eoir.justice.gov,Department of Justice,,false,false,0,0,2026-09-04T09:15:30.452Z,2026-09-04T22:06:46Z
api.usaspending.gov,Department of the Treasury,,true,false,0,0,2026-09-04T04:57:14.495Z,2026-09-04T22:06:46Z
broker.usaspending.gov,Department of the Treasury,,true,false,0,0,2026-09-04T05:50:12.754Z,2026-09-04T22:06:46Z
www.juntos.gov,Department of Homeland Security,v2.12.0,true,false,0,0,2026-09-04T12:49:41.868Z,2026-09-04T22:06:46Z
cov.nsf.gov,National Science Foundation,,true,false,0,0,2026-09-04T04:51:09.666Z,2026-09-04T22:06:46Z
external.nsf.gov,National Science Foundation,,true,false,0,0,2026-09-04T06:34:58.360Z,2026-09-04T22:06:46Z
www.usccr.gov,U.S. Commission on Civil Rights,,true,false,0,0,2026-09-04T07:09:52.937Z,2026-09-04T22:06:46Z
www.jem.gov,Department of the Interior,,false,true,0,0,2026-09-04T09:25:05.854Z,2026-09-04T22:06:46Z
idp.uscis.gov,Department of Homeland Security,,true,false,0,0,2026-09-04T14:30:56.284Z,2026-09-04T22:06:46Z
externaltest.idp.uscis.gov,Department of Homeland Security,,true,false,0,0,2026-09-04T07:14:33.851Z,2026-09-04T22:06:46Z
isotopes.gov,Department of Energy,v3.11.0,true,false,0,0,2026-09-02T22:37:59.504Z,2026-09-04T22:06:46Z
www.usai.gov,General Services Administration,,true,false,0,0,2026-09-04T07:17:02.930Z,2026-09-04T22:06:46Z
www.irsauctions.gov,Department of the Treasury,,true,false,0,0,2026-09-04T14:36:45.258Z,2026-09-04T22:06:46Z
apply.intelligencecareers.gov,Department of Defense,,true,false,0,0,2026-09-04T09:59:25.514Z,2026-09-04T22:06:46Z
imls.gov,Institute of Museum and Library Services,,true,false,0,0,2026-09-04T08:29:45.727Z,2026-09-04T22:06:46Z
www.ihs.gov,Department of Health and Human Services,,false,false,0,0,2026-09-04T14:19:18.097Z,2026-09-04T22:06:46Z
cand.uscourts.gov,Administrative Office of the United States Courts,,true,false,0,0,2026-09-04T05:21:16.027Z,2026-09-04T22:06:46Z
www.cvb.uscourts.gov,Administrative Office of the United States Courts,v3.13.0,true,false,0,0,2026-09-04T04:59:17.595Z,2026-09-04T22:06:46Z
www.ksp.uscourts.gov,Administrative Office of the United States Courts,,true,false,0,0,2026-09-04T14:04:27.157Z,2026-09-04T22:06:46Z
pacer.login.uscourts.gov,Administrative Office of the United States Courts,,false,false,0,0,2026-09-04T09:12:04.346Z,2026-09-04T22:06:46Z
pcl.uscourts.gov,Administrative Office of the United States Courts,,false,false,0,0,2026-09-04T07:37:30.713Z,2026-09-04T22:06:46Z
www.eauth.usda.gov,Department of Agriculture,v2.11.2,true,false,0,0,2026-09-04T14:44:15.132Z,2026-09-04T22:06:46Z
acir.aphis.usda.gov,Department of Agriculture,,true,false,0,0,2026-09-04T06:55:56.193Z,2026-09-04T22:06:46Z
acsl.ars.usda.gov,Department of Agriculture,,true,false,0,0,2026-09-04T14:09:24.613Z,2026-09-04T22:06:46Z
contact.iedison.gov,Department of Commerce,,true,false,0,0,2026-09-04T14:11:43.094Z,2026-09-04T22:06:46Z
portal.agcounts.usda.gov,Department of Agriculture,v2.12.1,true,false,0,0,2026-09-04T07:01:18.955Z,2026-09-04T22:06:46Z
www.idmanagement.gov,General Services Administration,v3.13.0,true,false,0,0,2026-09-04T09:06:32.999Z,2026-09-04T22:06:46Z
www.nal.usda.gov,Department of Agriculture,,true,false,0,0,2026-09-04T14:31:37.387Z,2026-09-04T22:06:46Z
www.cert.eauth.usda.gov,Department of Agriculture,v2.11.2,true,false,0,0,2026-09-04T14:31:38.113Z,2026-09-04T22:06:46Z
i5k.nal.usda.gov,Department of Agriculture,v3.9.0,true,false,0,0,2026-09-04T14:46:45.810Z,2026-09-04T22:06:46Z
apps.ars.usda.gov,Department of Agriculture,,true,false,0,0,2026-09-04T14:16:55.847Z,2026-09-04T22:06:46Z
portal.ursula.identitysandbox.gov,General Services Administration,,true,false,0,0,2026-09-04T09:04:41.272Z,2026-09-04T22:06:46Z
portal.int.identitysandbox.gov,General Services Administration,,true,false,0,0,2026-09-04T10:36:02.020Z,2026-09-04T22:06:46Z
beepop.ars.usda.gov,Department of Agriculture,,true,false,0,0,2026-09-04T03:00:55.414Z,2026-09-04T22:06:46Z
sec8k.ic3.gov,Department of Justice,v3.8.0,true,false,0,0,2026-09-04T07:46:33.312Z,2026-09-04T22:06:46Z
cig.sc.egov.usda.gov,Department of Agriculture,v2.10.0,true,false,0,0,2026-09-02T22:37:59.504Z,2026-09-04T22:06:46Z
www.climatehubs.usda.gov,Department of Agriculture,,true,false,0,0,2026-09-04T09:27:40.115Z,2026-09-04T22:06:46Z
croplandcros.scinet.usda.gov,Department of Agriculture,,true,false,0,0,2026-09-04T07:54:48.966Z,2026-09-04T22:06:46Z
www.unemployment.gov,Department of Labor,v3.13.0,true,false,0,0,2026-09-04T14:22:35.128Z,2026-09-04T22:06:46Z
mycitrix.tva.gov,Tennessee Valley Authority,,false,false,0,0,2026-09-04T13:34:28.663Z,2026-09-04T22:06:46Z
www.tvaoig.gov,Tennessee Valley Authority,v3.4.1,true,false,0,0,2026-09-04T14:22:52.100Z,2026-09-04T22:06:46Z
directives.sc.egov.usda.gov,Department of Agriculture,,true,false,0,0,2026-09-04T14:25:44.977Z,2026-09-04T22:06:46Z
feds.iawg.gov,Department of State,,true,false,0,0,2026-09-04T07:42:13.339Z,2026-09-04T22:06:46Z
efile.aphis.usda.gov,Department of Agriculture,,true,false,0,0,2026-09-02T22:37:59.504Z,2026-09-04T22:06:46Z
efotg.sc.egov.usda.gov,Department of Agriculture,,false,false,0,0,2026-09-04T08:25:32.490Z,2026-09-04T22:06:46Z
trumpcard.gov,Executive Office of the President,,false,false,0,0,2026-09-04T03:27:05.022Z,2026-09-04T22:06:46Z
esmis.nal.usda.gov,Department of Agriculture,,true,false,0,0,2026-09-04T08:25:59.365Z,2026-09-04T22:06:46Z
www.neh.gov,National Endowment for the Humanities,,false,true,0,0,2026-09-04T14:36:42.996Z,2026-09-04T22:06:46Z
www.huduser.gov,Department of Housing and Urban Development,v2.13.3,true,false,0,0,2026-09-04T08:49:12.058Z,2026-09-04T22:06:46Z
okta.hud.gov,Department of Housing and Urban Development,,false,false,0,0,2026-09-04T10:43:35.220Z,2026-09-04T22:06:46Z
www.fpacbc.usda.gov,Department of Agriculture,v3.13.0,true,false,0,0,2026-09-04T14:17:23.851Z,2026-09-04T22:06:46Z
www.nutrition.gov,Department of Agriculture,,true,false,0,0,2026-09-04T00:57:17.758Z,2026-09-04T22:06:46Z
opotxfind.hrsa.gov,Department of Health and Human Services,v3.13.0,true,false,0,0,2026-09-04T08:58:04.506Z,2026-09-04T22:06:46Z
gain.fas.usda.gov,Department of Agriculture,v2.12.1,false,false,0,0,2026-09-04T09:46:36.510Z,2026-09-04T22:06:46Z
findhivcare.hrsa.gov,Department of Health and Human Services,v3.13.0,true,false,0,0,2026-09-04T08:51:10.152Z,2026-09-04T22:06:46Z
www.wildfire.gov,Department of Agriculture,,true,false,0,0,2026-09-04T12:43:33.698Z,2026-09-04T22:06:46Z
findanetwork.hrsa.gov,Department of Health and Human Services,v3.13.0,true,false,0,0,2026-09-04T06:27:16.706Z,2026-09-04T22:06:46Z
hemp.ams.usda.gov,Department of Agriculture,,false,false,0,0,2026-09-04T10:07:51.529Z,2026-09-04T22:06:46Z
inciweb.fs2c.usda.gov,Department of Agriculture,,true,false,0,0,2026-09-04T09:18:06.585Z,2026-09-04T22:06:46Z
legacy.rma.usda.gov,Department of Agriculture,,true,false,0,0,2026-09-04T10:22:57.905Z,2026-09-04T22:06:46Z
lessons.fs2c.usda.gov,Department of Agriculture,,true,false,0,0,2026-09-04T10:24:13.908Z,2026-09-04T22:06:46Z
findahealthcenter.hrsa.gov,Department of Health and Human Services,v3.13.0,true,false,0,0,2026-09-04T09:37:47.070Z,2026-09-04T22:06:46Z
np107.arsnet.usda.gov,Department of Agriculture,v2.7.1,true,false,0,0,2026-09-02T22:37:59.504Z,2026-09-04T22:06:46Z
oidc.hwss.hpc.mil,Department of Defense,v1.6.14,true,false,0,0,2026-09-04T08:43:45.359Z,2026-09-04T22:06:46Z
pdi-spotlight-usdaars.hub.arcgis.com,Department of Agriculture,,false,false,0,0,2026-09-04T04:07:36.005Z,2026-09-04T22:06:46Z
www.speaker.gov,United States House of Representatives,,false,false,0,0,2026-09-04T06:23:41.605Z,2026-09-04T22:06:46Z
plantatree.fs.usda.gov,Department of Agriculture,,true,false,0,0,2026-09-04T02:25:49.247Z,2026-09-04T22:06:46Z
tethys-engineering.pnnl.gov,Department of Energy,v3.9.0,true,false,0,0,2026-09-04T03:09:19.024Z,2026-09-04T22:06:46Z
finstad.house.gov,United States House of Representatives,,false,false,0,0,2026-09-04T12:25:45.569Z,2026-09-04T22:06:46Z
pml-fsa.fpac.usda.gov,Department of Agriculture,v3.8.0,false,false,0,0,2026-09-04T07:34:45.841Z,2026-09-04T22:06:46Z
pmp.errc.ars.usda.gov,Department of Agriculture,,true,false,0,0,2026-09-04T14:22:34.526Z,2026-09-04T22:06:46Z
policy.nrcs.usda.gov,Department of Agriculture,,true,false,0,0,2026-09-04T02:40:27.933Z,2026-09-04T22:06:46Z
cisneros.house.gov,United States House of Representatives,,false,false,0,0,2026-09-04T00:35:33.258Z,2026-09-04T22:06:46Z
www.ree.usda.gov,Department of Agriculture,,true,false,0,0,2026-09-04T04:32:08.173Z,2026-09-04T22:06:46Z
release.nass.usda.gov,Department of Agriculture,v1.0.0,true,false,0,0,2026-09-04T03:00:57.420Z,2026-09-04T22:06:46Z
inciweb.wildfire.gov,Department of Agriculture,,true,false,0,0,2026-09-04T12:43:27.581Z,2026-09-04T22:06:46Z
xms.hhs.gov,Department of Health and Human Services,v2.0.2,true,false,0,0,2026-09-04T07:33:11.702Z,2026-09-04T22:06:46Z
tanfdata.acf.hhs.gov,Department of Health and Human Services,,true,false,0,0,2026-09-04T11:18:43.871Z,2026-09-04T22:06:46Z
www.rds.cms.hhs.gov,Department of Health and Human Services,v3.12.0,true,false,0,0,2026-09-04T10:44:34.993Z,2026-09-04T22:06:46Z
ocsp.acf.hhs.gov,Department of Health and Human Services,v3.7.1,true,false,0,0,2026-09-04T12:10:24.525Z,2026-09-04T22:06:46Z
nytd.acf.hhs.gov,Department of Health and Human Services,,true,false,0,0,2026-09-04T12:12:58.249Z,2026-09-04T22:06:46Z
uatfoodbuyingguide.fns.usda.gov,Department of Agriculture,,true,false,0,0,2026-09-04T03:21:01.556Z,2026-09-04T22:06:46Z
home.tei.treasury.gov,Department of the Treasury,v2.10.1,true,false,0,0,2026-09-04T13:26:05.647Z,2026-09-04T22:06:46Z
nppes.cms.hhs.gov,Department of Health and Human Services,,false,false,0,0,2026-09-04T10:46:25.090Z,2026-09-04T22:06:46Z
iqcsweb.nwcg.gov,Department of Agriculture,v2.13.0,true,false,0,0,2026-09-04T11:50:46.841Z,2026-09-04T22:06:46Z
int.xms.hhs.gov,Department of Health and Human Services,v2.0.2,true,false,0,0,2026-09-04T11:26:08.326Z,2026-09-04T22:06:46Z
int.fedhub.hhs.gov,Department of Health and Human Services,v2.0.2,true,false,0,0,2026-09-04T11:20:46.498Z,2026-09-04T22:06:46Z
hses.ohs.acf.hhs.gov,Department of Health and Human Services,,false,false,0,0,2026-09-04T10:13:04.508Z,2026-09-04T22:06:46Z
www.usds.gov,Executive Office of the President,,true,false,0,0,2026-09-04T14:47:18.082Z,2026-09-04T22:06:46Z
dojloginexternal.usdoj.gov,Department of Justice,,false,false,0,0,2026-09-04T07:36:09.791Z,2026-09-04T22:06:46Z
dojlogin.usdoj.gov,Department of Justice,,false,false,0,0,2026-09-04T05:22:14.010Z,2026-09-04T22:06:46Z
forms.oig.hhs.gov,Department of Health and Human Services,v3.13.0,true,false,0,0,2026-09-04T11:04:25.727Z,2026-09-04T22:06:46Z
forms.iglb.oig.hhs.gov,Department of Health and Human Services,v3.13.0,true,false,0,0,2026-09-04T11:06:06.142Z,2026-09-04T22:06:46Z
sprint.usds.gov,Executive Office of the President,,true,false,0,0,2026-09-04T09:27:20.507Z,2026-09-04T22:06:46Z
fedhub.hhs.gov,Department of Health and Human Services,v2.0.2,true,false,0,0,2026-09-04T05:34:47.576Z,2026-09-04T22:06:46Z
empowerprogram.hhs.gov,Department of Health and Human Services,v2.7.1,true,false,0,0,2026-09-04T13:04:34.616Z,2026-09-04T22:06:46Z
dab.efile.hhs.gov,Department of Health and Human Services,v3.8.0,true,false,0,0,2026-09-04T09:42:58.546Z,2026-09-04T22:06:46Z
bdr.hhs.gov,Department of Health and Human Services,,true,false,0,0,2026-09-04T09:43:28.926Z,2026-09-04T22:06:46Z
usamricd.health.mil,Department of Defense,,true,false,0,0,2026-09-04T08:28:21.730Z,2026-09-04T22:06:46Z
usamraa.health.mil,Department of Defense,,true,false,0,0,2026-09-04T13:49:38.413Z,2026-09-04T22:06:46Z
www.nwcg.gov,Department of Agriculture,,true,false,0,0,2026-09-04T01:02:19.935Z,2026-09-04T22:06:46Z
www.obamalibrary.gov,National Archives and Records Administration,,false,false,0,0,2026-09-04T12:33:50.398Z,2026-09-04T22:06:46Z
manuals.dha.mil,Department of Defense,,true,false,0,0,2026-09-04T03:55:04.655Z,2026-09-04T22:06:46Z
eph.health.mil,Department of Defense,,true,false,0,0,2026-09-04T08:53:20.135Z,2026-09-04T22:06:46Z
ecqi.healthit.gov,Department of Health and Human Services,,true,false,0,0,2026-09-04T05:55:34.868Z,2026-09-04T22:06:46Z
login.occ.gov,Department of the Treasury,,false,false,0,0,2026-09-04T01:12:27.929Z,2026-09-04T22:06:46Z
healthdata.gov,Department of Health and Human Services,,true,false,0,0,2026-09-02T22:37:59.504Z,2026-09-04T22:06:46Z
pdw.hanford.gov,Department of Energy,,true,false,0,0,2026-09-04T03:34:42.605Z,2026-09-04T22:06:46Z
webshop.gsa.gov,General Services Administration,,true,false,0,0,2026-09-04T05:40:55.550Z,2026-09-04T22:06:46Z
diamd-auth.usdoj.gov,Department of Justice,,false,false,0,0,2026-09-04T12:46:59.004Z,2026-09-04T22:06:46Z
paymentsearch.gsa.gov,General Services Administration,v3.1.0,true,false,0,0,2026-09-04T03:59:34.565Z,2026-09-04T22:06:46Z
nsobs-cert.fasbilling.gsa.gov,General Services Administration,,true,false,0,0,2026-09-04T07:47:23.394Z,2026-09-04T22:06:46Z
gsbca.gsa.gov,General Services Administration,,true,false,0,0,2026-09-04T02:57:02.826Z,2026-09-04T22:06:46Z
gsbca2.gsa.gov,General Services Administration,,true,false,0,0,2026-09-04T07:47:21.864Z,2026-09-04T22:06:46Z
nsobs.fasbilling.gsa.gov,General Services Administration,,true,false,0,0,2026-09-04T12:53:11.497Z,2026-09-04T22:06:46Z
mfalogin.fas.gsa.gov,General Services Administration,,false,false,0,0,2026-09-04T09:38:03.466Z,2026-09-04T22:06:46Z
assist.gsa.gov,General Services Administration,v3.13.0,true,false,0,0,2026-09-04T05:54:46.927Z,2026-09-04T22:06:46Z
auth.gsa.gov,General Services Administration,,false,false,0,0,2026-09-04T07:02:10.479Z,2026-09-04T22:06:46Z
wiki.simpler.grants.gov,Department of Health and Human Services,,false,false,0,0,2026-09-04T02:24:50.607Z,2026-09-04T22:06:46Z
training.grants.gov,Department of Health and Human Services,v3.3.0,true,false,0,0,2026-09-04T05:16:47.867Z,2026-09-04T22:06:46Z
www.training.grants.gov,Department of Health and Human Services,v3.3.0,true,false,0,0,2026-09-04T10:47:31.164Z,2026-09-04T22:06:46Z
fccps.bjs.ojp.gov,Department of Justice,,true,false,0,0,2026-09-04T12:45:28.463Z,2026-09-04T22:06:46Z
oldcc.gov,Department of Defense,,true,false,0,0,2026-09-04T04:07:24.377Z,2026-09-04T22:06:46Z
www.gps.gov,Department of Commerce,,true,false,0,0,2026-09-04T12:59:45.060Z,2026-09-04T22:06:46Z
login.ginniemae.gov,Department of Housing and Urban Development,,false,false,0,0,2026-09-04T14:59:23.179Z,2026-09-04T22:06:46Z
caia-acc.treasury.gov,Department of the Treasury,v2.4.0,true,false,0,0,2026-09-04T13:20:41.474Z,2026-09-04T22:06:46Z
www.gao.gov,Government Accountability Office,,true,false,0,0,2026-09-04T14:55:43.221Z,2026-09-04T22:06:46Z
www.fvap.gov,Department of Defense,,true,false,0,0,2026-09-04T09:27:56.993Z,2026-09-04T22:06:46Z
bsaefiling-sandbox.fincen.gov,Department of the Treasury,,true,false,0,0,2026-09-04T02:06:24.722Z,2026-09-04T22:06:46Z
rn.ftc.gov,Federal Trade Commission,,false,false,0,0,2026-09-04T14:06:10.567Z,2026-09-04T22:06:46Z
oig.ftc.gov,Federal Trade Commission,,true,false,0,0,2026-09-04T04:56:15.471Z,2026-09-04T22:06:46Z
tstservice.fsd.gov,General Services Administration,,true,false,0,0,2026-09-04T04:54:47.670Z,2026-09-04T22:06:46Z
www.fsd.gov,General Services Administration,,true,false,0,0,2026-09-04T14:28:49.191Z,2026-09-04T22:06:46Z
www.frtib.gov,Federal Retirement Thrift Investment Board,v3.3.0,true,false,0,0,2026-09-04T00:54:31.463Z,2026-09-04T22:06:46Z
mrmss.onrr.gov,Department of the Interior,,false,false,0,0,2026-09-04T06:16:00.644Z,2026-09-04T22:06:46Z
fosteringthefuture.gov,Department of Health and Human Services,,true,false,0,0,2026-09-04T13:20:06.048Z,2026-09-04T22:06:46Z
www.foreignfundinghighered.gov,Department of Education,,true,false,0,0,2026-09-04T06:08:12.117Z,2026-09-04T22:06:46Z
cedar.opm.gov,Office of Personnel Management,,true,false,0,0,2026-09-04T07:19:35.125Z,2026-09-04T22:06:46Z
www.fmcs.gov,Federal Mediation and Conciliation Service,,false,false,0,0,2026-09-04T05:47:34.165Z,2026-09-04T22:06:46Z
ors.ofac.treas.gov,Department of the Treasury,,true,false,0,0,2026-09-04T01:54:24.102Z,2026-09-04T22:06:46Z
efile.flra.gov,Federal Labor Relations Authority,,true,false,0,0,2026-09-04T09:11:11.165Z,2026-09-04T22:06:46Z
www.fletc.gov,Department of Homeland Security,,true,false,0,0,2026-09-04T13:01:47.585Z,2026-09-04T22:06:46Z
www.fleta.gov,Department of Homeland Security,v3.12.0,true,false,0,0,2026-09-04T01:22:10.556Z,2026-09-04T22:06:46Z
5x5.firstnet.gov,Department of Commerce,,true,false,0,0,2026-09-04T07:07:17.339Z,2026-09-04T22:06:46Z
certeopf.opm.gov,Office of Personnel Management,,false,false,0,0,2026-09-04T05:42:20.746Z,2026-09-04T22:06:46Z
www.financialresearch.gov,Department of the Treasury,,false,false,0,0,2026-09-04T13:05:32.277Z,2026-09-04T22:06:46Z
ficor.gov,Department of the Interior,v3.7.0,true,false,0,0,2026-09-04T09:38:00.191Z,2026-09-04T22:06:46Z
www.fhfaoig.gov,Federal Housing Finance Agency,,false,false,0,0,2026-09-04T06:24:20.682Z,2026-09-04T22:06:46Z
fgdc.gov,Department of the Interior,,false,false,0,0,2026-09-04T02:30:19.170Z,2026-09-04T22:06:46Z
www.ffb.gov,Department of the Treasury,,true,false,0,0,2026-09-04T04:28:19.369Z,2026-09-04T22:06:46Z
go.fema.gov,Department of Homeland Security,,false,false,0,0,2026-09-04T04:04:02.707Z,2026-09-04T22:06:46Z
www.federalreserveconsumerhelp.gov,Board of Governors of the Federal Reserve,v3.11.0,true,false,0,0,2026-09-04T12:49:11.103Z,2026-09-04T22:06:46Z
registration.fdms.gov,General Services Administration,2.14.0,false,false,0,0,2026-09-04T03:15:56.083Z,2026-09-04T22:06:46Z
fdicoig.gov,Federal Deposit Insurance Corporation,,true,false,0,0,2026-09-04T03:12:08.298Z,2026-09-04T22:06:46Z
ofaclicensinguat.ofac.treas.gov,Department of the Treasury,,false,false,0,0,2026-09-02T22:37:59.504Z,2026-09-04T22:06:46Z
data.opm.gov,Office of Personnel Management,,false,false,0,0,2026-09-04T05:34:04.771Z,2026-09-04T22:06:46Z
playmoneysmart.fdic.gov,Federal Deposit Insurance Corporation,,true,false,0,0,2026-09-04T12:48:22.486Z,2026-09-04T22:06:46Z
orders.fdic.gov,Federal Deposit Insurance Corporation,v2.6.0,true,false,0,0,2026-09-04T04:45:52.384Z,2026-09-04T22:06:46Z
opf.opm.gov,Office of Personnel Management,,false,false,0,0,2026-09-04T08:48:42.004Z,2026-09-04T22:06:46Z
edie-s.fdic.gov,Federal Deposit Insurance Corporation,v2.6.0,true,false,0,0,2026-09-04T08:54:07.032Z,2026-09-04T22:06:46Z
escs.opm.gov,Office of Personnel Management,,false,false,0,0,2026-09-02T22:37:59.504Z,2026-09-04T22:06:46Z
datahub.transportation.gov,Department of Transportation,,true,false,0,0,2026-09-04T01:40:09.503Z,2026-09-04T22:06:46Z
catalog.fdic.gov,Federal Deposit Insurance Corporation,v2.6.0,true,false,0,0,2026-09-04T04:49:28.936Z,2026-09-04T22:06:46Z
banks-q.data.fdic.gov,Federal Deposit Insurance Corporation,v2.6.0,true,false,0,0,2026-09-04T02:57:30.971Z,2026-09-04T22:06:46Z
banks-d.data.fdic.gov,Federal Deposit Insurance Corporation,v2.6.0,true,false,0,0,2026-09-04T13:51:25.068Z,2026-09-04T22:06:46Z
ask.fdic.gov,Federal Deposit Insurance Corporation,v2.6.0,true,false,0,0,2026-09-04T02:49:17.634Z,2026-09-04T22:06:46Z
archive.fdic.gov,Federal Deposit Insurance Corporation,,false,false,0,0,2026-09-04T03:23:06.260Z,2026-09-04T22:06:46Z
nbk.fdicconnect.gov,Federal Deposit Insurance Corporation,v2.10.0,true,false,0,0,2026-09-04T03:18:22.286Z,2026-09-04T22:06:46Z
www.trainingproviderresults.gov,Department of Labor,,true,false,0,0,2026-09-04T01:47:12.391Z,2026-09-04T22:06:46Z
www.together.gov,Department of Homeland Security,v2.12.0,true,false,0,0,2026-09-04T08:00:55.550Z,2026-09-04T22:06:46Z
www.fcsic.gov,Farm Credit System Insurance Corporation,v0.14.0,false,false,0,0,2026-09-04T10:28:59.265Z,2026-09-04T22:06:46Z
fcc.okta.com,Federal Communications Commission,,false,false,0,0,2026-09-04T01:48:46.287Z,2026-09-04T22:06:46Z
c2h.fcc.gov,Federal Communications Commission,,false,false,0,0,2026-09-04T04:59:04.222Z,2026-09-04T22:06:46Z
www.fcc.gov,Federal Communications Commission,,true,false,0,0,2026-09-04T13:45:40.505Z,2026-09-04T22:06:46Z
www.fca.gov,Farm Credit Administration,v1.4.1,true,false,0,0,2026-09-04T08:55:34.765Z,2026-09-04T22:06:46Z
ndex.fbi.gov,Department of Justice,v1.4.2,true,false,0,0,2026-09-04T09:38:38.400Z,2026-09-04T22:06:46Z
www.fai.gov,General Services Administration,v2.14.0,true,false,0,0,2026-09-02T22:37:59.504Z,2026-09-04T22:06:46Z
workforcedev.faa.gov,Department of Transportation,,true,false,0,0,2026-09-04T09:51:18.899Z,2026-09-04T22:06:46Z
help.myaccess.faa.gov,Department of Transportation,,true,false,0,0,2026-09-04T14:52:42.586Z,2026-09-04T22:06:46Z
faadronezone-access.faa.gov,Department of Transportation,,true,false,0,0,2026-09-04T14:58:05.850Z,2026-09-04T22:06:46Z
designee.faa.gov,Department of Transportation,,false,false,0,0,2026-09-04T14:47:09.201Z,2026-09-04T22:06:46Z
myaccessxtl.faa.gov,Department of Transportation,,true,false,0,0,2026-09-04T14:55:46.124Z,2026-09-04T22:06:46Z
aepproto.airports.faa.gov,Department of Transportation,,true,false,0,0,2026-09-04T14:44:35.215Z,2026-09-04T22:06:46Z
form.together.gov,Department of Homeland Security,,false,false,0,0,2026-09-04T02:52:46.868Z,2026-09-04T22:06:46Z
oig.opm.gov,Office of Personnel Management,,true,false,0,0,2026-09-04T10:13:36.348Z,2026-09-04T22:06:46Z
qeopf2.opm.gov,Office of Personnel Management,,false,false,0,0,2026-09-04T01:56:14.113Z,2026-09-04T22:06:46Z
www.tigta.gov,Department of the Treasury,v3.11.0,true,false,0,0,2026-09-02T22:37:59.504Z,2026-09-04T22:06:46Z
tak.gov,Department of Defense,,false,false,0,0,2026-09-04T01:31:36.385Z,2026-09-04T22:06:46Z
dfcme.ondcp.eop.gov,Executive Office of the President,,true,false,0,0,2026-09-04T13:53:00.579Z,2026-09-04T22:06:46Z
pantex.energy.gov,Department of Energy,,true,false,0,0,2026-09-04T13:00:04.565Z,2026-09-04T22:06:46Z
bsesc.energy.gov,Department of Energy,v3.9.0,true,false,0,0,2026-09-04T11:22:41.959Z,2026-09-04T22:06:46Z
tst-mei.opm.gov,Office of Personnel Management,,false,false,0,0,2026-09-04T05:44:59.151Z,2026-09-04T22:06:46Z
amsc.energy.gov,Department of Energy,,false,false,0,0,2026-09-04T11:25:51.535Z,2026-09-04T22:06:46Z
energycodes.gov,Department of Energy,,true,false,0,0,2026-09-04T13:49:49.649Z,2026-09-04T22:06:46Z
tfa-auth.ed.gov,Department of Education,,false,false,0,0,2026-09-04T13:12:38.464Z,2026-09-04T22:06:46Z
securitytouch.ed.gov,Department of Education,,true,false,0,0,2026-09-04T12:06:10.222Z,2026-09-04T22:06:46Z
sso.naep.ed.gov,Department of Education,v3.10.0,false,false,0,0,2026-09-04T03:14:30.533Z,2026-09-04T22:06:46Z
nrewwwtest.nre.navy.mil,Department of Defense,,true,false,0,0,2026-09-04T07:41:51.245Z,2026-09-04T22:06:46Z
gateway.ies.ed.gov,Department of Education,,true,false,0,0,2026-09-04T08:25:09.560Z,2026-09-04T22:06:46Z
fsacitrixweb.ed.gov,Department of Education,,false,false,0,0,2026-09-04T06:16:38.288Z,2026-09-04T22:06:46Z
fafsa.partnerportal.ed.gov,Department of Education,,true,false,0,0,2026-09-04T00:41:02.086Z,2026-09-04T22:06:46Z
fafsa.partnerportal-2627.ed.gov,Department of Education,,true,false,0,0,2026-09-04T11:48:10.393Z,2026-09-04T22:06:46Z
fafsa.partnerportal-2526.ed.gov,Department of Education,,true,false,0,0,2026-09-04T02:50:11.579Z,2026-09-04T22:06:46Z
fsapartners.ed.gov,Department of Education,,false,false,0,0,2026-09-04T12:52:28.191Z,2026-09-04T22:06:46Z
eed.communities.ed.gov,Department of Education,,true,false,0,0,2026-09-04T11:31:41.150Z,2026-09-04T22:06:46Z
easie.communities.ed.gov,Department of Education,v3.7.0,true,false,0,0,2026-09-04T12:54:09.636Z,2026-09-04T22:06:46Z
crdc.communities.ed.gov,Department of Education,,true,false,0,0,2026-09-04T11:53:16.089Z,2026-09-04T22:06:46Z
mohela.studentaid.gov,Department of Education,,false,false,0,0,2026-09-04T07:53:56.014Z,2026-09-04T22:06:46Z
www.eac.gov,Election Assistance Commission,v3.9.0,true,false,0,0,2026-09-04T11:26:20.634Z,2026-09-04T22:06:46Z
www.drought.gov,Department of Commerce,v3.7.1,true,false,0,0,2026-09-04T12:41:38.430Z,2026-09-04T22:06:46Z
retire.opm.gov,Office of Personnel Management,,false,false,0,0,2026-09-04T12:37:07.898Z,2026-09-04T22:06:46Z
frfdataportal.erdc.dren.mil,Department of Defense,v3.12.0,true,false,0,0,2026-09-04T12:37:23.394Z,2026-09-04T22:06:46Z
trn-opf.opm.gov,Office of Personnel Management,,false,false,0,0,2026-09-04T05:58:39.288Z,2026-09-04T22:06:46Z
workforce.faa.gov,Department of Transportation,,true,false,0,0,2026-09-04T14:55:03.851Z,2026-09-04T22:06:46Z
trespasstoolkit.fra.dot.gov,Department of Transportation,,true,false,0,0,2026-09-04T09:19:33.761Z,2026-09-04T22:06:46Z
tpr.fmcsa.dot.gov,Department of Transportation,,true,false,0,0,2026-09-04T10:36:15.670Z,2026-09-04T22:06:46Z
rsac.fra.dot.gov,Department of Transportation,,true,false,0,0,2026-09-04T10:38:12.138Z,2026-09-04T22:06:46Z
nhtsa.okta.com,Department of Transportation,v3.1.0,false,false,0,0,2026-09-04T09:29:12.062Z,2026-09-04T22:06:46Z
motus.dot.gov,Department of Transportation,v3.4.1,true,false,0,0,2026-09-04T03:01:16.014Z,2026-09-04T22:06:46Z
its.dot.gov,Department of Transportation,,true,false,0,0,2026-09-04T09:29:57.982Z,2026-09-04T22:06:46Z
ia-training.phmsa.dot.gov,Department of Transportation,v3.13.0,true,false,0,0,2026-09-04T10:05:51.175Z,2026-09-04T22:06:46Z
gradecrossingtoolkit.fra.dot.gov,Department of Transportation,,true,false,0,0,2026-09-04T02:57:28.833Z,2026-09-04T22:06:46Z
eld.fmcsa.dot.gov,Department of Transportation,,true,false,0,0,2026-09-04T03:52:58.221Z,2026-09-04T22:06:46Z
dataqs.fmcsa.dot.gov,Department of Transportation,,true,false,0,0,2026-09-04T03:47:17.115Z,2026-09-04T22:06:46Z
csa.fmcsa.dot.gov,Department of Transportation,,true,false,0,0,2026-09-04T03:53:45.043Z,2026-09-04T22:06:46Z
clearinghouse.fmcsa.dot.gov,Department of Transportation,,true,false,0,0,2026-09-04T14:17:46.205Z,2026-09-04T22:06:46Z
bridge.flhd.fhwa.dot.gov,Department of Transportation,v2.14.0,true,false,0,0,2026-09-04T12:06:27.228Z,2026-09-04T22:06:46Z
orau.okta.com,Department of Energy,,false,false,0,0,2026-09-04T02:04:54.809Z,2026-09-04T22:06:46Z
oprs.dol.gov,Department of Labor,,true,false,0,0,2026-09-04T11:47:46.044Z,2026-09-04T22:06:46Z
olmsofficelocator.dol.gov,Department of Labor,,false,false,0,0,2026-09-04T11:44:16.981Z,2026-09-04T22:06:46Z
lostandfound-intake.dol.gov,Department of Labor,,true,false,0,0,2026-09-04T11:58:19.902Z,2026-09-04T22:06:46Z
lostandfound.dol.gov,Department of Labor,,true,false,0,0,2026-09-04T11:42:39.450Z,2026-09-04T22:06:46Z
efile.dol.gov,Department of Labor,,true,false,0,0,2026-09-04T11:59:17.368Z,2026-09-04T22:06:46Z
cba-olms.dol.gov,Department of Labor,,true,false,0,0,2026-09-04T11:53:38.892Z,2026-09-04T22:06:46Z
doi.ccs.ornl.gov,Department of Energy,v3.8.2,true,false,0,0,2026-09-04T02:05:49.154Z,2026-09-04T22:06:46Z
www.doioig.gov,Department of the Interior,,true,false,0,0,2026-09-04T00:59:18.172Z,2026-09-04T22:06:46Z
pilt.doi.gov,Department of the Interior,,false,false,0,0,2026-09-04T11:50:56.608Z,2026-09-04T22:06:46Z
ibc.doi.gov,Department of the Interior,,true,false,0,0,2026-09-04T12:43:33.943Z,2026-09-04T22:06:46Z
careers.doi.gov,Department of the Interior,,false,true,0,0,2026-09-04T04:12:25.238Z,2026-09-04T22:06:46Z
spr.okta.com,Department of Energy,,false,false,0,0,2026-09-04T11:33:29.331Z,2026-09-04T22:06:46Z
pantex.doe.gov,Department of Energy,,true,false,0,0,2026-09-04T11:43:18.431Z,2026-09-04T22:06:46Z
login-rsa.vdi.doe.gov,Department of Energy,,false,false,0,0,2026-09-04T11:22:31.642Z,2026-09-04T22:06:46Z
data.jgi.doe.gov,Department of Energy,,false,false,0,0,2026-09-04T12:28:33.778Z,2026-09-04T22:06:46Z
stories.state.gov,Department of State,,false,false,0,0,2026-09-04T01:00:10.268Z,2026-09-04T22:06:46Z
eams-hub.oneid.energy.gov,Department of Energy,v3.13.0,true,false,0,0,2026-09-04T14:59:08.407Z,2026-09-04T22:06:46Z
www.docline.gov,Department of Health and Human Services,,false,false,0,0,2026-09-04T10:50:13.356Z,2026-09-04T22:06:46Z
social-archive.state.gov,Department of State,,false,false,0,0,2026-09-04T07:39:57.312Z,2026-09-04T22:06:46Z
calendar.library.doc.gov,Department of Commerce,v2.12.0,true,false,0,0,2026-09-04T10:28:46.575Z,2026-09-04T22:06:46Z
login-legacy.dla.mil,Department of Defense,,false,false,0,0,2026-09-04T10:21:37.448Z,2026-09-04T22:06:46Z
public.militarychildcare.csd.disa.mil,Department of Defense,,true,false,0,0,2026-09-04T10:08:24.417Z,2026-09-04T22:06:46Z
militarychildcare.csd.disa.mil,Department of Defense,,true,false,0,0,2026-09-04T10:15:53.420Z,2026-09-04T22:06:46Z
esgr.csd.disa.mil,Department of Defense,,false,false,0,0,2026-09-04T05:12:37.203Z,2026-09-04T22:06:46Z
dcast.csd.disa.mil,Department of Defense,,true,false,0,0,2026-09-04T05:01:12.163Z,2026-09-04T22:06:46Z
godirect.gov,Department of the Treasury,v3.12.0,true,false,0,0,2026-09-04T09:51:23.690Z,2026-09-04T22:06:46Z
www.pmddtc.state.gov,Department of State,,true,false,0,0,2026-09-04T08:56:59.088Z,2026-09-04T22:06:46Z
www.oig.dhs.gov,Department of Homeland Security,,true,false,0,0,2026-09-04T10:15:49.662Z,2026-09-04T22:06:46Z
immvets.dhs.gov,Department of Homeland Security,v3.0.0,true,false,0,0,2026-09-04T02:21:13.663Z,2026-09-04T22:06:46Z
passportfacilitylocator.travel.state.gov,Department of State,v3.7.1,true,false,0,0,2026-09-04T13:12:03.300Z,2026-09-04T22:06:46Z
fcwebex.tsa.dhs.gov,Department of Homeland Security,v3.7.1,true,false,0,0,2026-09-04T02:05:01.423Z,2026-09-04T22:06:46Z
dhsauthportalintnonprod.dhs.gov,Department of Homeland Security,,false,false,0,0,2026-09-04T02:47:34.471Z,2026-09-04T22:06:46Z
dhsauthportalextnonprod.dhs.gov,Department of Homeland Security,,false,false,0,0,2026-09-04T02:31:37.792Z,2026-09-04T22:06:46Z
dhsauthportal.dhs.gov,Department of Homeland Security,,false,false,0,0,2026-09-04T10:39:41.698Z,2026-09-04T22:06:46Z
state.okta.com,Department of State,,false,false,0,0,2026-09-04T14:17:38.351Z,2026-09-04T22:06:46Z
caadi-7001.dhs.gov,Department of Homeland Security,v3.0.0,true,false,0,0,2026-09-04T08:13:44.247Z,2026-09-04T22:06:46Z
dhsauthportalext.dhs.gov,Department of Homeland Security,,false,false,0,0,2026-09-04T08:56:24.128Z,2026-09-04T22:06:46Z
smartvoucher.dfas.mil,Department of Defense,v3.8.1,true,false,0,0,2026-09-04T04:39:23.197Z,2026-09-04T22:06:46Z
mypay.dfas.mil,Department of Defense,,true,false,0,0,2026-09-04T08:16:24.194Z,2026-09-04T22:06:46Z
harvest.data.gov,General Services Administration,v3.14.0,true,false,0,0,2026-09-04T07:56:00.446Z,2026-09-04T22:06:46Z
mnspruce.ornl.gov,Department of Energy,v2.11.2,true,false,0,0,2026-09-04T02:04:37.271Z,2026-09-04T22:06:46Z
darpa.okta.com,Department of Defense,,false,false,0,0,2026-09-04T08:16:09.684Z,2026-09-04T22:06:46Z
www.darpa.mil,Department of Defense,,true,false,0,0,2026-09-04T07:54:12.616Z,2026-09-04T22:06:46Z
rt.cto.mil,Department of Defense,,false,false,0,0,2026-09-04T00:53:29.921Z,2026-09-04T22:06:46Z
www.criticalminerals.gov,Department of the Interior,,false,false,0,0,2026-09-04T00:35:11.305Z,2026-09-04T22:06:46Z
oig.cpsc.gov,Consumer Product Safety Commission,,true,false,0,0,2026-09-04T02:05:38.424Z,2026-09-04T22:06:46Z
iocareers.state.gov,Department of State,v3.7.0,true,false,0,0,2026-09-04T07:20:37.232Z,2026-09-04T22:06:46Z
publicrecords.copyright.gov,Library of Congress,,false,false,0,0,2026-09-04T06:16:58.667Z,2026-09-04T22:06:46Z
www.connect.gov,Department of Agriculture,v3.13.0,true,false,0,0,2026-09-04T10:34:08.642Z,2026-09-04T22:06:46Z
colorado-river-portal.usgs.gov,Department of the Interior,,false,false,0,0,2026-09-02T22:37:59.504Z,2026-09-04T22:06:46Z
roots.ornl.gov,Department of Energy,,true,false,0,0,2026-09-04T02:07:25.309Z,2026-09-04T22:06:46Z
performance.commerce.gov,Department of Commerce,,true,false,0,0,2026-09-04T02:46:14.015Z,2026-09-04T22:06:46Z
data.commerce.gov,Department of Commerce,,true,false,0,0,2026-09-04T03:08:13.576Z,2026-09-04T22:06:46Z
www.commerce.gov,Department of Commerce,,true,false,0,0,2026-09-04T04:33:16.302Z,2026-09-04T22:06:46Z
www.collegedrinkingprevention.gov,Department of Health and Human Services,,true,false,0,0,2026-09-04T12:48:16.103Z,2026-09-04T22:06:46Z
www.coldcaserecords.gov,Civil Rights Cold Case Records Review Board,,true,false,0,0,2026-09-04T02:56:14.428Z,2026-09-04T22:06:46Z
smallbusiness.ornl.gov,Department of Energy,,true,false,0,0,2026-09-04T09:27:37.281Z,2026-09-04T22:06:46Z
www.denix.osd.mil,Department of Defense,,true,false,0,0,2026-09-04T02:22:56.675Z,2026-09-04T22:06:46Z
dsscrimetips.state.gov,Department of State,2.0.0,true,false,0,0,2026-09-04T07:09:49.170Z,2026-09-04T22:06:46Z
mmshub.cms.gov,Department of Health and Human Services,,true,false,0,0,2026-09-04T02:41:09.486Z,2026-09-04T22:06:46Z
identity.cms.gov,Department of Health and Human Services,,true,false,0,0,2026-09-04T02:43:40.595Z,2026-09-04T22:06:46Z
test.idp.idm.cms.gov,Department of Health and Human Services,v2.14.0,true,false,0,0,2026-09-04T03:04:42.457Z,2026-09-04T22:06:46Z
www.emeasuretool.cms.gov,Department of Health and Human Services,v3.13.0,true,false,0,0,2026-09-04T08:31:35.597Z,2026-09-04T22:06:46Z
del.cms.gov,Department of Health and Human Services,,false,false,0,0,2026-09-04T02:43:40.152Z,2026-09-04T22:06:46Z
impl.idp.idm.cms.gov,Department of Health and Human Services,v2.14.0,true,false,0,0,2026-09-04T10:39:40.751Z,2026-09-04T22:06:46Z
idm.cms.gov,Department of Health and Human Services,v2.14.0,true,false,0,0,2026-09-04T13:06:51.199Z,2026-09-04T22:06:46Z
deccs.pmddtc.state.gov,Department of State,,true,false,0,0,2026-09-04T02:44:21.190Z,2026-09-04T22:06:46Z
natwebcaww01.wr.usgs.gov,Department of the Interior,,true,false,0,0,2026-09-04T14:38:46.978Z,2026-09-04T22:06:46Z
natwebcaww02.wr.usgs.gov,Department of the Interior,,true,false,0,0,2026-09-04T14:37:05.999Z,2026-09-04T22:06:46Z
upgrade-onrr-frontend.app.cloud.gov,General Services Administration,,true,false,0,0,2026-09-04T03:31:50.307Z,2026-09-04T22:06:46Z
natwebsdww01.cr.usgs.gov,Department of the Interior,,true,false,0,0,2026-09-04T05:53:46.341Z,2026-09-04T22:06:46Z
natwebsdww02.cr.usgs.gov,Department of the Interior,,true,false,0,0,2026-09-04T14:40:18.757Z,2026-09-04T22:06:46Z
deccs.auth.pmddtc.state.gov,Department of State,,false,false,0,0,2026-09-04T07:01:39.060Z,2026-09-04T22:06:46Z
natwebvaww01.er.usgs.gov,Department of the Interior,,true,false,0,0,2026-09-02T22:37:59.504Z,2026-09-04T22:06:46Z
natwebvaww02.er.usgs.gov,Department of the Interior,,true,false,0,0,2026-09-04T10:06:46.732Z,2026-09-04T22:06:46Z
tdp-project-updates.app.cloud.gov,General Services Administration,v3.0.0,true,false,0,0,2026-09-04T02:36:54.978Z,2026-09-04T22:06:46Z
apps.osha.gov,Department of Labor,v1.6.1,true,false,0,0,2026-09-04T02:25:07.735Z,2026-09-04T22:06:46Z
www.osmre.gov,Department of the Interior,v3.2.0,true,false,0,0,2026-09-04T14:44:44.854Z,2026-09-04T22:06:46Z
omh-website.app.cloud.gov,General Services Administration,,true,false,0,0,2026-09-04T07:43:06.470Z,2026-09-04T22:06:46Z
oasis.app.cloud.gov,General Services Administration,,true,false,0,0,2026-09-04T10:36:59.285Z,2026-09-04T22:06:46Z
science.osti.gov,Department of Energy,,true,false,0,0,2026-09-04T02:44:15.838Z,2026-09-04T22:06:46Z
methanestg.app.cloud.gov,General Services Administration,,true,false,0,0,2026-09-04T05:51:10.827Z,2026-09-04T22:06:46Z
www.spectrum.gov,Department of Commerce,,true,false,0,0,2026-09-04T06:58:52.851Z,2026-09-04T22:06:46Z
stn.wim.usgs.gov,Department of the Interior,v2.12.2,true,false,0,0,2026-09-04T04:38:40.295Z,2026-09-04T22:06:46Z
soarc.gov,Department of Defense,,true,false,0,0,2026-09-04T13:04:09.500Z,2026-09-04T22:06:46Z
abilityone.oversight.gov,Council of the Inspectors General on Integrity and Efficiency,v3.4.1,true,false,0,0,2026-09-04T02:39:25.724Z,2026-09-04T22:06:46Z
eximoig.oversight.gov,Council of the Inspectors General on Integrity and Efficiency,,true,false,0,0,2026-09-04T12:52:21.903Z,2026-09-04T22:06:46Z
nrcoig.oversight.gov,Council of the Inspectors General on Integrity and Efficiency,,true,false,0,0,2026-09-04T09:30:12.453Z,2026-09-04T22:06:46Z
www.simplereport.gov,Department of Health and Human Services,v2.14.0,true,false,0,0,2026-09-04T09:20:09.416Z,2026-09-04T22:06:46Z
wim.usgs.gov,Department of the Interior,v2.13.3,true,false,0,0,2026-09-04T04:25:33.188Z,2026-09-04T22:06:46Z
ahwmpt-prod.app.cloud.gov,General Services Administration,,true,false,0,0,2026-09-04T05:32:22.343Z,2026-09-04T22:06:46Z
usich.gov,U.S. Interagency Council on Homelessness,,true,false,0,0,2026-09-04T11:47:05.307Z,2026-09-04T22:06:46Z
dataweb.usitc.gov,International Trade Commission,,true,false,0,0,2026-09-04T05:06:32.885Z,2026-09-04T22:06:46Z
edis.usitc.gov,International Trade Commission,,true,false,0,0,2026-09-04T05:01:40.670Z,2026-09-04T22:06:46Z
pentest.simplereport.gov,Department of Health and Human Services,v2.1.0,true,false,0,0,2026-09-04T01:36:07.835Z,2026-09-04T22:06:46Z
ids.usitc.gov,International Trade Commission,,true,false,0,0,2026-09-04T07:18:46.147Z,2026-09-04T22:06:46Z
www.usitc.gov,International Trade Commission,,true,false,0,0,2026-09-04T09:41:59.748Z,2026-09-04T22:06:46Z
resilience.climate.gov,Department of Commerce,,false,false,0,0,2026-09-04T09:53:19.507Z,2026-09-04T22:06:46Z
citap.gov,Department of Energy,,false,true,0,0,2026-09-04T12:27:04.887Z,2026-09-04T22:06:46Z
myservices.cisa.gov,Department of Homeland Security,,true,false,0,0,2026-09-04T08:11:31.519Z,2026-09-04T22:06:46Z
www.armed-services.senate.gov,United States Senate,,false,false,0,0,2026-09-04T14:13:51.938Z,2026-09-04T22:06:46Z
awards.cigie.gov,Council of the Inspectors General on Integrity and Efficiency,,true,false,0,0,2026-09-04T05:19:42.812Z,2026-09-04T22:06:46Z
askchips.chips.gov,Department of Commerce,v2.13.2,true,false,0,0,2026-09-04T05:16:19.297Z,2026-09-04T22:06:46Z
applications.chips.gov,Department of Commerce,v2.13.2,true,false,0,0,2026-09-04T05:19:07.604Z,2026-09-04T22:06:46Z
learn.childwelfare.gov,Department of Health and Human Services,v3.13.0,true,false,0,0,2026-09-04T05:17:52.263Z,2026-09-04T22:06:46Z
www.challenge.gov,General Services Administration,,true,false,0,0,2026-09-04T05:10:14.538Z,2026-09-04T22:06:46Z
www.oversight.gov,Council of the Inspectors General on Integrity and Efficiency,,true,false,0,0,2026-09-02T22:37:59.504Z,2026-09-04T22:06:46Z
usitcoig.oversight.gov,Council of the Inspectors General on Integrity and Efficiency,,true,false,0,0,2026-09-04T09:28:26.729Z,2026-09-04T22:06:46Z
cfius.gov,Department of the Treasury,v3.13.0,true,false,0,0,2026-09-04T07:22:50.307Z,2026-09-04T22:06:46Z
usatradeonline.census.gov,Department of Commerce,,true,false,0,0,2026-09-04T12:24:37.763Z,2026-09-04T22:06:46Z
www.uspis.gov,United States Postal Service,,false,false,0,0,2026-09-04T05:44:20.908Z,2026-09-04T22:06:46Z
login.usps.gov,United States Postal Service,,false,false,0,0,2026-09-04T03:12:23.932Z,2026-09-04T22:06:46Z
www.uspsoig.gov,United States Postal Service,,true,false,0,0,2026-09-02T22:37:59.504Z,2026-09-04T22:06:46Z
account.uspto.gov,Department of Commerce,,false,false,0,0,2026-09-04T06:20:12.297Z,2026-09-04T22:06:46Z
assignmentcenter.uspto.gov,Department of Commerce,,false,false,0,0,2026-09-04T06:20:46.601Z,2026-09-04T22:06:46Z
www.sdr.gov,Department of Commerce,v3.3.0,true,false,0,0,2026-09-04T01:45:32.322Z,2026-09-04T22:06:46Z
registration.tco.census.gov,Department of Commerce,v2.12.2,true,false,0,0,2026-09-04T02:28:07.932Z,2026-09-04T22:06:46Z
pssvlab.tco.census.gov,Department of Commerce,v2.12.2,true,false,0,0,2026-09-04T02:30:57.140Z,2026-09-04T22:06:46Z
pss.tco.census.gov,Department of Commerce,v2.12.2,true,false,0,0,2026-09-04T02:25:24.680Z,2026-09-04T22:06:46Z
pacer.uscourts.gov,Administrative Office of the United States Courts,,true,false,0,0,2026-09-04T07:29:47.329Z,2026-09-04T22:06:46Z
idm-tmng.uspto.gov,Department of Commerce,,false,false,0,0,2026-09-04T03:09:29.953Z,2026-09-04T22:06:46Z
www.papahanaumokuakea.gov,Department of Commerce,,false,false,0,0,2026-09-02T22:37:59.504Z,2026-09-04T22:06:46Z
www.fac.gov,Department of Commerce,v3.12.0,true,false,0,0,2026-09-04T06:50:17.769Z,2026-09-04T22:06:46Z
my.uspto.gov,Department of Commerce,,false,false,0,0,2026-09-04T06:25:26.069Z,2026-09-04T22:06:46Z
oedci.uspto.gov,Department of Commerce,,false,false,0,0,2026-09-04T03:15:44.425Z,2026-09-04T22:06:46Z
patentcenter.uspto.gov,Department of Commerce,,false,false,0,0,2026-09-04T06:31:10.909Z,2026-09-04T22:06:46Z
id-provider.tco.census.gov,Department of Commerce,v2.12.2,true,false,0,0,2026-09-04T08:18:04.316Z,2026-09-04T22:06:46Z
auth.uspto.gov,Department of Commerce,,false,false,0,0,2026-09-02T22:37:59.504Z,2026-09-04T22:06:46Z
broadcast.census.gov,Department of Commerce,,true,false,0,0,2026-09-04T05:06:42.088Z,2026-09-04T22:06:46Z
www.councils.gov,General Services Administration,,true,false,0,0,2026-09-04T14:35:52.573Z,2026-09-04T22:06:46Z
tmidm.uspto.gov,Department of Commerce,,false,false,0,0,2026-09-04T06:43:54.465Z,2026-09-04T22:06:46Z
www.sbir.gov,Small Business Administration,,true,false,0,0,2026-09-02T22:37:59.504Z,2026-09-04T22:06:46Z
app.www.sbir.gov,Small Business Administration,,true,false,0,0,2026-09-04T06:47:36.648Z,2026-09-04T22:06:46Z
prism-simulation.cdc.gov,Department of Health and Human Services,,false,false,0,0,2026-09-04T03:54:04.237Z,2026-09-04T22:06:46Z
maps.certify.sba.gov,Small Business Administration,v1.3.1,true,false,0,0,2026-09-04T13:22:31.015Z,2026-09-04T22:06:46Z
app.dawson.ustaxcourt.gov,United States Tax Court,,true,false,0,0,2026-09-04T06:47:37.996Z,2026-09-04T22:06:46Z
dawson.ustaxcourt.gov,United States Tax Court,,true,false,0,0,2026-09-04T11:53:37.052Z,2026-09-04T22:06:46Z
ustaxcourt.gov,United States Tax Court,v3.14.0,true,false,0,0,2026-09-04T06:48:06.054Z,2026-09-04T22:06:46Z
ustda.gov,Trade And Development Agency,v3.13.0,true,false,0,0,2026-09-04T06:54:19.708Z,2026-09-04T22:06:46Z
usxports.gov,Department of State,v3.13.0,true,false,0,0,2026-09-04T08:50:08.459Z,2026-09-04T22:06:46Z
mypaa.pbgc.gov,Pension Benefit Guaranty Corporation,,false,false,0,0,2026-09-04T14:02:44.937Z,2026-09-04T22:06:46Z
dockets.ccb.gov,Library of Congress,,false,false,0,0,2026-09-04T02:25:21.742Z,2026-09-04T22:06:46Z
www.ccac.gov,Department of the Treasury,,true,false,0,0,2026-09-04T12:14:54.825Z,2026-09-04T22:06:46Z
login.cbp.gov,Department of Homeland Security,,false,false,0,0,2026-09-04T12:19:52.803Z,2026-09-04T22:06:46Z
ace-sat.cbp.gov,Department of Homeland Security,,false,false,0,0,2026-09-04T10:30:44.378Z,2026-09-04T22:06:46Z
ace-d6.cbp.gov,Department of Homeland Security,,false,false,0,0,2026-09-04T12:12:22.845Z,2026-09-04T22:06:46Z
ace-d3.cbp.gov,Department of Homeland Security,,false,false,0,0,2026-09-02T22:37:59.504Z,2026-09-04T22:06:46Z
ace.cbp.gov,Department of Homeland Security,,false,false,0,0,2026-09-04T12:08:32.503Z,2026-09-04T22:06:46Z
search.certifications.sba.gov,Small Business Administration,,true,false,0,0,2026-09-04T06:33:52.254Z,2026-09-04T22:06:46Z
oig.pbgc.gov,Pension Benefit Guaranty Corporation,,true,false,0,0,2026-09-04T13:40:05.899Z,2026-09-04T22:06:46Z
data.sba.gov,Small Business Administration,,true,false,0,0,2026-09-04T01:22:17.915Z,2026-09-04T22:06:46Z
cap.mil,Department of Defense,,false,false,0,0,2026-09-02T22:37:59.504Z,2026-09-04T22:06:46Z
nyw.cap.gov,Department of Defense,v1.3.1,true,false,0,0,2026-09-04T11:56:19.632Z,2026-09-04T22:06:46Z
datahub.certify.sba.gov,Small Business Administration,,true,false,0,0,2026-09-04T08:59:27.587Z,2026-09-04T22:06:46Z
www.pbrb.gov,Public Buildings Reform Board,,true,false,0,0,2026-09-04T02:36:57.744Z,2026-09-04T22:06:46Z
certifications.sba.gov,Small Business Administration,,true,false,0,0,2026-09-04T09:01:16.823Z,2026-09-04T22:06:46Z
calculator.certifications.sba.gov,Small Business Administration,v3.7.1,true,false,0,0,2026-09-04T01:27:59.458Z,2026-09-04T22:06:46Z
map.peacecorps.gov,Peace Corps,,true,false,0,0,2026-09-04T02:44:07.196Z,2026-09-04T22:06:46Z
mapstg.peacecorps.gov,Peace Corps,,true,false,0,0,2026-09-04T02:48:27.727Z,2026-09-04T22:06:46Z
maap.ccr.cancer.gov,Department of Health and Human Services,,false,false,0,0,2026-09-04T07:48:37.901Z,2026-09-04T22:06:46Z
spars-signin.samhsa.gov,Department of Health and Human Services,,false,false,0,0,2026-09-04T13:42:21.495Z,2026-09-04T22:06:46Z
snacregister.samhsa.gov,Department of Health and Human Services,,true,false,0,0,2026-09-04T01:01:47.019Z,2026-09-04T22:06:46Z
otp-extranet.samhsa.gov,Department of Health and Human Services,,true,false,0,0,2026-09-04T09:00:56.639Z,2026-09-04T22:06:46Z
info.nsumhss.samhsa.gov,Department of Health and Human Services,v2.10.0,false,false,0,0,2026-09-04T13:39:21.616Z,2026-09-04T22:06:46Z
www.saferproducts.gov,Consumer Product Safety Commission,,true,false,0,0,2026-09-04T12:39:27.162Z,2026-09-04T22:06:46Z
datahub.va.gov,Department of Veterans Affairs,,true,false,0,0,2026-09-04T09:39:38.131Z,2026-09-04T22:06:46Z
www.madeinamerica.gov,General Services Administration,,true,false,0,0,2026-09-04T11:37:57.064Z,2026-09-04T22:06:46Z
www.tankcar.bts.gov,Department of Transportation,,true,false,0,0,2026-09-04T11:28:26.238Z,2026-09-04T22:06:46Z
design.va.gov,Department of Veterans Affairs,,true,false,0,0,2026-09-04T14:44:30.045Z,2026-09-04T22:06:46Z
safeocs.gov,Department of Transportation,,true,false,0,0,2026-09-04T13:15:18.700Z,2026-09-04T22:06:46Z
survey.bts.gov,Department of Transportation,,true,false,0,0,2026-09-04T14:08:24.225Z,2026-09-04T22:06:46Z
rosap.ntl.bts.gov,Department of Transportation,,false,false,0,0,2026-09-04T11:34:44.574Z,2026-09-04T22:06:46Z
data.bts.gov,Department of Transportation,,true,false,0,0,2026-09-04T11:29:53.112Z,2026-09-04T22:06:46Z
peacecorpsoig.gov,Peace Corps,,true,false,0,0,2026-09-04T03:17:31.672Z,2026-09-04T22:06:46Z
www.data.bsee.gov,Department of the Interior,v3.11.0,true,false,0,0,2026-09-04T11:23:14.470Z,2026-09-04T22:06:46Z
www.rocis.gov,General Services Administration,,true,false,0,0,2026-09-04T08:58:08.286Z,2026-09-04T22:06:46Z
www.data.boem.gov,Department of the Interior,v3.11.0,true,false,0,0,2026-09-04T08:43:39.632Z,2026-09-04T22:06:46Z
www.restorethegulf.gov,Gulf Coast Ecosystem Restoration Council,,true,false,0,0,2026-09-02T22:37:59.504Z,2026-09-04T22:06:46Z
www.peprec.research.va.gov,Department of Veterans Affairs,,true,false,0,0,2026-09-04T09:04:10.240Z,2026-09-04T22:06:46Z
snapr.bis.gov,Department of Commerce,,true,false,0,0,2026-09-04T10:56:42.896Z,2026-09-04T22:06:46Z
cars.bis.gov,Department of Commerce,,true,false,0,0,2026-09-04T03:58:48.653Z,2026-09-04T22:06:46Z
www.research.gov,National Science Foundation,,true,false,0,0,2026-09-04T14:31:07.660Z,2026-09-04T22:06:46Z
www.bea.gov,Department of Commerce,,true,false,0,0,2026-09-02T22:37:59.504Z,2026-09-04T22:06:46Z
www.ccdor.research.va.gov,Department of Veterans Affairs,,true,false,0,0,2026-09-02T22:37:59.504Z,2026-09-04T22:06:46Z
www.usagm.gov,United States Agency for Global Media,,true,false,0,0,2026-09-04T14:00:19.751Z,2026-09-04T22:06:46Z
www.innovation.va.gov,Department of Veterans Affairs,,true,false,0,0,2026-09-04T09:55:06.635Z,2026-09-04T22:06:46Z
www.property.reporting.gov,General Services Administration,v2.13.2,true,false,0,0,2026-09-04T00:57:38.557Z,2026-09-04T22:06:46Z
login-stg.va.gov,Department of Veterans Affairs,,false,false,0,0,2026-09-04T08:39:52.023Z,2026-09-04T22:06:46Z
lgy.va.gov,Department of Veterans Affairs,v1.6.13,true,false,0,0,2026-09-04T14:44:35.346Z,2026-09-04T22:06:46Z
login.va.gov,Department of Veterans Affairs,,false,false,0,0,2026-09-04T08:26:46.275Z,2026-09-04T22:06:46Z
www.banknet.gov,Department of the Treasury,,true,false,0,0,2026-09-04T06:22:07.925Z,2026-09-04T22:06:46Z
bidenadministration.archives.performance.gov,General Services Administration,2.12.1,true,false,0,0,2026-09-04T03:21:14.841Z,2026-09-04T22:06:46Z
www.performance.gov,General Services Administration,2.12.1,true,false,0,0,2026-09-04T06:59:54.908Z,2026-09-04T22:06:46Z
www.aspr.gov,Department of Health and Human Services,v3.9.0,true,false,0,0,2026-09-04T14:31:48.875Z,2026-09-04T22:06:46Z
www.reginfo.gov,General Services Administration,,true,false,0,0,2026-09-04T14:11:27.984Z,2026-09-04T22:06:46Z
www.mvp.va.gov,Department of Veterans Affairs,,true,false,0,0,2026-09-02T22:37:59.504Z,2026-09-04T22:06:46Z
caia.treasury.gov,Department of the Treasury,v2.4.0,true,false,0,0,2026-09-04T09:49:25.327Z,2026-09-04T22:06:46Z
www.arts.gov,National Endowment for the Arts,,true,false,0,0,2026-09-04T14:51:33.219Z,2026-09-04T22:06:46Z
wva.army.mil,Department of Defense,,false,false,0,0,2026-09-02T22:37:59.504Z,2026-09-04T22:06:46Z
veteranmedals.army.mil,Department of Defense,,false,false,0,0,2026-09-04T07:13:32.224Z,2026-09-04T22:06:46Z
tacom.army.mil,Department of Defense,,false,false,0,0,2026-09-04T07:53:39.036Z,2026-09-04T22:06:46Z
sierra.army.mil,Department of Defense,,false,false,0,0,2026-09-04T09:52:55.671Z,2026-09-04T22:06:46Z
experience.arcgis.com,Department of Defense,v3.12.0,false,false,0,0,2026-09-02T22:37:59.504Z,2026-09-04T22:06:46Z
rms.usace.army.mil,Department of Defense,,false,false,0,0,2026-09-04T07:49:59.055Z,2026-09-04T22:06:46Z
ria-jmtc.army.mil,Department of Defense,,false,false,0,0,2026-09-04T01:35:52.048Z,2026-09-04T22:06:46Z
redriver.army.mil,Department of Defense,,false,false,0,0,2026-09-02T22:37:59.504Z,2026-09-04T22:06:46Z
medcoe.army.mil,Department of Defense,,true,false,0,0,2026-09-04T03:38:52.378Z,2026-09-04T22:06:46Z
juniorofficer.army.mil,Department of Defense,,false,false,0,0,2026-09-04T01:08:42.892Z,2026-09-04T22:06:46Z
dqm.usace.army.mil,Department of Defense,,false,false,0,0,2026-09-04T01:35:00.223Z,2026-09-04T22:06:46Z
anad.army.mil,Department of Defense,,false,false,0,0,2026-09-04T01:22:09.056Z,2026-09-04T22:06:46Z
achh.army.mil,Department of Defense,,true,false,0,0,2026-09-04T10:18:15.176Z,2026-09-04T22:06:46Z
www.energycodes.gov,Department of Energy,,true,false,0,0,2026-09-02T22:37:59.504Z,2026-09-04T22:06:46Z
www.eisenhowerlibrary.gov,National Archives and Records Administration,,false,false,0,0,2026-09-04T14:20:50.142Z,2026-09-04T22:06:46Z
www.clintonlibrary.gov,National Archives and Records Administration,,false,false,0,0,2026-09-04T05:28:02.303Z,2026-09-04T22:06:46Z
www.bis.gov,Department of Commerce,,true,false,0,0,2026-09-04T10:35:17.877Z,2026-09-04T22:06:46Z
www.americorpsoig.gov,Corporation for National and Community Service,,true,false,0,0,2026-09-04T00:53:07.905Z,2026-09-04T22:06:46Z
promote.americorps.gov,Corporation for National and Community Service,,true,false,0,0,2026-09-04T01:02:20.674Z,2026-09-04T22:06:46Z
www.cindrr.research.va.gov,Department of Veterans Affairs,,true,false,0,0,2026-09-02T22:37:59.504Z,2026-09-04T22:06:46Z
www.emsl.pnnl.gov,Department of Energy,v3.9.0,true,false,0,0,2026-09-04T12:16:54.651Z,2026-09-04T22:06:46Z
www.flickr.com,Department of Energy,,false,false,0,0,2026-09-04T12:44:46.431Z,2026-09-04T22:06:46Z
id.ahrq.gov,Department of Health and Human Services,,false,false,0,0,2026-09-04T08:34:21.075Z,2026-09-04T22:06:46Z
www.quantum.gov,Executive Office of the President,v2.8.1,true,false,0,0,2026-09-02T22:37:59.504Z,2026-09-04T22:06:46Z
www.afn.mil,Department of Defense,,false,false,0,0,2026-09-04T00:37:42.415Z,2026-09-04T22:06:46Z
mobile.af.mil,Department of Defense,,true,false,0,0,2026-09-04T00:41:24.654Z,2026-09-04T22:06:46Z
keycloak.levelup.cce.af.mil,Department of Defense,v3.1.0,true,false,0,0,2026-09-04T07:34:56.791Z,2026-09-04T22:06:46Z
www.training.mvp-reef.va.gov,Department of Veterans Affairs,,true,false,0,0,2026-09-04T13:03:47.529Z,2026-09-04T22:06:46Z
af.okta.mil,Department of Defense,,false,false,0,0,2026-09-04T09:55:43.501Z,2026-09-04T22:06:46Z
www.acquisition.gov,General Services Administration,,true,false,0,0,2026-09-04T14:13:20.049Z,2026-09-04T22:06:46Z
portal.acl.gov,Department of Health and Human Services,,false,false,0,0,2026-09-04T03:21:47.080Z,2026-09-04T22:06:46Z
www.vaforvets.va.gov,Department of Veterans Affairs,,true,false,0,0,2026-09-04T10:15:55.317Z,2026-09-04T22:06:46Z
olderindians.acl.gov,Department of Health and Human Services,,true,false,0,0,2026-09-04T04:40:25.000Z,2026-09-04T22:06:46Z
veteranshealthlibrary.va.gov,Department of Veterans Affairs,,true,false,0,0,2026-09-02T22:37:59.504Z,2026-09-04T22:06:46Z
norc.acl.gov,Department of Health and Human Services,,true,false,0,0,2026-09-02T22:37:59.504Z,2026-09-04T22:06:46Z
ncler.acl.gov,Department of Health and Human Services,,true,false,0,0,2026-09-04T13:44:55.431Z,2026-09-04T22:06:46Z
ncea.acl.gov,Department of Health and Human Services,,true,false,0,0,2026-09-04T00:27:43.998Z,2026-09-04T22:06:46Z
natc.acl.gov,Department of Health and Human Services,,true,false,0,0,2026-09-04T04:52:52.895Z,2026-09-04T22:06:46Z
namrs.acl.gov,Department of Health and Human Services,,true,false,0,0,2026-09-04T06:23:47.526Z,2026-09-04T22:06:46Z
naeji.acl.gov,Department of Health and Human Services,,true,false,0,0,2026-09-04T00:29:27.238Z,2026-09-04T22:06:46Z
wpadmin.va.gov,Department of Veterans Affairs,,true,false,0,0,2026-09-02T22:37:59.504Z,2026-09-04T22:06:46Z
vaoig.gov,Department of Veterans Affairs,v3.7.1,true,false,0,0,2026-09-02T22:37:59.504Z,2026-09-04T22:06:46Z
directory.psc.gov,Department of Health and Human Services,,true,false,0,0,2026-09-04T00:41:32.335Z,2026-09-04T22:06:46Z
nadrc.acl.gov,Department of Health and Human Services,,true,false,0,0,2026-09-04T00:26:45.502Z,2026-09-04T22:06:46Z
psa.gov,Court Services and Offender Supervision Agency for the District of Columbia,,true,false,0,0,2026-09-04T03:42:54.799Z,2026-09-04T22:06:46Z
icdr.acl.gov,Department of Health and Human Services,,true,false,0,0,2026-09-04T01:38:13.426Z,2026-09-04T22:06:46Z
elderjustice.acl.gov,Department of Health and Human Services,,true,false,0,0,2026-09-04T00:22:20.656Z,2026-09-04T22:06:46Z
eldercare.acl.gov,Department of Health and Human Services,,true,false,0,0,2026-09-04T13:24:03.478Z,2026-09-04T22:06:46Z
ejcc.acl.gov,Department of Health and Human Services,,true,false,0,0,2026-09-04T07:10:41.499Z,2026-09-04T22:06:46Z
whatcanyoudocampaign.gov,Department of Labor,v3.13.0,true,false,0,0,2026-09-02T22:37:59.504Z,2026-09-04T22:06:46Z
www.whistleblower.gov,Commodity Futures Trading Commission,,false,true,0,0,2026-09-02T22:37:59.504Z,2026-09-04T22:06:46Z
presidentialserviceawards.gov,Corporation for National and Community Service,,true,false,0,0,2026-09-04T07:27:04.381Z,2026-09-04T22:06:46Z
lessons.wildfire.gov,Department of Agriculture,,true,false,0,0,2026-09-04T07:51:35.213Z,2026-09-04T22:06:46Z
dial.acl.gov,Department of Health and Human Services,,true,false,0,0,2026-09-04T13:44:11.397Z,2026-09-04T22:06:46Z
apstarc.acl.gov,Department of Health and Human Services,,true,false,0,0,2026-09-04T00:30:14.955Z,2026-09-04T22:06:46Z
www.wwtg.gov,Department of Commerce,,true,false,0,0,2026-09-04T01:32:14.724Z,2026-09-04T22:06:46Z
agid.acl.gov,Department of Health and Human Services,,true,false,0,0,2026-09-04T12:39:40.543Z,2026-09-04T22:06:46Z
tethys.pnnl.gov,Department of Energy,v3.9.0,true,false,0,0,2026-09-04T14:35:18.929Z,2026-09-04T22:06:46Z
abilityone.gov,United States AbilityOne Commission,v3.11.0,true,false,0,0,2026-09-02T22:37:59.504Z,2026-09-04T22:06:46Z
