report_date,commit,group,count,agencies,semantic_version,agencies_sv,v1_x,agencies_v1,v2_x,agencies_v2,v3_x,agencies_v3,banner,agencies_banner,usa_class,agencies_usa_class
2026-01-27,7c3416305511c33dafd3a32d670f162aed4149f8,All sites scanned,31201,,1085,,24,,554,,434,,2821,,4642,
2026-01-27,7c3416305511c33dafd3a32d670f162aed4149f8,All live sites,16038,,1045,,24,,520,,429,,2736,,4291,
2026-01-27,7c3416305511c33dafd3a32d670f162aed4149f8,"All live, filtered sites",1253,,65,,1,,27,,34,,222,,321,
2026-01-27,7c3416305511c33dafd3a32d670f162aed4149f8,"All live, filtered, non-redirecting sites",828,,41,,1,,11,,26,,137,,193,
2026-01-27,7c3416305511c33dafd3a32d670f162aed4149f8,Executive sites scanned,29760,,1082,,24,,554,,431,,2804,,4621,
2026-01-27,7c3416305511c33dafd3a32d670f162aed4149f8,Executive live sites,15117,,1042,,24,,520,,426,,2719,,4270,
2026-01-27,7c3416305511c33dafd3a32d670f162aed4149f8,"Executive live, filtered sites",1237,,64,,1,,27,,33,,219,,318,
2026-01-27,7c3416305511c33dafd3a32d670f162aed4149f8,"Executive live, filtered, non-redirecting sites",820,,41,,1,,11,,26,,136,,192,
2026-01-27,7c3416305511c33dafd3a32d670f162aed4149f8,Legislative sites scanned,1066,,0,,0,,0,,0,,2,,6,
2026-01-27,7c3416305511c33dafd3a32d670f162aed4149f8,Legislative live sites,814,,0,,0,,0,,0,,2,,6,
2026-01-27,7c3416305511c33dafd3a32d670f162aed4149f8,"Legislative live, filtered sites",5,,0,,0,,0,,0,,0,,0,
2026-01-27,7c3416305511c33dafd3a32d670f162aed4149f8,"Legislative live, filtered, non-redirecting sites",1,,0,,0,,0,,0,,0,,0,
2026-01-27,7c3416305511c33dafd3a32d670f162aed4149f8,Judicial sites scanned,369,,3,,0,,0,,3,,15,,15,
2026-01-27,7c3416305511c33dafd3a32d670f162aed4149f8,Judicial live sites,102,,3,,0,,0,,3,,15,,15,
2026-01-27,7c3416305511c33dafd3a32d670f162aed4149f8,"Judicial live, filtered sites",10,,1,,0,,0,,1,,3,,3,
2026-01-27,7c3416305511c33dafd3a32d670f162aed4149f8,"Judicial live, filtered, non-redirecting sites",6,,0,,0,,0,,0,,1,,1,
2026-01-27,7c3416305511c33dafd3a32d670f162aed4149f8,IDEA sites scanned,10380,,482,,19,,226,,205,,1112,,1709,
2026-01-27,7c3416305511c33dafd3a32d670f162aed4149f8,IDEA live sites,6937,,481,,19,,225,,205,,1109,,1703,
2026-01-27,7c3416305511c33dafd3a32d670f162aed4149f8,"IDEA live, filtered sites",176,,4,,0,,2,,2,,21,,33,
2026-01-27,7c3416305511c33dafd3a32d670f162aed4149f8,"IDEA live, filtered, non-redirecting sites",147,,2,,0,,0,,2,,15,,20,
2026-01-28,a4a6c48478b62d8736ac43bf031dd8549929da40,All sites scanned,31209,,1085,,24,,554,,435,,2821,,4645,
2026-01-28,a4a6c48478b62d8736ac43bf031dd8549929da40,All live sites,15976,,1047,,24,,520,,431,,2739,,4299,
2026-01-28,a4a6c48478b62d8736ac43bf031dd8549929da40,"All live, filtered sites",1255,,65,,1,,28,,33,,219,,319,
2026-01-28,a4a6c48478b62d8736ac43bf031dd8549929da40,"All live, filtered, non-redirecting sites",828,,42,,1,,12,,26,,134,,194,
2026-01-28,a4a6c48478b62d8736ac43bf031dd8549929da40,Executive sites scanned,29768,,1082,,24,,554,,432,,2805,,4625,
2026-01-28,a4a6c48478b62d8736ac43bf031dd8549929da40,Executive live sites,15059,,1044,,24,,520,,428,,2723,,4279,
2026-01-28,a4a6c48478b62d8736ac43bf031dd8549929da40,"Executive live, filtered sites",1239,,64,,1,,28,,32,,216,,316,
2026-01-28,a4a6c48478b62d8736ac43bf031dd8549929da40,"Executive live, filtered, non-redirecting sites",820,,42,,1,,12,,26,,133,,193,
2026-01-28,a4a6c48478b62d8736ac43bf031dd8549929da40,Legislative sites scanned,1066,,0,,0,,0,,0,,1,,5,
2026-01-28,a4a6c48478b62d8736ac43bf031dd8549929da40,Legislative live sites,810,,0,,0,,0,,0,,1,,5,
2026-01-28,a4a6c48478b62d8736ac43bf031dd8549929da40,"Legislative live, filtered sites",5,,0,,0,,0,,0,,0,,0,
2026-01-28,a4a6c48478b62d8736ac43bf031dd8549929da40,"Legislative live, filtered, non-redirecting sites",1,,0,,0,,0,,0,,0,,0,
2026-01-28,a4a6c48478b62d8736ac43bf031dd8549929da40,Judicial sites scanned,369,,3,,0,,0,,3,,15,,15,
2026-01-28,a4a6c48478b62d8736ac43bf031dd8549929da40,Judicial live sites,102,,3,,0,,0,,3,,15,,15,
2026-01-28,a4a6c48478b62d8736ac43bf031dd8549929da40,"Judicial live, filtered sites",10,,1,,0,,0,,1,,3,,3,
2026-01-28,a4a6c48478b62d8736ac43bf031dd8549929da40,"Judicial live, filtered, non-redirecting sites",6,,0,,0,,0,,0,,1,,1,
2026-01-28,a4a6c48478b62d8736ac43bf031dd8549929da40,IDEA sites scanned,10380,,481,,20,,223,,207,,1117,,1713,
2026-01-28,a4a6c48478b62d8736ac43bf031dd8549929da40,IDEA live sites,6909,,480,,20,,222,,207,,1114,,1707,
2026-01-28,a4a6c48478b62d8736ac43bf031dd8549929da40,"IDEA live, filtered sites",178,,4,,0,,2,,2,,20,,33,
2026-01-28,a4a6c48478b62d8736ac43bf031dd8549929da40,"IDEA live, filtered, non-redirecting sites",148,,2,,0,,0,,2,,14,,20,
2026-01-29,17e9e767eeebd34e09a1ba64cad90bfc3a2333f4,All sites scanned,31215,,1076,,24,,550,,431,,2816,,4640,
2026-01-29,17e9e767eeebd34e09a1ba64cad90bfc3a2333f4,All live sites,15950,,1038,,24,,516,,427,,2735,,4296,
2026-01-29,17e9e767eeebd34e09a1ba64cad90bfc3a2333f4,"All live, filtered sites",1254,,65,,1,,28,,33,,219,,320,
2026-01-29,17e9e767eeebd34e09a1ba64cad90bfc3a2333f4,"All live, filtered, non-redirecting sites",828,,42,,1,,12,,26,,134,,195,
2026-01-29,17e9e767eeebd34e09a1ba64cad90bfc3a2333f4,Executive sites scanned,29774,,1073,,24,,550,,428,,2800,,4620,
2026-01-29,17e9e767eeebd34e09a1ba64cad90bfc3a2333f4,Executive live sites,15034,,1035,,24,,516,,424,,2719,,4276,
2026-01-29,17e9e767eeebd34e09a1ba64cad90bfc3a2333f4,"Executive live, filtered sites",1238,,64,,1,,28,,32,,216,,317,
2026-01-29,17e9e767eeebd34e09a1ba64cad90bfc3a2333f4,"Executive live, filtered, non-redirecting sites",820,,42,,1,,12,,26,,133,,194,
2026-01-29,17e9e767eeebd34e09a1ba64cad90bfc3a2333f4,Legislative sites scanned,1066,,0,,0,,0,,0,,1,,5,
2026-01-29,17e9e767eeebd34e09a1ba64cad90bfc3a2333f4,Legislative live sites,809,,0,,0,,0,,0,,1,,5,
2026-01-29,17e9e767eeebd34e09a1ba64cad90bfc3a2333f4,"Legislative live, filtered sites",5,,0,,0,,0,,0,,0,,0,
2026-01-29,17e9e767eeebd34e09a1ba64cad90bfc3a2333f4,"Legislative live, filtered, non-redirecting sites",1,,0,,0,,0,,0,,0,,0,
2026-01-29,17e9e767eeebd34e09a1ba64cad90bfc3a2333f4,Judicial sites scanned,369,,3,,0,,0,,3,,15,,15,
2026-01-29,17e9e767eeebd34e09a1ba64cad90bfc3a2333f4,Judicial live sites,102,,3,,0,,0,,3,,15,,15,
2026-01-29,17e9e767eeebd34e09a1ba64cad90bfc3a2333f4,"Judicial live, filtered sites",10,,1,,0,,0,,1,,3,,3,
2026-01-29,17e9e767eeebd34e09a1ba64cad90bfc3a2333f4,"Judicial live, filtered, non-redirecting sites",6,,0,,0,,0,,0,,1,,1,
2026-01-29,17e9e767eeebd34e09a1ba64cad90bfc3a2333f4,IDEA sites scanned,10380,,477,,20,,222,,205,,1115,,1710,
2026-01-29,17e9e767eeebd34e09a1ba64cad90bfc3a2333f4,IDEA live sites,6901,,476,,20,,221,,205,,1113,,1705,
2026-01-29,17e9e767eeebd34e09a1ba64cad90bfc3a2333f4,"IDEA live, filtered sites",178,,4,,0,,2,,2,,20,,33,
2026-01-29,17e9e767eeebd34e09a1ba64cad90bfc3a2333f4,"IDEA live, filtered, non-redirecting sites",148,,2,,0,,0,,2,,14,,20,
2026-01-30,6e76955d2ddf1028bfe747b28a8249031f478ac5,All sites scanned,31239,,1078,,23,,555,,432,,2819,,4649,
2026-01-30,6e76955d2ddf1028bfe747b28a8249031f478ac5,All live sites,15739,,1040,,23,,522,,428,,2735,,4302,
2026-01-30,6e76955d2ddf1028bfe747b28a8249031f478ac5,"All live, filtered sites",1243,,66,,1,,29,,33,,217,,318,
2026-01-30,6e76955d2ddf1028bfe747b28a8249031f478ac5,"All live, filtered, non-redirecting sites",817,,43,,1,,13,,26,,132,,193,
2026-01-30,6e76955d2ddf1028bfe747b28a8249031f478ac5,Executive sites scanned,29798,,1075,,23,,555,,429,,2803,,4629,
2026-01-30,6e76955d2ddf1028bfe747b28a8249031f478ac5,Executive live sites,14816,,1037,,23,,522,,425,,2719,,4282,
2026-01-30,6e76955d2ddf1028bfe747b28a8249031f478ac5,"Executive live, filtered sites",1227,,65,,1,,29,,32,,214,,315,
2026-01-30,6e76955d2ddf1028bfe747b28a8249031f478ac5,"Executive live, filtered, non-redirecting sites",809,,43,,1,,13,,26,,131,,192,
2026-01-30,6e76955d2ddf1028bfe747b28a8249031f478ac5,Legislative sites scanned,1066,,0,,0,,0,,0,,1,,5,
2026-01-30,6e76955d2ddf1028bfe747b28a8249031f478ac5,Legislative live sites,816,,0,,0,,0,,0,,1,,5,
2026-01-30,6e76955d2ddf1028bfe747b28a8249031f478ac5,"Legislative live, filtered sites",5,,0,,0,,0,,0,,0,,0,
2026-01-30,6e76955d2ddf1028bfe747b28a8249031f478ac5,"Legislative live, filtered, non-redirecting sites",1,,0,,0,,0,,0,,0,,0,
2026-01-30,6e76955d2ddf1028bfe747b28a8249031f478ac5,Judicial sites scanned,369,,3,,0,,0,,3,,15,,15,
2026-01-30,6e76955d2ddf1028bfe747b28a8249031f478ac5,Judicial live sites,102,,3,,0,,0,,3,,15,,15,
2026-01-30,6e76955d2ddf1028bfe747b28a8249031f478ac5,"Judicial live, filtered sites",10,,1,,0,,0,,1,,3,,3,
2026-01-30,6e76955d2ddf1028bfe747b28a8249031f478ac5,"Judicial live, filtered, non-redirecting sites",6,,0,,0,,0,,0,,1,,1,
2026-01-30,6e76955d2ddf1028bfe747b28a8249031f478ac5,IDEA sites scanned,10380,,470,,19,,220,,204,,1112,,1712,
2026-01-30,6e76955d2ddf1028bfe747b28a8249031f478ac5,IDEA live sites,6710,,470,,19,,220,,204,,1110,,1707,
2026-01-30,6e76955d2ddf1028bfe747b28a8249031f478ac5,"IDEA live, filtered sites",173,,4,,0,,2,,2,,20,,33,
2026-01-30,6e76955d2ddf1028bfe747b28a8249031f478ac5,"IDEA live, filtered, non-redirecting sites",145,,2,,0,,0,,2,,14,,20,
2026-01-31,3ec49599fb53b44f8f9fc52c7776292814a4ff6f,All sites scanned,31235,,1083,,23,,558,,434,,2827,,4653,
2026-01-31,3ec49599fb53b44f8f9fc52c7776292814a4ff6f,All live sites,15712,,1045,,23,,525,,430,,2743,,4306,
2026-01-31,3ec49599fb53b44f8f9fc52c7776292814a4ff6f,"All live, filtered sites",1242,,66,,1,,29,,33,,218,,318,
2026-01-31,3ec49599fb53b44f8f9fc52c7776292814a4ff6f,"All live, filtered, non-redirecting sites",817,,43,,1,,13,,26,,133,,193,
2026-01-31,3ec49599fb53b44f8f9fc52c7776292814a4ff6f,Executive sites scanned,29794,,1080,,23,,558,,431,,2811,,4633,
2026-01-31,3ec49599fb53b44f8f9fc52c7776292814a4ff6f,Executive live sites,14789,,1042,,23,,525,,427,,2727,,4286,
2026-01-31,3ec49599fb53b44f8f9fc52c7776292814a4ff6f,"Executive live, filtered sites",1227,,65,,1,,29,,32,,215,,315,
2026-01-31,3ec49599fb53b44f8f9fc52c7776292814a4ff6f,"Executive live, filtered, non-redirecting sites",810,,43,,1,,13,,26,,132,,192,
2026-01-31,3ec49599fb53b44f8f9fc52c7776292814a4ff6f,Legislative sites scanned,1066,,0,,0,,0,,0,,1,,5,
2026-01-31,3ec49599fb53b44f8f9fc52c7776292814a4ff6f,Legislative live sites,817,,0,,0,,0,,0,,1,,5,
2026-01-31,3ec49599fb53b44f8f9fc52c7776292814a4ff6f,"Legislative live, filtered sites",5,,0,,0,,0,,0,,0,,0,
2026-01-31,3ec49599fb53b44f8f9fc52c7776292814a4ff6f,"Legislative live, filtered, non-redirecting sites",1,,0,,0,,0,,0,,0,,0,
2026-01-31,3ec49599fb53b44f8f9fc52c7776292814a4ff6f,Judicial sites scanned,369,,3,,0,,0,,3,,15,,15,
2026-01-31,3ec49599fb53b44f8f9fc52c7776292814a4ff6f,Judicial live sites,101,,3,,0,,0,,3,,15,,15,
2026-01-31,3ec49599fb53b44f8f9fc52c7776292814a4ff6f,"Judicial live, filtered sites",9,,1,,0,,0,,1,,3,,3,
2026-01-31,3ec49599fb53b44f8f9fc52c7776292814a4ff6f,"Judicial live, filtered, non-redirecting sites",5,,0,,0,,0,,0,,1,,1,
2026-01-31,3ec49599fb53b44f8f9fc52c7776292814a4ff6f,IDEA sites scanned,10380,,470,,19,,221,,204,,1115,,1715,
2026-01-31,3ec49599fb53b44f8f9fc52c7776292814a4ff6f,IDEA live sites,6680,,470,,19,,221,,204,,1113,,1710,
2026-01-31,3ec49599fb53b44f8f9fc52c7776292814a4ff6f,"IDEA live, filtered sites",172,,4,,0,,2,,2,,20,,33,
2026-01-31,3ec49599fb53b44f8f9fc52c7776292814a4ff6f,"IDEA live, filtered, non-redirecting sites",144,,2,,0,,0,,2,,14,,20,
2026-02-01,59270ca142721266ac61f1354916378cc5d1aa98,All sites scanned,31228,,1083,,23,,558,,434,,2827,,4653,
2026-02-01,59270ca142721266ac61f1354916378cc5d1aa98,All live sites,15712,,1045,,23,,525,,430,,2743,,4306,
2026-02-01,59270ca142721266ac61f1354916378cc5d1aa98,"All live, filtered sites",1242,,66,,1,,29,,33,,218,,318,
2026-02-01,59270ca142721266ac61f1354916378cc5d1aa98,"All live, filtered, non-redirecting sites",817,,43,,1,,13,,26,,133,,193,
2026-02-01,59270ca142721266ac61f1354916378cc5d1aa98,Executive sites scanned,29787,,1080,,23,,558,,431,,2811,,4633,
2026-02-01,59270ca142721266ac61f1354916378cc5d1aa98,Executive live sites,14789,,1042,,23,,525,,427,,2727,,4286,
2026-02-01,59270ca142721266ac61f1354916378cc5d1aa98,"Executive live, filtered sites",1227,,65,,1,,29,,32,,215,,315,
2026-02-01,59270ca142721266ac61f1354916378cc5d1aa98,"Executive live, filtered, non-redirecting sites",810,,43,,1,,13,,26,,132,,192,
2026-02-01,59270ca142721266ac61f1354916378cc5d1aa98,Legislative sites scanned,1066,,0,,0,,0,,0,,1,,5,
2026-02-01,59270ca142721266ac61f1354916378cc5d1aa98,Legislative live sites,817,,0,,0,,0,,0,,1,,5,
2026-02-01,59270ca142721266ac61f1354916378cc5d1aa98,"Legislative live, filtered sites",5,,0,,0,,0,,0,,0,,0,
2026-02-01,59270ca142721266ac61f1354916378cc5d1aa98,"Legislative live, filtered, non-redirecting sites",1,,0,,0,,0,,0,,0,,0,
2026-02-01,59270ca142721266ac61f1354916378cc5d1aa98,Judicial sites scanned,369,,3,,0,,0,,3,,15,,15,
2026-02-01,59270ca142721266ac61f1354916378cc5d1aa98,Judicial live sites,101,,3,,0,,0,,3,,15,,15,
2026-02-01,59270ca142721266ac61f1354916378cc5d1aa98,"Judicial live, filtered sites",9,,1,,0,,0,,1,,3,,3,
2026-02-01,59270ca142721266ac61f1354916378cc5d1aa98,"Judicial live, filtered, non-redirecting sites",5,,0,,0,,0,,0,,1,,1,
2026-02-01,59270ca142721266ac61f1354916378cc5d1aa98,IDEA sites scanned,10380,,470,,19,,221,,204,,1115,,1715,
2026-02-01,59270ca142721266ac61f1354916378cc5d1aa98,IDEA live sites,6680,,470,,19,,221,,204,,1113,,1710,
2026-02-01,59270ca142721266ac61f1354916378cc5d1aa98,"IDEA live, filtered sites",172,,4,,0,,2,,2,,20,,33,
2026-02-01,59270ca142721266ac61f1354916378cc5d1aa98,"IDEA live, filtered, non-redirecting sites",144,,2,,0,,0,,2,,14,,20,
2026-02-02,a0c59f1d71ca7ba8e2fec254289981908f82f0c4,All sites scanned,31234,,1080,,25,,543,,441,,2791,,4600,
2026-02-02,a0c59f1d71ca7ba8e2fec254289981908f82f0c4,All live sites,15630,,1043,,25,,510,,438,,2713,,4259,
2026-02-02,a0c59f1d71ca7ba8e2fec254289981908f82f0c4,"All live, filtered sites",1240,,64,,1,,27,,33,,217,,315,
2026-02-02,a0c59f1d71ca7ba8e2fec254289981908f82f0c4,"All live, filtered, non-redirecting sites",823,,39,,1,,11,,24,,131,,189,
2026-02-02,a0c59f1d71ca7ba8e2fec254289981908f82f0c4,Executive sites scanned,29793,,1077,,25,,543,,438,,2775,,4580,
2026-02-02,a0c59f1d71ca7ba8e2fec254289981908f82f0c4,Executive live sites,14732,,1040,,25,,510,,435,,2697,,4239,
2026-02-02,a0c59f1d71ca7ba8e2fec254289981908f82f0c4,"Executive live, filtered sites",1225,,63,,1,,27,,32,,214,,312,
2026-02-02,a0c59f1d71ca7ba8e2fec254289981908f82f0c4,"Executive live, filtered, non-redirecting sites",816,,39,,1,,11,,24,,130,,188,
2026-02-02,a0c59f1d71ca7ba8e2fec254289981908f82f0c4,Legislative sites scanned,1066,,0,,0,,0,,0,,1,,5,
2026-02-02,a0c59f1d71ca7ba8e2fec254289981908f82f0c4,Legislative live sites,791,,0,,0,,0,,0,,1,,5,
2026-02-02,a0c59f1d71ca7ba8e2fec254289981908f82f0c4,"Legislative live, filtered sites",5,,0,,0,,0,,0,,0,,0,
2026-02-02,a0c59f1d71ca7ba8e2fec254289981908f82f0c4,"Legislative live, filtered, non-redirecting sites",1,,0,,0,,0,,0,,0,,0,
2026-02-02,a0c59f1d71ca7ba8e2fec254289981908f82f0c4,Judicial sites scanned,369,,3,,0,,0,,3,,15,,15,
2026-02-02,a0c59f1d71ca7ba8e2fec254289981908f82f0c4,Judicial live sites,101,,3,,0,,0,,3,,15,,15,
2026-02-02,a0c59f1d71ca7ba8e2fec254289981908f82f0c4,"Judicial live, filtered sites",9,,1,,0,,0,,1,,3,,3,
2026-02-02,a0c59f1d71ca7ba8e2fec254289981908f82f0c4,"Judicial live, filtered, non-redirecting sites",5,,0,,0,,0,,0,,1,,1,
2026-02-02,a0c59f1d71ca7ba8e2fec254289981908f82f0c4,IDEA sites scanned,10380,,475,,20,,217,,208,,1101,,1688,
2026-02-02,a0c59f1d71ca7ba8e2fec254289981908f82f0c4,IDEA live sites,6650,,475,,20,,217,,208,,1098,,1682,
2026-02-02,a0c59f1d71ca7ba8e2fec254289981908f82f0c4,"IDEA live, filtered sites",175,,3,,0,,2,,1,,19,,32,
2026-02-02,a0c59f1d71ca7ba8e2fec254289981908f82f0c4,"IDEA live, filtered, non-redirecting sites",146,,1,,0,,0,,1,,13,,19,
2026-02-03,351e54e10ec3435f61edd74484d35c0ea7b4c0f7,All sites scanned,31262,,1078,,25,,538,,442,,2780,,4590,
2026-02-03,351e54e10ec3435f61edd74484d35c0ea7b4c0f7,All live sites,15616,,1040,,25,,504,,439,,2703,,4250,
2026-02-03,351e54e10ec3435f61edd74484d35c0ea7b4c0f7,"All live, filtered sites",1238,,63,,1,,26,,33,,216,,314,
2026-02-03,351e54e10ec3435f61edd74484d35c0ea7b4c0f7,"All live, filtered, non-redirecting sites",823,,39,,1,,11,,24,,130,,189,
2026-02-03,351e54e10ec3435f61edd74484d35c0ea7b4c0f7,Executive sites scanned,29821,,1075,,25,,538,,439,,2764,,4570,
2026-02-03,351e54e10ec3435f61edd74484d35c0ea7b4c0f7,Executive live sites,14719,,1037,,25,,504,,436,,2687,,4230,
2026-02-03,351e54e10ec3435f61edd74484d35c0ea7b4c0f7,"Executive live, filtered sites",1223,,62,,1,,26,,32,,213,,311,
2026-02-03,351e54e10ec3435f61edd74484d35c0ea7b4c0f7,"Executive live, filtered, non-redirecting sites",816,,39,,1,,11,,24,,129,,188,
2026-02-03,351e54e10ec3435f61edd74484d35c0ea7b4c0f7,Legislative sites scanned,1066,,0,,0,,0,,0,,1,,5,
2026-02-03,351e54e10ec3435f61edd74484d35c0ea7b4c0f7,Legislative live sites,790,,0,,0,,0,,0,,1,,5,
2026-02-03,351e54e10ec3435f61edd74484d35c0ea7b4c0f7,"Legislative live, filtered sites",5,,0,,0,,0,,0,,0,,0,
2026-02-03,351e54e10ec3435f61edd74484d35c0ea7b4c0f7,"Legislative live, filtered, non-redirecting sites",1,,0,,0,,0,,0,,0,,0,
2026-02-03,351e54e10ec3435f61edd74484d35c0ea7b4c0f7,Judicial sites scanned,369,,3,,0,,0,,3,,15,,15,
2026-02-03,351e54e10ec3435f61edd74484d35c0ea7b4c0f7,Judicial live sites,101,,3,,0,,0,,3,,15,,15,
2026-02-03,351e54e10ec3435f61edd74484d35c0ea7b4c0f7,"Judicial live, filtered sites",9,,1,,0,,0,,1,,3,,3,
2026-02-03,351e54e10ec3435f61edd74484d35c0ea7b4c0f7,"Judicial live, filtered, non-redirecting sites",5,,0,,0,,0,,0,,1,,1,
2026-02-03,351e54e10ec3435f61edd74484d35c0ea7b4c0f7,IDEA sites scanned,10380,,474,,20,,214,,209,,1096,,1683,
2026-02-03,351e54e10ec3435f61edd74484d35c0ea7b4c0f7,IDEA live sites,6638,,473,,20,,213,,209,,1093,,1677,
2026-02-03,351e54e10ec3435f61edd74484d35c0ea7b4c0f7,"IDEA live, filtered sites",176,,3,,0,,2,,1,,19,,32,
2026-02-03,351e54e10ec3435f61edd74484d35c0ea7b4c0f7,"IDEA live, filtered, non-redirecting sites",147,,1,,0,,0,,1,,13,,19,
2026-02-04,00dd130465c28cc1b838d353c6147182ad9c1417,All sites scanned,31284,,1091,,24,,554,,441,,2779,,4641,
2026-02-04,00dd130465c28cc1b838d353c6147182ad9c1417,All live sites,15478,,1053,,24,,520,,438,,2698,,4297,
2026-02-04,00dd130465c28cc1b838d353c6147182ad9c1417,"All live, filtered sites",1219,,66,,1,,28,,34,,219,,322,
2026-02-04,00dd130465c28cc1b838d353c6147182ad9c1417,"All live, filtered, non-redirecting sites",829,,43,,1,,13,,26,,135,,199,
2026-02-04,00dd130465c28cc1b838d353c6147182ad9c1417,Executive sites scanned,29843,,1088,,24,,554,,438,,2762,,4620,
2026-02-04,00dd130465c28cc1b838d353c6147182ad9c1417,Executive live sites,14575,,1050,,24,,520,,435,,2681,,4276,
2026-02-04,00dd130465c28cc1b838d353c6147182ad9c1417,"Executive live, filtered sites",1204,,65,,1,,28,,33,,216,,319,
2026-02-04,00dd130465c28cc1b838d353c6147182ad9c1417,"Executive live, filtered, non-redirecting sites",822,,43,,1,,13,,26,,134,,198,
2026-02-04,00dd130465c28cc1b838d353c6147182ad9c1417,Legislative sites scanned,1066,,0,,0,,0,,0,,2,,6,
2026-02-04,00dd130465c28cc1b838d353c6147182ad9c1417,Legislative live sites,796,,0,,0,,0,,0,,2,,6,
2026-02-04,00dd130465c28cc1b838d353c6147182ad9c1417,"Legislative live, filtered sites",5,,0,,0,,0,,0,,0,,0,
2026-02-04,00dd130465c28cc1b838d353c6147182ad9c1417,"Legislative live, filtered, non-redirecting sites",1,,0,,0,,0,,0,,0,,0,
2026-02-04,00dd130465c28cc1b838d353c6147182ad9c1417,Judicial sites scanned,369,,3,,0,,0,,3,,15,,15,
2026-02-04,00dd130465c28cc1b838d353c6147182ad9c1417,Judicial live sites,101,,3,,0,,0,,3,,15,,15,
2026-02-04,00dd130465c28cc1b838d353c6147182ad9c1417,"Judicial live, filtered sites",9,,1,,0,,0,,1,,3,,3,
2026-02-04,00dd130465c28cc1b838d353c6147182ad9c1417,"Judicial live, filtered, non-redirecting sites",5,,0,,0,,0,,0,,1,,1,
2026-02-04,00dd130465c28cc1b838d353c6147182ad9c1417,IDEA sites scanned,10380,,477,,19,,221,,206,,1092,,1708,
2026-02-04,00dd130465c28cc1b838d353c6147182ad9c1417,IDEA live sites,6603,,476,,19,,220,,206,,1090,,1703,
2026-02-04,00dd130465c28cc1b838d353c6147182ad9c1417,"IDEA live, filtered sites",175,,3,,0,,2,,1,,19,,32,
2026-02-04,00dd130465c28cc1b838d353c6147182ad9c1417,"IDEA live, filtered, non-redirecting sites",147,,1,,0,,0,,1,,13,,19,
2026-02-05,7749851146478ffee24880df9f921fa42fb3d5f7,All sites scanned,31283,,1092,,24,,554,,442,,2784,,4649,
2026-02-05,7749851146478ffee24880df9f921fa42fb3d5f7,All live sites,15472,,1055,,24,,521,,439,,2701,,4303,
2026-02-05,7749851146478ffee24880df9f921fa42fb3d5f7,"All live, filtered sites",1218,,66,,1,,28,,34,,219,,322,
2026-02-05,7749851146478ffee24880df9f921fa42fb3d5f7,"All live, filtered, non-redirecting sites",830,,43,,1,,13,,26,,135,,199,
2026-02-05,7749851146478ffee24880df9f921fa42fb3d5f7,Executive sites scanned,29842,,1089,,24,,554,,439,,2767,,4628,
2026-02-05,7749851146478ffee24880df9f921fa42fb3d5f7,Executive live sites,14569,,1052,,24,,521,,436,,2684,,4282,
2026-02-05,7749851146478ffee24880df9f921fa42fb3d5f7,"Executive live, filtered sites",1203,,65,,1,,28,,33,,216,,319,
2026-02-05,7749851146478ffee24880df9f921fa42fb3d5f7,"Executive live, filtered, non-redirecting sites",823,,43,,1,,13,,26,,134,,198,
2026-02-05,7749851146478ffee24880df9f921fa42fb3d5f7,Legislative sites scanned,1066,,0,,0,,0,,0,,2,,6,
2026-02-05,7749851146478ffee24880df9f921fa42fb3d5f7,Legislative live sites,796,,0,,0,,0,,0,,2,,6,
2026-02-05,7749851146478ffee24880df9f921fa42fb3d5f7,"Legislative live, filtered sites",5,,0,,0,,0,,0,,0,,0,
2026-02-05,7749851146478ffee24880df9f921fa42fb3d5f7,"Legislative live, filtered, non-redirecting sites",1,,0,,0,,0,,0,,0,,0,
2026-02-05,7749851146478ffee24880df9f921fa42fb3d5f7,Judicial sites scanned,369,,3,,0,,0,,3,,15,,15,
2026-02-05,7749851146478ffee24880df9f921fa42fb3d5f7,Judicial live sites,101,,3,,0,,0,,3,,15,,15,
2026-02-05,7749851146478ffee24880df9f921fa42fb3d5f7,"Judicial live, filtered sites",9,,1,,0,,0,,1,,3,,3,
2026-02-05,7749851146478ffee24880df9f921fa42fb3d5f7,"Judicial live, filtered, non-redirecting sites",5,,0,,0,,0,,0,,1,,1,
2026-02-05,7749851146478ffee24880df9f921fa42fb3d5f7,IDEA sites scanned,10380,,473,,19,,221,,204,,1089,,1708,
2026-02-05,7749851146478ffee24880df9f921fa42fb3d5f7,IDEA live sites,6597,,473,,19,,221,,204,,1087,,1703,
2026-02-05,7749851146478ffee24880df9f921fa42fb3d5f7,"IDEA live, filtered sites",175,,3,,0,,2,,1,,19,,32,
2026-02-05,7749851146478ffee24880df9f921fa42fb3d5f7,"IDEA live, filtered, non-redirecting sites",147,,1,,0,,0,,1,,13,,19,
2026-02-06,857d2d3b0bcc6cade1462b2bd2124d88eee54290,All sites scanned,31291,,1101,,24,,556,,448,,2806,,4624,
2026-02-06,857d2d3b0bcc6cade1462b2bd2124d88eee54290,All live sites,15681,,1064,,24,,523,,444,,2725,,4281,
2026-02-06,857d2d3b0bcc6cade1462b2bd2124d88eee54290,"All live, filtered sites",1241,,71,,1,,29,,38,,221,,322,
2026-02-06,857d2d3b0bcc6cade1462b2bd2124d88eee54290,"All live, filtered, non-redirecting sites",829,,45,,1,,13,,28,,135,,197,
2026-02-06,857d2d3b0bcc6cade1462b2bd2124d88eee54290,Executive sites scanned,29850,,1098,,24,,556,,445,,2789,,4603,
2026-02-06,857d2d3b0bcc6cade1462b2bd2124d88eee54290,Executive live sites,14776,,1061,,24,,523,,441,,2708,,4260,
2026-02-06,857d2d3b0bcc6cade1462b2bd2124d88eee54290,"Executive live, filtered sites",1226,,70,,1,,29,,37,,217,,318,
2026-02-06,857d2d3b0bcc6cade1462b2bd2124d88eee54290,"Executive live, filtered, non-redirecting sites",823,,45,,1,,13,,28,,134,,196,
2026-02-06,857d2d3b0bcc6cade1462b2bd2124d88eee54290,Legislative sites scanned,1066,,0,,0,,0,,0,,1,,5,
2026-02-06,857d2d3b0bcc6cade1462b2bd2124d88eee54290,Legislative live sites,798,,0,,0,,0,,0,,1,,5,
2026-02-06,857d2d3b0bcc6cade1462b2bd2124d88eee54290,"Legislative live, filtered sites",5,,0,,0,,0,,0,,0,,0,
2026-02-06,857d2d3b0bcc6cade1462b2bd2124d88eee54290,"Legislative live, filtered, non-redirecting sites",1,,0,,0,,0,,0,,0,,0,
2026-02-06,857d2d3b0bcc6cade1462b2bd2124d88eee54290,Judicial sites scanned,369,,3,,0,,0,,3,,16,,16,
2026-02-06,857d2d3b0bcc6cade1462b2bd2124d88eee54290,Judicial live sites,101,,3,,0,,0,,3,,16,,16,
2026-02-06,857d2d3b0bcc6cade1462b2bd2124d88eee54290,"Judicial live, filtered sites",9,,1,,0,,0,,1,,4,,4,
2026-02-06,857d2d3b0bcc6cade1462b2bd2124d88eee54290,"Judicial live, filtered, non-redirecting sites",4,,0,,0,,0,,0,,1,,1,
2026-02-06,857d2d3b0bcc6cade1462b2bd2124d88eee54290,IDEA sites scanned,10380,,469,,20,,217,,203,,1095,,1695,
2026-02-06,857d2d3b0bcc6cade1462b2bd2124d88eee54290,IDEA live sites,6647,,469,,20,,217,,203,,1093,,1690,
2026-02-06,857d2d3b0bcc6cade1462b2bd2124d88eee54290,"IDEA live, filtered sites",174,,3,,0,,2,,1,,19,,32,
2026-02-06,857d2d3b0bcc6cade1462b2bd2124d88eee54290,"IDEA live, filtered, non-redirecting sites",146,,1,,0,,0,,1,,13,,19,
2026-02-07,cb2337ada6e12059d231ab3f5eef5c6a9ce96f37,All sites scanned,31285,,1102,,24,,559,,446,,2805,,4620,
2026-02-07,cb2337ada6e12059d231ab3f5eef5c6a9ce96f37,All live sites,15701,,1065,,24,,526,,442,,2725,,4278,
2026-02-07,cb2337ada6e12059d231ab3f5eef5c6a9ce96f37,"All live, filtered sites",1245,,71,,1,,29,,38,,222,,323,
2026-02-07,cb2337ada6e12059d231ab3f5eef5c6a9ce96f37,"All live, filtered, non-redirecting sites",830,,45,,1,,13,,28,,136,,198,
2026-02-07,cb2337ada6e12059d231ab3f5eef5c6a9ce96f37,Executive sites scanned,29844,,1099,,24,,559,,443,,2788,,4599,
2026-02-07,cb2337ada6e12059d231ab3f5eef5c6a9ce96f37,Executive live sites,14796,,1062,,24,,526,,439,,2708,,4257,
2026-02-07,cb2337ada6e12059d231ab3f5eef5c6a9ce96f37,"Executive live, filtered sites",1230,,70,,1,,29,,37,,218,,319,
2026-02-07,cb2337ada6e12059d231ab3f5eef5c6a9ce96f37,"Executive live, filtered, non-redirecting sites",824,,45,,1,,13,,28,,135,,197,
2026-02-07,cb2337ada6e12059d231ab3f5eef5c6a9ce96f37,Legislative sites scanned,1066,,0,,0,,0,,0,,1,,5,
2026-02-07,cb2337ada6e12059d231ab3f5eef5c6a9ce96f37,Legislative live sites,798,,0,,0,,0,,0,,1,,5,
2026-02-07,cb2337ada6e12059d231ab3f5eef5c6a9ce96f37,"Legislative live, filtered sites",5,,0,,0,,0,,0,,0,,0,
2026-02-07,cb2337ada6e12059d231ab3f5eef5c6a9ce96f37,"Legislative live, filtered, non-redirecting sites",1,,0,,0,,0,,0,,0,,0,
2026-02-07,cb2337ada6e12059d231ab3f5eef5c6a9ce96f37,Judicial sites scanned,369,,3,,0,,0,,3,,16,,16,
2026-02-07,cb2337ada6e12059d231ab3f5eef5c6a9ce96f37,Judicial live sites,101,,3,,0,,0,,3,,16,,16,
2026-02-07,cb2337ada6e12059d231ab3f5eef5c6a9ce96f37,"Judicial live, filtered sites",9,,1,,0,,0,,1,,4,,4,
2026-02-07,cb2337ada6e12059d231ab3f5eef5c6a9ce96f37,"Judicial live, filtered, non-redirecting sites",4,,0,,0,,0,,0,,1,,1,
2026-02-07,cb2337ada6e12059d231ab3f5eef5c6a9ce96f37,IDEA sites scanned,10380,,475,,20,,221,,203,,1100,,1700,
2026-02-07,cb2337ada6e12059d231ab3f5eef5c6a9ce96f37,IDEA live sites,6673,,475,,20,,221,,203,,1098,,1695,
2026-02-07,cb2337ada6e12059d231ab3f5eef5c6a9ce96f37,"IDEA live, filtered sites",173,,3,,0,,2,,1,,19,,32,
2026-02-07,cb2337ada6e12059d231ab3f5eef5c6a9ce96f37,"IDEA live, filtered, non-redirecting sites",145,,1,,0,,0,,1,,13,,19,
2026-02-08,0d1482fdce05d5d8693ef39a86c8d579bc400ed2,All sites scanned,31275,,1102,,24,,559,,446,,2804,,4619,
2026-02-08,0d1482fdce05d5d8693ef39a86c8d579bc400ed2,All live sites,15699,,1065,,24,,526,,442,,2724,,4277,
2026-02-08,0d1482fdce05d5d8693ef39a86c8d579bc400ed2,"All live, filtered sites",1244,,71,,1,,29,,38,,222,,323,
2026-02-08,0d1482fdce05d5d8693ef39a86c8d579bc400ed2,"All live, filtered, non-redirecting sites",829,,45,,1,,13,,28,,136,,198,
2026-02-08,0d1482fdce05d5d8693ef39a86c8d579bc400ed2,Executive sites scanned,29834,,1099,,24,,559,,443,,2787,,4598,
2026-02-08,0d1482fdce05d5d8693ef39a86c8d579bc400ed2,Executive live sites,14794,,1062,,24,,526,,439,,2707,,4256,
2026-02-08,0d1482fdce05d5d8693ef39a86c8d579bc400ed2,"Executive live, filtered sites",1229,,70,,1,,29,,37,,218,,319,
2026-02-08,0d1482fdce05d5d8693ef39a86c8d579bc400ed2,"Executive live, filtered, non-redirecting sites",823,,45,,1,,13,,28,,135,,197,
2026-02-08,0d1482fdce05d5d8693ef39a86c8d579bc400ed2,Legislative sites scanned,1066,,0,,0,,0,,0,,1,,5,
2026-02-08,0d1482fdce05d5d8693ef39a86c8d579bc400ed2,Legislative live sites,798,,0,,0,,0,,0,,1,,5,
2026-02-08,0d1482fdce05d5d8693ef39a86c8d579bc400ed2,"Legislative live, filtered sites",5,,0,,0,,0,,0,,0,,0,
2026-02-08,0d1482fdce05d5d8693ef39a86c8d579bc400ed2,"Legislative live, filtered, non-redirecting sites",1,,0,,0,,0,,0,,0,,0,
2026-02-08,0d1482fdce05d5d8693ef39a86c8d579bc400ed2,Judicial sites scanned,369,,3,,0,,0,,3,,16,,16,
2026-02-08,0d1482fdce05d5d8693ef39a86c8d579bc400ed2,Judicial live sites,101,,3,,0,,0,,3,,16,,16,
2026-02-08,0d1482fdce05d5d8693ef39a86c8d579bc400ed2,"Judicial live, filtered sites",9,,1,,0,,0,,1,,4,,4,
2026-02-08,0d1482fdce05d5d8693ef39a86c8d579bc400ed2,"Judicial live, filtered, non-redirecting sites",4,,0,,0,,0,,0,,1,,1,
2026-02-08,0d1482fdce05d5d8693ef39a86c8d579bc400ed2,IDEA sites scanned,10380,,475,,20,,221,,203,,1100,,1700,
2026-02-08,0d1482fdce05d5d8693ef39a86c8d579bc400ed2,IDEA live sites,6673,,475,,20,,221,,203,,1098,,1695,
2026-02-08,0d1482fdce05d5d8693ef39a86c8d579bc400ed2,"IDEA live, filtered sites",173,,3,,0,,2,,1,,19,,32,
2026-02-08,0d1482fdce05d5d8693ef39a86c8d579bc400ed2,"IDEA live, filtered, non-redirecting sites",145,,1,,0,,0,,1,,13,,19,
2026-02-09,fb3008f9cf0d95c88079c7534dc4cfd6d0e027e7,All sites scanned,31283,,1104,,25,,563,,435,,2819,,4637,
2026-02-09,fb3008f9cf0d95c88079c7534dc4cfd6d0e027e7,All live sites,15727,,1064,,25,,530,,431,,2736,,4291,
2026-02-09,fb3008f9cf0d95c88079c7534dc4cfd6d0e027e7,"All live, filtered sites",1254,,68,,1,,28,,36,,224,,321,
2026-02-09,fb3008f9cf0d95c88079c7534dc4cfd6d0e027e7,"All live, filtered, non-redirecting sites",829,,43,,1,,13,,26,,136,,198,
2026-02-09,fb3008f9cf0d95c88079c7534dc4cfd6d0e027e7,Executive sites scanned,29842,,1101,,25,,563,,432,,2802,,4616,
2026-02-09,fb3008f9cf0d95c88079c7534dc4cfd6d0e027e7,Executive live sites,14823,,1061,,25,,530,,428,,2719,,4270,
2026-02-09,fb3008f9cf0d95c88079c7534dc4cfd6d0e027e7,"Executive live, filtered sites",1238,,67,,1,,28,,35,,220,,317,
2026-02-09,fb3008f9cf0d95c88079c7534dc4cfd6d0e027e7,"Executive live, filtered, non-redirecting sites",822,,43,,1,,13,,26,,135,,197,
2026-02-09,fb3008f9cf0d95c88079c7534dc4cfd6d0e027e7,Legislative sites scanned,1066,,0,,0,,0,,0,,1,,5,
2026-02-09,fb3008f9cf0d95c88079c7534dc4cfd6d0e027e7,Legislative live sites,796,,0,,0,,0,,0,,1,,5,
2026-02-09,fb3008f9cf0d95c88079c7534dc4cfd6d0e027e7,"Legislative live, filtered sites",5,,0,,0,,0,,0,,0,,0,
2026-02-09,fb3008f9cf0d95c88079c7534dc4cfd6d0e027e7,"Legislative live, filtered, non-redirecting sites",1,,0,,0,,0,,0,,0,,0,
2026-02-09,fb3008f9cf0d95c88079c7534dc4cfd6d0e027e7,Judicial sites scanned,369,,3,,0,,0,,3,,16,,16,
2026-02-09,fb3008f9cf0d95c88079c7534dc4cfd6d0e027e7,Judicial live sites,102,,3,,0,,0,,3,,16,,16,
2026-02-09,fb3008f9cf0d95c88079c7534dc4cfd6d0e027e7,"Judicial live, filtered sites",10,,1,,0,,0,,1,,4,,4,
2026-02-09,fb3008f9cf0d95c88079c7534dc4cfd6d0e027e7,"Judicial live, filtered, non-redirecting sites",5,,0,,0,,0,,0,,1,,1,
2026-02-09,fb3008f9cf0d95c88079c7534dc4cfd6d0e027e7,IDEA sites scanned,10380,,482,,20,,222,,208,,1116,,1715,
2026-02-09,fb3008f9cf0d95c88079c7534dc4cfd6d0e027e7,IDEA live sites,6697,,482,,20,,222,,208,,1114,,1710,
2026-02-09,fb3008f9cf0d95c88079c7534dc4cfd6d0e027e7,"IDEA live, filtered sites",174,,3,,0,,2,,1,,19,,32,
2026-02-09,fb3008f9cf0d95c88079c7534dc4cfd6d0e027e7,"IDEA live, filtered, non-redirecting sites",144,,1,,0,,0,,1,,13,,19,
2026-02-10,a68677ce857b0951649942c62481d989a2d3f56f,All sites scanned,26764,,1027,,24,,532,,394,,2568,,4278,
2026-02-10,a68677ce857b0951649942c62481d989a2d3f56f,All live sites,14468,,987,,24,,499,,390,,2512,,3964,
2026-02-10,a68677ce857b0951649942c62481d989a2d3f56f,"All live, filtered sites",0,,0,,0,,0,,0,,0,,0,
2026-02-10,a68677ce857b0951649942c62481d989a2d3f56f,"All live, filtered, non-redirecting sites",0,,0,,0,,0,,0,,0,,0,
2026-02-10,a68677ce857b0951649942c62481d989a2d3f56f,Executive sites scanned,25360,,1025,,24,,532,,392,,2555,,4261,
2026-02-10,a68677ce857b0951649942c62481d989a2d3f56f,Executive live sites,13580,,985,,24,,499,,388,,2499,,3947,
2026-02-10,a68677ce857b0951649942c62481d989a2d3f56f,"Executive live, filtered sites",0,,0,,0,,0,,0,,0,,0,
2026-02-10,a68677ce857b0951649942c62481d989a2d3f56f,"Executive live, filtered, non-redirecting sites",0,,0,,0,,0,,0,,0,,0,
2026-02-10,a68677ce857b0951649942c62481d989a2d3f56f,Legislative sites scanned,1052,,0,,0,,0,,0,,1,,5,
2026-02-10,a68677ce857b0951649942c62481d989a2d3f56f,Legislative live sites,791,,0,,0,,0,,0,,1,,5,
2026-02-10,a68677ce857b0951649942c62481d989a2d3f56f,"Legislative live, filtered sites",0,,0,,0,,0,,0,,0,,0,
2026-02-10,a68677ce857b0951649942c62481d989a2d3f56f,"Legislative live, filtered, non-redirecting sites",0,,0,,0,,0,,0,,0,,0,
2026-02-10,a68677ce857b0951649942c62481d989a2d3f56f,Judicial sites scanned,347,,2,,0,,0,,2,,12,,12,
2026-02-10,a68677ce857b0951649942c62481d989a2d3f56f,Judicial live sites,92,,2,,0,,0,,2,,12,,12,
2026-02-10,a68677ce857b0951649942c62481d989a2d3f56f,"Judicial live, filtered sites",0,,0,,0,,0,,0,,0,,0,
2026-02-10,a68677ce857b0951649942c62481d989a2d3f56f,"Judicial live, filtered, non-redirecting sites",0,,0,,0,,0,,0,,0,,0,
2026-02-10,a68677ce857b0951649942c62481d989a2d3f56f,IDEA sites scanned,10071,,478,,20,,220,,206,,1098,,1679,
2026-02-10,a68677ce857b0951649942c62481d989a2d3f56f,IDEA live sites,6516,,478,,20,,220,,206,,1096,,1674,
2026-02-10,a68677ce857b0951649942c62481d989a2d3f56f,"IDEA live, filtered sites",0,,0,,0,,0,,0,,0,,0,
2026-02-10,a68677ce857b0951649942c62481d989a2d3f56f,"IDEA live, filtered, non-redirecting sites",0,,0,,0,,0,,0,,0,,0,
2026-02-11,a9fe8715156c4ec6cef5ac3e581a29fdaa5d58be,All sites scanned,26766,,1029,,25,,531,,411,,2541,,4228,
2026-02-11,a9fe8715156c4ec6cef5ac3e581a29fdaa5d58be,All live sites,14445,,989,,25,,497,,407,,2485,,3916,
2026-02-11,a9fe8715156c4ec6cef5ac3e581a29fdaa5d58be,"All live, filtered sites",0,,0,,0,,0,,0,,0,,0,
2026-02-11,a9fe8715156c4ec6cef5ac3e581a29fdaa5d58be,"All live, filtered, non-redirecting sites",0,,0,,0,,0,,0,,0,,0,
2026-02-11,a9fe8715156c4ec6cef5ac3e581a29fdaa5d58be,Executive sites scanned,25362,,1027,,25,,531,,409,,2528,,4211,
2026-02-11,a9fe8715156c4ec6cef5ac3e581a29fdaa5d58be,Executive live sites,13557,,987,,25,,497,,405,,2472,,3899,
2026-02-11,a9fe8715156c4ec6cef5ac3e581a29fdaa5d58be,"Executive live, filtered sites",0,,0,,0,,0,,0,,0,,0,
2026-02-11,a9fe8715156c4ec6cef5ac3e581a29fdaa5d58be,"Executive live, filtered, non-redirecting sites",0,,0,,0,,0,,0,,0,,0,
2026-02-11,a9fe8715156c4ec6cef5ac3e581a29fdaa5d58be,Legislative sites scanned,1052,,0,,0,,0,,0,,1,,5,
2026-02-11,a9fe8715156c4ec6cef5ac3e581a29fdaa5d58be,Legislative live sites,791,,0,,0,,0,,0,,1,,5,
2026-02-11,a9fe8715156c4ec6cef5ac3e581a29fdaa5d58be,"Legislative live, filtered sites",0,,0,,0,,0,,0,,0,,0,
2026-02-11,a9fe8715156c4ec6cef5ac3e581a29fdaa5d58be,"Legislative live, filtered, non-redirecting sites",0,,0,,0,,0,,0,,0,,0,
2026-02-11,a9fe8715156c4ec6cef5ac3e581a29fdaa5d58be,Judicial sites scanned,347,,2,,0,,0,,2,,12,,12,
2026-02-11,a9fe8715156c4ec6cef5ac3e581a29fdaa5d58be,Judicial live sites,92,,2,,0,,0,,2,,12,,12,
2026-02-11,a9fe8715156c4ec6cef5ac3e581a29fdaa5d58be,"Judicial live, filtered sites",0,,0,,0,,0,,0,,0,,0,
2026-02-11,a9fe8715156c4ec6cef5ac3e581a29fdaa5d58be,"Judicial live, filtered, non-redirecting sites",0,,0,,0,,0,,0,,0,,0,
2026-02-11,a9fe8715156c4ec6cef5ac3e581a29fdaa5d58be,IDEA sites scanned,10071,,471,,20,,220,,204,,1076,,1648,
2026-02-11,a9fe8715156c4ec6cef5ac3e581a29fdaa5d58be,IDEA live sites,6489,,470,,20,,219,,204,,1074,,1643,
2026-02-11,a9fe8715156c4ec6cef5ac3e581a29fdaa5d58be,"IDEA live, filtered sites",0,,0,,0,,0,,0,,0,,0,
2026-02-11,a9fe8715156c4ec6cef5ac3e581a29fdaa5d58be,"IDEA live, filtered, non-redirecting sites",0,,0,,0,,0,,0,,0,,0,
2026-02-12,19d9202609edcd95f1c876a34c341ea9c891cca1,All sites scanned,26766,,1030,,25,,531,,412,,2542,,4229,
2026-02-12,19d9202609edcd95f1c876a34c341ea9c891cca1,All live sites,14447,,990,,25,,497,,408,,2486,,3917,
2026-02-12,19d9202609edcd95f1c876a34c341ea9c891cca1,"All live, filtered sites",0,,0,,0,,0,,0,,0,,0,
2026-02-12,19d9202609edcd95f1c876a34c341ea9c891cca1,"All live, filtered, non-redirecting sites",0,,0,,0,,0,,0,,0,,0,
2026-02-12,19d9202609edcd95f1c876a34c341ea9c891cca1,Executive sites scanned,25362,,1028,,25,,531,,410,,2529,,4212,
2026-02-12,19d9202609edcd95f1c876a34c341ea9c891cca1,Executive live sites,13559,,988,,25,,497,,406,,2473,,3900,
2026-02-12,19d9202609edcd95f1c876a34c341ea9c891cca1,"Executive live, filtered sites",0,,0,,0,,0,,0,,0,,0,
2026-02-12,19d9202609edcd95f1c876a34c341ea9c891cca1,"Executive live, filtered, non-redirecting sites",0,,0,,0,,0,,0,,0,,0,
2026-02-12,19d9202609edcd95f1c876a34c341ea9c891cca1,Legislative sites scanned,1052,,0,,0,,0,,0,,1,,5,
2026-02-12,19d9202609edcd95f1c876a34c341ea9c891cca1,Legislative live sites,791,,0,,0,,0,,0,,1,,5,
2026-02-12,19d9202609edcd95f1c876a34c341ea9c891cca1,"Legislative live, filtered sites",0,,0,,0,,0,,0,,0,,0,
2026-02-12,19d9202609edcd95f1c876a34c341ea9c891cca1,"Legislative live, filtered, non-redirecting sites",0,,0,,0,,0,,0,,0,,0,
2026-02-12,19d9202609edcd95f1c876a34c341ea9c891cca1,Judicial sites scanned,347,,2,,0,,0,,2,,12,,12,
2026-02-12,19d9202609edcd95f1c876a34c341ea9c891cca1,Judicial live sites,92,,2,,0,,0,,2,,12,,12,
2026-02-12,19d9202609edcd95f1c876a34c341ea9c891cca1,"Judicial live, filtered sites",0,,0,,0,,0,,0,,0,,0,
2026-02-12,19d9202609edcd95f1c876a34c341ea9c891cca1,"Judicial live, filtered, non-redirecting sites",0,,0,,0,,0,,0,,0,,0,
2026-02-12,19d9202609edcd95f1c876a34c341ea9c891cca1,IDEA sites scanned,10071,,471,,20,,220,,204,,1076,,1648,
2026-02-12,19d9202609edcd95f1c876a34c341ea9c891cca1,IDEA live sites,6489,,470,,20,,219,,204,,1074,,1643,
2026-02-12,19d9202609edcd95f1c876a34c341ea9c891cca1,"IDEA live, filtered sites",0,,0,,0,,0,,0,,0,,0,
2026-02-12,19d9202609edcd95f1c876a34c341ea9c891cca1,"IDEA live, filtered, non-redirecting sites",0,,0,,0,,0,,0,,0,,0,
2026-02-13,b265f0dcc1a8f55c3c55765ddba027c217f76311,All sites scanned,31301,,1098,,24,,552,,454,,2824,,4611,
2026-02-13,b265f0dcc1a8f55c3c55765ddba027c217f76311,All live sites,15689,,1058,,24,,518,,451,,2744,,4269,
2026-02-13,b265f0dcc1a8f55c3c55765ddba027c217f76311,"All live, filtered sites",0,,0,,0,,0,,0,,0,,0,
2026-02-13,b265f0dcc1a8f55c3c55765ddba027c217f76311,"All live, filtered, non-redirecting sites",0,,0,,0,,0,,0,,0,,0,
2026-02-13,b265f0dcc1a8f55c3c55765ddba027c217f76311,Executive sites scanned,29860,,1095,,24,,552,,451,,2807,,4590,
2026-02-13,b265f0dcc1a8f55c3c55765ddba027c217f76311,Executive live sites,14793,,1055,,24,,518,,448,,2727,,4248,
2026-02-13,b265f0dcc1a8f55c3c55765ddba027c217f76311,"Executive live, filtered sites",0,,0,,0,,0,,0,,0,,0,
2026-02-13,b265f0dcc1a8f55c3c55765ddba027c217f76311,"Executive live, filtered, non-redirecting sites",0,,0,,0,,0,,0,,0,,0,
2026-02-13,b265f0dcc1a8f55c3c55765ddba027c217f76311,Legislative sites scanned,1066,,0,,0,,0,,0,,1,,5,
2026-02-13,b265f0dcc1a8f55c3c55765ddba027c217f76311,Legislative live sites,789,,0,,0,,0,,0,,1,,5,
2026-02-13,b265f0dcc1a8f55c3c55765ddba027c217f76311,"Legislative live, filtered sites",0,,0,,0,,0,,0,,0,,0,
2026-02-13,b265f0dcc1a8f55c3c55765ddba027c217f76311,"Legislative live, filtered, non-redirecting sites",0,,0,,0,,0,,0,,0,,0,
2026-02-13,b265f0dcc1a8f55c3c55765ddba027c217f76311,Judicial sites scanned,369,,3,,0,,0,,3,,16,,16,
2026-02-13,b265f0dcc1a8f55c3c55765ddba027c217f76311,Judicial live sites,101,,3,,0,,0,,3,,16,,16,
2026-02-13,b265f0dcc1a8f55c3c55765ddba027c217f76311,"Judicial live, filtered sites",0,,0,,0,,0,,0,,0,,0,
2026-02-13,b265f0dcc1a8f55c3c55765ddba027c217f76311,"Judicial live, filtered, non-redirecting sites",0,,0,,0,,0,,0,,0,,0,
2026-02-13,b265f0dcc1a8f55c3c55765ddba027c217f76311,IDEA sites scanned,10376,,473,,19,,218,,207,,1101,,1680,
2026-02-13,b265f0dcc1a8f55c3c55765ddba027c217f76311,IDEA live sites,6644,,472,,19,,217,,207,,1099,,1675,
2026-02-13,b265f0dcc1a8f55c3c55765ddba027c217f76311,"IDEA live, filtered sites",0,,0,,0,,0,,0,,0,,0,
2026-02-13,b265f0dcc1a8f55c3c55765ddba027c217f76311,"IDEA live, filtered, non-redirecting sites",0,,0,,0,,0,,0,,0,,0,
2026-02-14,e2b91cbbd09ff7786b8376be5dec1d961e111a1a,All sites scanned,31330,,1095,,26,,560,,432,,2825,,4610,
2026-02-14,e2b91cbbd09ff7786b8376be5dec1d961e111a1a,All live sites,15753,,1057,,26,,527,,428,,2746,,4268,
2026-02-14,e2b91cbbd09ff7786b8376be5dec1d961e111a1a,"All live, filtered sites",0,,0,,0,,0,,0,,0,,0,
2026-02-14,e2b91cbbd09ff7786b8376be5dec1d961e111a1a,"All live, filtered, non-redirecting sites",0,,0,,0,,0,,0,,0,,0,
2026-02-14,e2b91cbbd09ff7786b8376be5dec1d961e111a1a,Executive sites scanned,29889,,1092,,26,,560,,429,,2808,,4589,
2026-02-14,e2b91cbbd09ff7786b8376be5dec1d961e111a1a,Executive live sites,14859,,1054,,26,,527,,425,,2729,,4247,
2026-02-14,e2b91cbbd09ff7786b8376be5dec1d961e111a1a,"Executive live, filtered sites",0,,0,,0,,0,,0,,0,,0,
2026-02-14,e2b91cbbd09ff7786b8376be5dec1d961e111a1a,"Executive live, filtered, non-redirecting sites",0,,0,,0,,0,,0,,0,,0,
2026-02-14,e2b91cbbd09ff7786b8376be5dec1d961e111a1a,Legislative sites scanned,1066,,0,,0,,0,,0,,1,,5,
2026-02-14,e2b91cbbd09ff7786b8376be5dec1d961e111a1a,Legislative live sites,787,,0,,0,,0,,0,,1,,5,
2026-02-14,e2b91cbbd09ff7786b8376be5dec1d961e111a1a,"Legislative live, filtered sites",0,,0,,0,,0,,0,,0,,0,
2026-02-14,e2b91cbbd09ff7786b8376be5dec1d961e111a1a,"Legislative live, filtered, non-redirecting sites",0,,0,,0,,0,,0,,0,,0,
2026-02-14,e2b91cbbd09ff7786b8376be5dec1d961e111a1a,Judicial sites scanned,369,,3,,0,,0,,3,,16,,16,
2026-02-14,e2b91cbbd09ff7786b8376be5dec1d961e111a1a,Judicial live sites,101,,3,,0,,0,,3,,16,,16,
2026-02-14,e2b91cbbd09ff7786b8376be5dec1d961e111a1a,"Judicial live, filtered sites",0,,0,,0,,0,,0,,0,,0,
2026-02-14,e2b91cbbd09ff7786b8376be5dec1d961e111a1a,"Judicial live, filtered, non-redirecting sites",0,,0,,0,,0,,0,,0,,0,
2026-02-14,e2b91cbbd09ff7786b8376be5dec1d961e111a1a,IDEA sites scanned,10380,,475,,21,,219,,202,,1104,,1686,
2026-02-14,e2b91cbbd09ff7786b8376be5dec1d961e111a1a,IDEA live sites,6649,,475,,21,,219,,202,,1101,,1680,
2026-02-14,e2b91cbbd09ff7786b8376be5dec1d961e111a1a,"IDEA live, filtered sites",0,,0,,0,,0,,0,,0,,0,
2026-02-14,e2b91cbbd09ff7786b8376be5dec1d961e111a1a,"IDEA live, filtered, non-redirecting sites",0,,0,,0,,0,,0,,0,,0,
2026-02-16,75b2b9da2688946d694b6cb71a2febb9dc9fbd0f,All sites scanned,31330,,1105,,24,,556,,451,,2821,,4613,
2026-02-16,75b2b9da2688946d694b6cb71a2febb9dc9fbd0f,All live sites,15659,,1067,,24,,523,,448,,2740,,4269,
2026-02-16,75b2b9da2688946d694b6cb71a2febb9dc9fbd0f,"All live, filtered sites",0,,0,,0,,0,,0,,0,,0,
2026-02-16,75b2b9da2688946d694b6cb71a2febb9dc9fbd0f,"All live, filtered, non-redirecting sites",0,,0,,0,,0,,0,,0,,0,
2026-02-16,75b2b9da2688946d694b6cb71a2febb9dc9fbd0f,Executive sites scanned,29889,,1102,,24,,556,,448,,2804,,4592,
2026-02-16,75b2b9da2688946d694b6cb71a2febb9dc9fbd0f,Executive live sites,14762,,1064,,24,,523,,445,,2723,,4248,
2026-02-16,75b2b9da2688946d694b6cb71a2febb9dc9fbd0f,"Executive live, filtered sites",0,,0,,0,,0,,0,,0,,0,
2026-02-16,75b2b9da2688946d694b6cb71a2febb9dc9fbd0f,"Executive live, filtered, non-redirecting sites",0,,0,,0,,0,,0,,0,,0,
2026-02-16,75b2b9da2688946d694b6cb71a2febb9dc9fbd0f,Legislative sites scanned,1066,,0,,0,,0,,0,,1,,5,
2026-02-16,75b2b9da2688946d694b6cb71a2febb9dc9fbd0f,Legislative live sites,793,,0,,0,,0,,0,,1,,5,
2026-02-16,75b2b9da2688946d694b6cb71a2febb9dc9fbd0f,"Legislative live, filtered sites",0,,0,,0,,0,,0,,0,,0,
2026-02-16,75b2b9da2688946d694b6cb71a2febb9dc9fbd0f,"Legislative live, filtered, non-redirecting sites",0,,0,,0,,0,,0,,0,,0,
2026-02-16,75b2b9da2688946d694b6cb71a2febb9dc9fbd0f,Judicial sites scanned,369,,3,,0,,0,,3,,16,,16,
2026-02-16,75b2b9da2688946d694b6cb71a2febb9dc9fbd0f,Judicial live sites,99,,3,,0,,0,,3,,16,,16,
2026-02-16,75b2b9da2688946d694b6cb71a2febb9dc9fbd0f,"Judicial live, filtered sites",0,,0,,0,,0,,0,,0,,0,
2026-02-16,75b2b9da2688946d694b6cb71a2febb9dc9fbd0f,"Judicial live, filtered, non-redirecting sites",0,,0,,0,,0,,0,,0,,0,
2026-02-16,75b2b9da2688946d694b6cb71a2febb9dc9fbd0f,IDEA sites scanned,10380,,468,,19,,216,,203,,1098,,1680,
2026-02-16,75b2b9da2688946d694b6cb71a2febb9dc9fbd0f,IDEA live sites,6614,,468,,19,,216,,203,,1095,,1674,
2026-02-16,75b2b9da2688946d694b6cb71a2febb9dc9fbd0f,"IDEA live, filtered sites",0,,0,,0,,0,,0,,0,,0,
2026-02-16,75b2b9da2688946d694b6cb71a2febb9dc9fbd0f,"IDEA live, filtered, non-redirecting sites",0,,0,,0,,0,,0,,0,,0,
2026-02-17,f971269616e28a94b368c8673caa88e7b1b3d807,All sites scanned,31330,,1106,,24,,558,,450,,2818,,4607,
2026-02-17,f971269616e28a94b368c8673caa88e7b1b3d807,All live sites,15655,,1068,,24,,525,,447,,2737,,4263,
2026-02-17,f971269616e28a94b368c8673caa88e7b1b3d807,"All live, filtered sites",0,,0,,0,,0,,0,,0,,0,
2026-02-17,f971269616e28a94b368c8673caa88e7b1b3d807,"All live, filtered, non-redirecting sites",0,,0,,0,,0,,0,,0,,0,
2026-02-17,f971269616e28a94b368c8673caa88e7b1b3d807,Executive sites scanned,29889,,1103,,24,,558,,447,,2801,,4586,
2026-02-17,f971269616e28a94b368c8673caa88e7b1b3d807,Executive live sites,14754,,1065,,24,,525,,444,,2720,,4242,
2026-02-17,f971269616e28a94b368c8673caa88e7b1b3d807,"Executive live, filtered sites",0,,0,,0,,0,,0,,0,,0,
2026-02-17,f971269616e28a94b368c8673caa88e7b1b3d807,"Executive live, filtered, non-redirecting sites",0,,0,,0,,0,,0,,0,,0,
2026-02-17,f971269616e28a94b368c8673caa88e7b1b3d807,Legislative sites scanned,1066,,0,,0,,0,,0,,1,,5,
2026-02-17,f971269616e28a94b368c8673caa88e7b1b3d807,Legislative live sites,797,,0,,0,,0,,0,,1,,5,
2026-02-17,f971269616e28a94b368c8673caa88e7b1b3d807,"Legislative live, filtered sites",0,,0,,0,,0,,0,,0,,0,
2026-02-17,f971269616e28a94b368c8673caa88e7b1b3d807,"Legislative live, filtered, non-redirecting sites",0,,0,,0,,0,,0,,0,,0,
2026-02-17,f971269616e28a94b368c8673caa88e7b1b3d807,Judicial sites scanned,369,,3,,0,,0,,3,,16,,16,
2026-02-17,f971269616e28a94b368c8673caa88e7b1b3d807,Judicial live sites,99,,3,,0,,0,,3,,16,,16,
2026-02-17,f971269616e28a94b368c8673caa88e7b1b3d807,"Judicial live, filtered sites",0,,0,,0,,0,,0,,0,,0,
2026-02-17,f971269616e28a94b368c8673caa88e7b1b3d807,"Judicial live, filtered, non-redirecting sites",0,,0,,0,,0,,0,,0,,0,
2026-02-17,f971269616e28a94b368c8673caa88e7b1b3d807,IDEA sites scanned,10380,,470,,19,,219,,203,,1098,,1678,
2026-02-17,f971269616e28a94b368c8673caa88e7b1b3d807,IDEA live sites,6620,,470,,19,,219,,203,,1095,,1672,
2026-02-17,f971269616e28a94b368c8673caa88e7b1b3d807,"IDEA live, filtered sites",0,,0,,0,,0,,0,,0,,0,
2026-02-17,f971269616e28a94b368c8673caa88e7b1b3d807,"IDEA live, filtered, non-redirecting sites",0,,0,,0,,0,,0,,0,,0,
2026-02-18,b33b0d5cb50fab2ae238035dbb52e96a13a20561,All sites scanned,31330,,1105,,24,,548,,457,,2848,,4658,
2026-02-18,b33b0d5cb50fab2ae238035dbb52e96a13a20561,All live sites,15773,,1067,,24,,515,,454,,2768,,4316,
2026-02-18,b33b0d5cb50fab2ae238035dbb52e96a13a20561,"All live, filtered sites",0,,0,,0,,0,,0,,0,,0,
2026-02-18,b33b0d5cb50fab2ae238035dbb52e96a13a20561,"All live, filtered, non-redirecting sites",0,,0,,0,,0,,0,,0,,0,
2026-02-18,b33b0d5cb50fab2ae238035dbb52e96a13a20561,Executive sites scanned,29889,,1102,,24,,548,,454,,2831,,4637,
2026-02-18,b33b0d5cb50fab2ae238035dbb52e96a13a20561,Executive live sites,14878,,1064,,24,,515,,451,,2751,,4295,
2026-02-18,b33b0d5cb50fab2ae238035dbb52e96a13a20561,"Executive live, filtered sites",0,,0,,0,,0,,0,,0,,0,
2026-02-18,b33b0d5cb50fab2ae238035dbb52e96a13a20561,"Executive live, filtered, non-redirecting sites",0,,0,,0,,0,,0,,0,,0,
2026-02-18,b33b0d5cb50fab2ae238035dbb52e96a13a20561,Legislative sites scanned,1066,,0,,0,,0,,0,,1,,5,
2026-02-18,b33b0d5cb50fab2ae238035dbb52e96a13a20561,Legislative live sites,788,,0,,0,,0,,0,,1,,5,
2026-02-18,b33b0d5cb50fab2ae238035dbb52e96a13a20561,"Legislative live, filtered sites",0,,0,,0,,0,,0,,0,,0,
2026-02-18,b33b0d5cb50fab2ae238035dbb52e96a13a20561,"Legislative live, filtered, non-redirecting sites",0,,0,,0,,0,,0,,0,,0,
2026-02-18,b33b0d5cb50fab2ae238035dbb52e96a13a20561,Judicial sites scanned,369,,3,,0,,0,,3,,16,,16,
2026-02-18,b33b0d5cb50fab2ae238035dbb52e96a13a20561,Judicial live sites,102,,3,,0,,0,,3,,16,,16,
2026-02-18,b33b0d5cb50fab2ae238035dbb52e96a13a20561,"Judicial live, filtered sites",0,,0,,0,,0,,0,,0,,0,
2026-02-18,b33b0d5cb50fab2ae238035dbb52e96a13a20561,"Judicial live, filtered, non-redirecting sites",0,,0,,0,,0,,0,,0,,0,
2026-02-18,b33b0d5cb50fab2ae238035dbb52e96a13a20561,IDEA sites scanned,10380,,471,,19,,213,,208,,1116,,1694,
2026-02-18,b33b0d5cb50fab2ae238035dbb52e96a13a20561,IDEA live sites,6701,,471,,19,,213,,208,,1114,,1689,
2026-02-18,b33b0d5cb50fab2ae238035dbb52e96a13a20561,"IDEA live, filtered sites",0,,0,,0,,0,,0,,0,,0,
2026-02-18,b33b0d5cb50fab2ae238035dbb52e96a13a20561,"IDEA live, filtered, non-redirecting sites",0,,0,,0,,0,,0,,0,,0,
2026-02-19,1fb7eb4ecbf2acc50e278a1e9616f6238350fda5,All sites scanned,31229,,1106,,24,,548,,461,,2856,,4671,
2026-02-19,1fb7eb4ecbf2acc50e278a1e9616f6238350fda5,All live sites,15781,,1068,,24,,515,,458,,2776,,4329,
2026-02-19,1fb7eb4ecbf2acc50e278a1e9616f6238350fda5,"All live, filtered sites",0,,0,,0,,0,,0,,0,,0,
2026-02-19,1fb7eb4ecbf2acc50e278a1e9616f6238350fda5,"All live, filtered, non-redirecting sites",0,,0,,0,,0,,0,,0,,0,
2026-02-19,1fb7eb4ecbf2acc50e278a1e9616f6238350fda5,Executive sites scanned,29790,,1103,,24,,548,,458,,2839,,4650,
2026-02-19,1fb7eb4ecbf2acc50e278a1e9616f6238350fda5,Executive live sites,14888,,1065,,24,,515,,455,,2759,,4308,
2026-02-19,1fb7eb4ecbf2acc50e278a1e9616f6238350fda5,"Executive live, filtered sites",0,,0,,0,,0,,0,,0,,0,
2026-02-19,1fb7eb4ecbf2acc50e278a1e9616f6238350fda5,"Executive live, filtered, non-redirecting sites",0,,0,,0,,0,,0,,0,,0,
2026-02-19,1fb7eb4ecbf2acc50e278a1e9616f6238350fda5,Legislative sites scanned,1064,,0,,0,,0,,0,,1,,5,
2026-02-19,1fb7eb4ecbf2acc50e278a1e9616f6238350fda5,Legislative live sites,786,,0,,0,,0,,0,,1,,5,
2026-02-19,1fb7eb4ecbf2acc50e278a1e9616f6238350fda5,"Legislative live, filtered sites",0,,0,,0,,0,,0,,0,,0,
2026-02-19,1fb7eb4ecbf2acc50e278a1e9616f6238350fda5,"Legislative live, filtered, non-redirecting sites",0,,0,,0,,0,,0,,0,,0,
2026-02-19,1fb7eb4ecbf2acc50e278a1e9616f6238350fda5,Judicial sites scanned,369,,3,,0,,0,,3,,16,,16,
2026-02-19,1fb7eb4ecbf2acc50e278a1e9616f6238350fda5,Judicial live sites,102,,3,,0,,0,,3,,16,,16,
2026-02-19,1fb7eb4ecbf2acc50e278a1e9616f6238350fda5,"Judicial live, filtered sites",0,,0,,0,,0,,0,,0,,0,
2026-02-19,1fb7eb4ecbf2acc50e278a1e9616f6238350fda5,"Judicial live, filtered, non-redirecting sites",0,,0,,0,,0,,0,,0,,0,
2026-02-19,1fb7eb4ecbf2acc50e278a1e9616f6238350fda5,IDEA sites scanned,10380,,473,,19,,213,,209,,1120,,1701,
2026-02-19,1fb7eb4ecbf2acc50e278a1e9616f6238350fda5,IDEA live sites,6714,,473,,19,,213,,209,,1118,,1696,
2026-02-19,1fb7eb4ecbf2acc50e278a1e9616f6238350fda5,"IDEA live, filtered sites",0,,0,,0,,0,,0,,0,,0,
2026-02-19,1fb7eb4ecbf2acc50e278a1e9616f6238350fda5,"IDEA live, filtered, non-redirecting sites",0,,0,,0,,0,,0,,0,,0,
2026-02-20,5153a111c3f30aea44cee62ade7f6cabd8fee9cb,All sites scanned,31585,,1129,,25,,565,,468,,2839,,4656,
2026-02-20,5153a111c3f30aea44cee62ade7f6cabd8fee9cb,All live sites,15945,,1090,,25,,532,,463,,2761,,4315,
2026-02-20,5153a111c3f30aea44cee62ade7f6cabd8fee9cb,"All live, filtered sites",1254,,72,,1,,26,,42,,230,,328,
2026-02-20,5153a111c3f30aea44cee62ade7f6cabd8fee9cb,"All live, filtered, non-redirecting sites",826,,41,,1,,11,,26,,138,,198,
2026-02-20,5153a111c3f30aea44cee62ade7f6cabd8fee9cb,Executive sites scanned,30143,,1126,,25,,565,,465,,2823,,4636,
2026-02-20,5153a111c3f30aea44cee62ade7f6cabd8fee9cb,Executive live sites,15039,,1087,,25,,532,,460,,2745,,4295,
2026-02-20,5153a111c3f30aea44cee62ade7f6cabd8fee9cb,"Executive live, filtered sites",1238,,71,,1,,26,,41,,225,,323,
2026-02-20,5153a111c3f30aea44cee62ade7f6cabd8fee9cb,"Executive live, filtered, non-redirecting sites",819,,41,,1,,11,,26,,136,,196,
2026-02-20,5153a111c3f30aea44cee62ade7f6cabd8fee9cb,Legislative sites scanned,1067,,0,,0,,0,,0,,1,,5,
2026-02-20,5153a111c3f30aea44cee62ade7f6cabd8fee9cb,Legislative live sites,801,,0,,0,,0,,0,,1,,5,
2026-02-20,5153a111c3f30aea44cee62ade7f6cabd8fee9cb,"Legislative live, filtered sites",5,,0,,0,,0,,0,,0,,0,
2026-02-20,5153a111c3f30aea44cee62ade7f6cabd8fee9cb,"Legislative live, filtered, non-redirecting sites",1,,0,,0,,0,,0,,0,,0,
2026-02-20,5153a111c3f30aea44cee62ade7f6cabd8fee9cb,Judicial sites scanned,369,,3,,0,,0,,3,,15,,15,
2026-02-20,5153a111c3f30aea44cee62ade7f6cabd8fee9cb,Judicial live sites,100,,3,,0,,0,,3,,15,,15,
2026-02-20,5153a111c3f30aea44cee62ade7f6cabd8fee9cb,"Judicial live, filtered sites",10,,1,,0,,0,,1,,5,,5,
2026-02-20,5153a111c3f30aea44cee62ade7f6cabd8fee9cb,"Judicial live, filtered, non-redirecting sites",5,,0,,0,,0,,0,,2,,2,
2026-02-20,5153a111c3f30aea44cee62ade7f6cabd8fee9cb,IDEA sites scanned,10405,,495,,20,,228,,214,,1115,,1695,
2026-02-20,5153a111c3f30aea44cee62ade7f6cabd8fee9cb,IDEA live sites,6694,,494,,20,,228,,213,,1113,,1689,
2026-02-20,5153a111c3f30aea44cee62ade7f6cabd8fee9cb,"IDEA live, filtered sites",174,,3,,0,,2,,1,,19,,29,
2026-02-20,5153a111c3f30aea44cee62ade7f6cabd8fee9cb,"IDEA live, filtered, non-redirecting sites",144,,1,,0,,0,,1,,13,,18,
2026-02-21,a15f374f930246bbe3bcf97d13268f345a50d49a,All sites scanned,31577,,1135,,24,,574,,465,,2842,,4674,
2026-02-21,a15f374f930246bbe3bcf97d13268f345a50d49a,All live sites,16000,,1096,,24,,541,,460,,2763,,4330,
2026-02-21,a15f374f930246bbe3bcf97d13268f345a50d49a,"All live, filtered sites",1258,,71,,1,,27,,40,,232,,331,
2026-02-21,a15f374f930246bbe3bcf97d13268f345a50d49a,"All live, filtered, non-redirecting sites",830,,41,,1,,12,,25,,141,,201,
2026-02-21,a15f374f930246bbe3bcf97d13268f345a50d49a,Executive sites scanned,30136,,1132,,24,,574,,462,,2827,,4655,
2026-02-21,a15f374f930246bbe3bcf97d13268f345a50d49a,Executive live sites,15096,,1093,,24,,541,,457,,2748,,4311,
2026-02-21,a15f374f930246bbe3bcf97d13268f345a50d49a,"Executive live, filtered sites",1243,,70,,1,,27,,39,,228,,327,
2026-02-21,a15f374f930246bbe3bcf97d13268f345a50d49a,"Executive live, filtered, non-redirecting sites",823,,41,,1,,12,,25,,139,,199,
2026-02-21,a15f374f930246bbe3bcf97d13268f345a50d49a,Legislative sites scanned,1066,,0,,0,,0,,0,,1,,5,
2026-02-21,a15f374f930246bbe3bcf97d13268f345a50d49a,Legislative live sites,800,,0,,0,,0,,0,,1,,5,
2026-02-21,a15f374f930246bbe3bcf97d13268f345a50d49a,"Legislative live, filtered sites",5,,0,,0,,0,,0,,0,,0,
2026-02-21,a15f374f930246bbe3bcf97d13268f345a50d49a,"Legislative live, filtered, non-redirecting sites",1,,0,,0,,0,,0,,0,,0,
2026-02-21,a15f374f930246bbe3bcf97d13268f345a50d49a,Judicial sites scanned,369,,3,,0,,0,,3,,14,,14,
2026-02-21,a15f374f930246bbe3bcf97d13268f345a50d49a,Judicial live sites,99,,3,,0,,0,,3,,14,,14,
2026-02-21,a15f374f930246bbe3bcf97d13268f345a50d49a,"Judicial live, filtered sites",9,,1,,0,,0,,1,,4,,4,
2026-02-21,a15f374f930246bbe3bcf97d13268f345a50d49a,"Judicial live, filtered, non-redirecting sites",5,,0,,0,,0,,0,,2,,2,
2026-02-21,a15f374f930246bbe3bcf97d13268f345a50d49a,IDEA sites scanned,10405,,494,,19,,230,,215,,1116,,1700,
2026-02-21,a15f374f930246bbe3bcf97d13268f345a50d49a,IDEA live sites,6717,,493,,19,,230,,214,,1113,,1693,
2026-02-21,a15f374f930246bbe3bcf97d13268f345a50d49a,"IDEA live, filtered sites",173,,3,,0,,2,,1,,19,,29,
2026-02-21,a15f374f930246bbe3bcf97d13268f345a50d49a,"IDEA live, filtered, non-redirecting sites",143,,1,,0,,0,,1,,13,,18,
2026-02-22,646eca46e3e6ced027a4c76f6e8816085c229236,All sites scanned,31563,,1135,,24,,574,,465,,2841,,4673,
2026-02-22,646eca46e3e6ced027a4c76f6e8816085c229236,All live sites,15996,,1096,,24,,541,,460,,2762,,4329,
2026-02-22,646eca46e3e6ced027a4c76f6e8816085c229236,"All live, filtered sites",1257,,71,,1,,27,,40,,231,,330,
2026-02-22,646eca46e3e6ced027a4c76f6e8816085c229236,"All live, filtered, non-redirecting sites",829,,41,,1,,12,,25,,140,,200,
2026-02-22,646eca46e3e6ced027a4c76f6e8816085c229236,Executive sites scanned,30122,,1132,,24,,574,,462,,2826,,4654,
2026-02-22,646eca46e3e6ced027a4c76f6e8816085c229236,Executive live sites,15092,,1093,,24,,541,,457,,2747,,4310,
2026-02-22,646eca46e3e6ced027a4c76f6e8816085c229236,"Executive live, filtered sites",1242,,70,,1,,27,,39,,227,,326,
2026-02-22,646eca46e3e6ced027a4c76f6e8816085c229236,"Executive live, filtered, non-redirecting sites",822,,41,,1,,12,,25,,138,,198,
2026-02-22,646eca46e3e6ced027a4c76f6e8816085c229236,Legislative sites scanned,1066,,0,,0,,0,,0,,1,,5,
2026-02-22,646eca46e3e6ced027a4c76f6e8816085c229236,Legislative live sites,800,,0,,0,,0,,0,,1,,5,
2026-02-22,646eca46e3e6ced027a4c76f6e8816085c229236,"Legislative live, filtered sites",5,,0,,0,,0,,0,,0,,0,
2026-02-22,646eca46e3e6ced027a4c76f6e8816085c229236,"Legislative live, filtered, non-redirecting sites",1,,0,,0,,0,,0,,0,,0,
2026-02-22,646eca46e3e6ced027a4c76f6e8816085c229236,Judicial sites scanned,369,,3,,0,,0,,3,,14,,14,
2026-02-22,646eca46e3e6ced027a4c76f6e8816085c229236,Judicial live sites,99,,3,,0,,0,,3,,14,,14,
2026-02-22,646eca46e3e6ced027a4c76f6e8816085c229236,"Judicial live, filtered sites",9,,1,,0,,0,,1,,4,,4,
2026-02-22,646eca46e3e6ced027a4c76f6e8816085c229236,"Judicial live, filtered, non-redirecting sites",5,,0,,0,,0,,0,,2,,2,
2026-02-22,646eca46e3e6ced027a4c76f6e8816085c229236,IDEA sites scanned,10405,,494,,19,,230,,215,,1116,,1700,
2026-02-22,646eca46e3e6ced027a4c76f6e8816085c229236,IDEA live sites,6717,,493,,19,,230,,214,,1113,,1693,
2026-02-22,646eca46e3e6ced027a4c76f6e8816085c229236,"IDEA live, filtered sites",173,,3,,0,,2,,1,,19,,29,
2026-02-22,646eca46e3e6ced027a4c76f6e8816085c229236,"IDEA live, filtered, non-redirecting sites",143,,1,,0,,0,,1,,13,,18,
2026-02-23,e77c92376001e8d1b2f270400f349dd6d43f3365,All sites scanned,31607,,1123,,23,,559,,465,,2863,,4678,
2026-02-23,e77c92376001e8d1b2f270400f349dd6d43f3365,All live sites,15978,,1084,,23,,526,,461,,2778,,4328,
2026-02-23,e77c92376001e8d1b2f270400f349dd6d43f3365,"All live, filtered sites",1258,,71,,1,,26,,41,,235,,330,
2026-02-23,e77c92376001e8d1b2f270400f349dd6d43f3365,"All live, filtered, non-redirecting sites",827,,38,,1,,11,,23,,140,,200,
2026-02-23,e77c92376001e8d1b2f270400f349dd6d43f3365,Executive sites scanned,30165,,1120,,23,,559,,462,,2847,,4658,
2026-02-23,e77c92376001e8d1b2f270400f349dd6d43f3365,Executive live sites,15068,,1081,,23,,526,,458,,2762,,4308,
2026-02-23,e77c92376001e8d1b2f270400f349dd6d43f3365,"Executive live, filtered sites",1243,,70,,1,,26,,40,,231,,326,
2026-02-23,e77c92376001e8d1b2f270400f349dd6d43f3365,"Executive live, filtered, non-redirecting sites",820,,38,,1,,11,,23,,138,,198,
2026-02-23,e77c92376001e8d1b2f270400f349dd6d43f3365,Legislative sites scanned,1067,,0,,0,,0,,0,,1,,5,
2026-02-23,e77c92376001e8d1b2f270400f349dd6d43f3365,Legislative live sites,806,,0,,0,,0,,0,,1,,5,
2026-02-23,e77c92376001e8d1b2f270400f349dd6d43f3365,"Legislative live, filtered sites",5,,0,,0,,0,,0,,0,,0,
2026-02-23,e77c92376001e8d1b2f270400f349dd6d43f3365,"Legislative live, filtered, non-redirecting sites",1,,0,,0,,0,,0,,0,,0,
2026-02-23,e77c92376001e8d1b2f270400f349dd6d43f3365,Judicial sites scanned,369,,3,,0,,0,,3,,15,,15,
2026-02-23,e77c92376001e8d1b2f270400f349dd6d43f3365,Judicial live sites,99,,3,,0,,0,,3,,15,,15,
2026-02-23,e77c92376001e8d1b2f270400f349dd6d43f3365,"Judicial live, filtered sites",9,,1,,0,,0,,1,,4,,4,
2026-02-23,e77c92376001e8d1b2f270400f349dd6d43f3365,"Judicial live, filtered, non-redirecting sites",5,,0,,0,,0,,0,,2,,2,
2026-02-23,e77c92376001e8d1b2f270400f349dd6d43f3365,IDEA sites scanned,10405,,477,,19,,220,,207,,1116,,1699,
2026-02-23,e77c92376001e8d1b2f270400f349dd6d43f3365,IDEA live sites,6689,,477,,19,,220,,207,,1113,,1693,
2026-02-23,e77c92376001e8d1b2f270400f349dd6d43f3365,"IDEA live, filtered sites",178,,3,,0,,2,,1,,19,,29,
2026-02-23,e77c92376001e8d1b2f270400f349dd6d43f3365,"IDEA live, filtered, non-redirecting sites",147,,1,,0,,0,,1,,13,,18,
2026-02-24,c12edc57268c0ce95d91ef63b65022a9a3dc5de2,All sites scanned,31600,,1120,,23,,557,,463,,2862,,4679,
2026-02-24,c12edc57268c0ce95d91ef63b65022a9a3dc5de2,All live sites,15964,,1081,,23,,524,,459,,2777,,4329,
2026-02-24,c12edc57268c0ce95d91ef63b65022a9a3dc5de2,"All live, filtered sites",1257,,71,,1,,26,,41,,235,,330,
2026-02-24,c12edc57268c0ce95d91ef63b65022a9a3dc5de2,"All live, filtered, non-redirecting sites",826,,38,,1,,11,,23,,140,,200,
2026-02-24,c12edc57268c0ce95d91ef63b65022a9a3dc5de2,Executive sites scanned,30158,,1117,,23,,557,,460,,2846,,4659,
2026-02-24,c12edc57268c0ce95d91ef63b65022a9a3dc5de2,Executive live sites,15058,,1078,,23,,524,,456,,2761,,4309,
2026-02-24,c12edc57268c0ce95d91ef63b65022a9a3dc5de2,"Executive live, filtered sites",1242,,70,,1,,26,,40,,231,,326,
2026-02-24,c12edc57268c0ce95d91ef63b65022a9a3dc5de2,"Executive live, filtered, non-redirecting sites",819,,38,,1,,11,,23,,138,,198,
2026-02-24,c12edc57268c0ce95d91ef63b65022a9a3dc5de2,Legislative sites scanned,1067,,0,,0,,0,,0,,1,,5,
2026-02-24,c12edc57268c0ce95d91ef63b65022a9a3dc5de2,Legislative live sites,802,,0,,0,,0,,0,,1,,5,
2026-02-24,c12edc57268c0ce95d91ef63b65022a9a3dc5de2,"Legislative live, filtered sites",5,,0,,0,,0,,0,,0,,0,
2026-02-24,c12edc57268c0ce95d91ef63b65022a9a3dc5de2,"Legislative live, filtered, non-redirecting sites",1,,0,,0,,0,,0,,0,,0,
2026-02-24,c12edc57268c0ce95d91ef63b65022a9a3dc5de2,Judicial sites scanned,369,,3,,0,,0,,3,,15,,15,
2026-02-24,c12edc57268c0ce95d91ef63b65022a9a3dc5de2,Judicial live sites,99,,3,,0,,0,,3,,15,,15,
2026-02-24,c12edc57268c0ce95d91ef63b65022a9a3dc5de2,"Judicial live, filtered sites",9,,1,,0,,0,,1,,4,,4,
2026-02-24,c12edc57268c0ce95d91ef63b65022a9a3dc5de2,"Judicial live, filtered, non-redirecting sites",5,,0,,0,,0,,0,,2,,2,
2026-02-24,c12edc57268c0ce95d91ef63b65022a9a3dc5de2,IDEA sites scanned,10405,,475,,19,,219,,205,,1114,,1699,
2026-02-24,c12edc57268c0ce95d91ef63b65022a9a3dc5de2,IDEA live sites,6682,,475,,19,,219,,205,,1111,,1693,
2026-02-24,c12edc57268c0ce95d91ef63b65022a9a3dc5de2,"IDEA live, filtered sites",178,,3,,0,,2,,1,,19,,29,
2026-02-24,c12edc57268c0ce95d91ef63b65022a9a3dc5de2,"IDEA live, filtered, non-redirecting sites",147,,1,,0,,0,,1,,13,,18,
2026-02-25,6cfc33fea0cf3756ca639b3aab376e21130c4c1f,All sites scanned,31444,144,1081,39,25,10,556,20,429,34,2783,68,4584,79
2026-02-25,6cfc33fea0cf3756ca639b3aab376e21130c4c1f,All live sites,15767,134,1044,39,25,10,523,20,425,34,2696,68,4235,79
2026-02-25,6cfc33fea0cf3756ca639b3aab376e21130c4c1f,"All live, filtered sites",1264,64,67,17,1,1,26,9,37,14,232,32,325,34
2026-02-25,6cfc33fea0cf3756ca639b3aab376e21130c4c1f,"All live, filtered, non-redirecting sites",833,52,42,12,1,1,11,5,27,10,145,25,203,27
2026-02-25,6cfc33fea0cf3756ca639b3aab376e21130c4c1f,Executive sites scanned,30015,122,1078,38,25,10,556,20,426,33,2766,66,4563,74
2026-02-25,6cfc33fea0cf3756ca639b3aab376e21130c4c1f,Executive live sites,14877,115,1041,38,25,10,523,20,422,33,2679,66,4214,74
2026-02-25,6cfc33fea0cf3756ca639b3aab376e21130c4c1f,"Executive live, filtered sites",1248,58,66,16,1,1,26,9,36,13,227,31,320,33
2026-02-25,6cfc33fea0cf3756ca639b3aab376e21130c4c1f,"Executive live, filtered, non-redirecting sites",826,49,42,12,1,1,11,5,27,10,143,24,201,26
2026-02-25,6cfc33fea0cf3756ca639b3aab376e21130c4c1f,Legislative sites scanned,1056,19,0,0,0,0,0,0,0,0,1,1,5,4
2026-02-25,6cfc33fea0cf3756ca639b3aab376e21130c4c1f,Legislative live sites,784,16,0,0,0,0,0,0,0,0,1,1,5,4
2026-02-25,6cfc33fea0cf3756ca639b3aab376e21130c4c1f,"Legislative live, filtered sites",5,4,0,0,0,0,0,0,0,0,0,0,0,0
2026-02-25,6cfc33fea0cf3756ca639b3aab376e21130c4c1f,"Legislative live, filtered, non-redirecting sites",1,1,0,0,0,0,0,0,0,0,0,0,0,0
2026-02-25,6cfc33fea0cf3756ca639b3aab376e21130c4c1f,Judicial sites scanned,367,2,3,1,0,0,0,0,3,1,16,1,16,1
2026-02-25,6cfc33fea0cf3756ca639b3aab376e21130c4c1f,Judicial live sites,101,2,3,1,0,0,0,0,3,1,16,1,16,1
2026-02-25,6cfc33fea0cf3756ca639b3aab376e21130c4c1f,"Judicial live, filtered sites",10,1,1,1,0,0,0,0,1,1,5,1,5,1
2026-02-25,6cfc33fea0cf3756ca639b3aab376e21130c4c1f,"Judicial live, filtered, non-redirecting sites",5,1,0,0,0,0,0,0,0,0,2,1,2,1
2026-02-25,6cfc33fea0cf3756ca639b3aab376e21130c4c1f,IDEA sites scanned,10349,74,475,30,20,10,218,19,206,25,1103,47,1677,53
2026-02-25,6cfc33fea0cf3756ca639b3aab376e21130c4c1f,IDEA live sites,6580,69,475,30,20,10,218,19,206,25,1097,47,1668,53
2026-02-25,6cfc33fea0cf3756ca639b3aab376e21130c4c1f,"IDEA live, filtered sites",175,25,3,2,0,0,2,1,1,1,19,12,29,15
2026-02-25,6cfc33fea0cf3756ca639b3aab376e21130c4c1f,"IDEA live, filtered, non-redirecting sites",143,19,1,1,0,0,0,0,1,1,13,8,18,10
2026-03-02,d766fab4f25eca4f94b4d9ccf820f46cdcd50204,All sites scanned,31616,144,1128,41,24,10,577,21,457,36,2807,67,4643,78
2026-03-02,d766fab4f25eca4f94b4d9ccf820f46cdcd50204,All live sites,15837,134,1089,41,24,10,544,21,452,36,2719,67,4290,78
2026-03-02,d766fab4f25eca4f94b4d9ccf820f46cdcd50204,"All live, filtered sites",1257,63,68,16,1,1,26,9,38,13,231,31,328,33
2026-03-02,d766fab4f25eca4f94b4d9ccf820f46cdcd50204,"All live, filtered, non-redirecting sites",830,51,42,11,1,1,11,5,27,9,143,23,204,26
2026-03-02,d766fab4f25eca4f94b4d9ccf820f46cdcd50204,Executive sites scanned,30174,122,1125,40,24,10,577,21,454,35,2790,65,4622,73
2026-03-02,d766fab4f25eca4f94b4d9ccf820f46cdcd50204,Executive live sites,14936,114,1086,40,24,10,544,21,449,35,2702,65,4269,73
2026-03-02,d766fab4f25eca4f94b4d9ccf820f46cdcd50204,"Executive live, filtered sites",1242,57,67,15,1,1,26,9,37,12,226,30,323,32
2026-03-02,d766fab4f25eca4f94b4d9ccf820f46cdcd50204,"Executive live, filtered, non-redirecting sites",824,48,42,11,1,1,11,5,27,9,141,22,202,25
2026-03-02,d766fab4f25eca4f94b4d9ccf820f46cdcd50204,Legislative sites scanned,1067,19,0,0,0,0,0,0,0,0,1,1,5,4
2026-03-02,d766fab4f25eca4f94b4d9ccf820f46cdcd50204,Legislative live sites,797,17,0,0,0,0,0,0,0,0,1,1,5,4
2026-03-02,d766fab4f25eca4f94b4d9ccf820f46cdcd50204,"Legislative live, filtered sites",5,4,0,0,0,0,0,0,0,0,0,0,0,0
2026-03-02,d766fab4f25eca4f94b4d9ccf820f46cdcd50204,"Legislative live, filtered, non-redirecting sites",1,1,0,0,0,0,0,0,0,0,0,0,0,0
2026-03-02,d766fab4f25eca4f94b4d9ccf820f46cdcd50204,Judicial sites scanned,369,2,3,1,0,0,0,0,3,1,16,1,16,1
2026-03-02,d766fab4f25eca4f94b4d9ccf820f46cdcd50204,Judicial live sites,99,2,3,1,0,0,0,0,3,1,16,1,16,1
2026-03-02,d766fab4f25eca4f94b4d9ccf820f46cdcd50204,"Judicial live, filtered sites",9,1,1,1,0,0,0,0,1,1,5,1,5,1
2026-03-02,d766fab4f25eca4f94b4d9ccf820f46cdcd50204,"Judicial live, filtered, non-redirecting sites",4,1,0,0,0,0,0,0,0,0,2,1,2,1
2026-03-02,d766fab4f25eca4f94b4d9ccf820f46cdcd50204,IDEA sites scanned,10405,74,485,32,18,10,228,19,209,27,1114,48,1703,54
2026-03-02,d766fab4f25eca4f94b4d9ccf820f46cdcd50204,IDEA live sites,6611,70,485,32,18,10,228,19,209,27,1110,48,1696,54
2026-03-02,d766fab4f25eca4f94b4d9ccf820f46cdcd50204,"IDEA live, filtered sites",173,25,4,3,0,0,2,1,2,2,20,12,30,15
2026-03-02,d766fab4f25eca4f94b4d9ccf820f46cdcd50204,"IDEA live, filtered, non-redirecting sites",142,19,2,2,0,0,0,0,2,2,14,8,19,10
2026-03-03,c8569c11d168e10ff376992b5e01afd6831a20e7,All sites scanned,31619,144,1136,40,24,10,578,21,464,35,2799,67,4631,78
2026-03-03,c8569c11d168e10ff376992b5e01afd6831a20e7,All live sites,15826,134,1097,40,24,10,545,21,459,35,2711,67,4278,78
2026-03-03,c8569c11d168e10ff376992b5e01afd6831a20e7,"All live, filtered sites",1125,59,66,16,1,1,24,9,37,13,215,27,308,31
2026-03-03,c8569c11d168e10ff376992b5e01afd6831a20e7,"All live, filtered, non-redirecting sites",719,49,39,11,1,1,11,5,24,9,127,20,189,24
2026-03-03,c8569c11d168e10ff376992b5e01afd6831a20e7,Executive sites scanned,30177,122,1133,39,24,10,578,21,461,34,2782,65,4610,73
2026-03-03,c8569c11d168e10ff376992b5e01afd6831a20e7,Executive live sites,14927,114,1094,39,24,10,545,21,456,34,2694,65,4257,73
2026-03-03,c8569c11d168e10ff376992b5e01afd6831a20e7,"Executive live, filtered sites",1110,53,65,15,1,1,24,9,36,12,210,26,303,30
2026-03-03,c8569c11d168e10ff376992b5e01afd6831a20e7,"Executive live, filtered, non-redirecting sites",713,46,39,11,1,1,11,5,24,9,125,19,187,23
2026-03-03,c8569c11d168e10ff376992b5e01afd6831a20e7,Legislative sites scanned,1067,19,0,0,0,0,0,0,0,0,1,1,5,4
2026-03-03,c8569c11d168e10ff376992b5e01afd6831a20e7,Legislative live sites,794,17,0,0,0,0,0,0,0,0,1,1,5,4
2026-03-03,c8569c11d168e10ff376992b5e01afd6831a20e7,"Legislative live, filtered sites",5,4,0,0,0,0,0,0,0,0,0,0,0,0
2026-03-03,c8569c11d168e10ff376992b5e01afd6831a20e7,"Legislative live, filtered, non-redirecting sites",1,1,0,0,0,0,0,0,0,0,0,0,0,0
2026-03-03,c8569c11d168e10ff376992b5e01afd6831a20e7,Judicial sites scanned,369,2,3,1,0,0,0,0,3,1,16,1,16,1
2026-03-03,c8569c11d168e10ff376992b5e01afd6831a20e7,Judicial live sites,100,2,3,1,0,0,0,0,3,1,16,1,16,1
2026-03-03,c8569c11d168e10ff376992b5e01afd6831a20e7,"Judicial live, filtered sites",9,1,1,1,0,0,0,0,1,1,5,1,5,1
2026-03-03,c8569c11d168e10ff376992b5e01afd6831a20e7,"Judicial live, filtered, non-redirecting sites",4,1,0,0,0,0,0,0,0,0,2,1,2,1
2026-03-03,c8569c11d168e10ff376992b5e01afd6831a20e7,IDEA sites scanned,10405,74,485,31,18,10,228,19,208,26,1116,48,1699,54
2026-03-03,c8569c11d168e10ff376992b5e01afd6831a20e7,IDEA live sites,6605,70,485,31,18,10,228,19,208,26,1112,48,1692,54
2026-03-03,c8569c11d168e10ff376992b5e01afd6831a20e7,"IDEA live, filtered sites",22,5,1,1,0,0,0,0,0,0,1,1,6,4
2026-03-03,c8569c11d168e10ff376992b5e01afd6831a20e7,"IDEA live, filtered, non-redirecting sites",18,4,0,0,0,0,0,0,0,0,0,0,5,3
2026-03-04,2c744aa412cada32cd23639711b4c0e34441b82c,All sites scanned,31618,144,1110,40,24,10,567,19,449,34,2684,68,4478,79
2026-03-04,2c744aa412cada32cd23639711b4c0e34441b82c,All live sites,15656,134,1071,40,24,10,533,19,445,34,2597,68,4129,79
2026-03-04,2c744aa412cada32cd23639711b4c0e34441b82c,"All live, filtered sites",1122,59,64,16,1,1,24,9,36,13,209,27,301,31
2026-03-04,2c744aa412cada32cd23639711b4c0e34441b82c,"All live, filtered, non-redirecting sites",717,48,40,11,1,1,12,5,25,9,125,21,186,24
2026-03-04,2c744aa412cada32cd23639711b4c0e34441b82c,Executive sites scanned,30176,122,1107,39,24,10,567,19,446,33,2669,66,4460,74
2026-03-04,2c744aa412cada32cd23639711b4c0e34441b82c,Executive live sites,14762,114,1068,39,24,10,533,19,442,33,2582,66,4111,74
2026-03-04,2c744aa412cada32cd23639711b4c0e34441b82c,"Executive live, filtered sites",1108,53,63,15,1,1,24,9,35,12,205,26,297,30
2026-03-04,2c744aa412cada32cd23639711b4c0e34441b82c,"Executive live, filtered, non-redirecting sites",711,45,40,11,1,1,12,5,25,9,123,20,184,23
2026-03-04,2c744aa412cada32cd23639711b4c0e34441b82c,Legislative sites scanned,1067,19,0,0,0,0,0,0,0,0,1,1,4,4
2026-03-04,2c744aa412cada32cd23639711b4c0e34441b82c,Legislative live sites,791,17,0,0,0,0,0,0,0,0,1,1,4,4
2026-03-04,2c744aa412cada32cd23639711b4c0e34441b82c,"Legislative live, filtered sites",5,4,0,0,0,0,0,0,0,0,0,0,0,0
2026-03-04,2c744aa412cada32cd23639711b4c0e34441b82c,"Legislative live, filtered, non-redirecting sites",1,1,0,0,0,0,0,0,0,0,0,0,0,0
2026-03-04,2c744aa412cada32cd23639711b4c0e34441b82c,Judicial sites scanned,369,2,3,1,0,0,0,0,3,1,14,1,14,1
2026-03-04,2c744aa412cada32cd23639711b4c0e34441b82c,Judicial live sites,98,2,3,1,0,0,0,0,3,1,14,1,14,1
2026-03-04,2c744aa412cada32cd23639711b4c0e34441b82c,"Judicial live, filtered sites",8,1,1,1,0,0,0,0,1,1,4,1,4,1
2026-03-04,2c744aa412cada32cd23639711b4c0e34441b82c,"Judicial live, filtered, non-redirecting sites",4,1,0,0,0,0,0,0,0,0,2,1,2,1
2026-03-04,2c744aa412cada32cd23639711b4c0e34441b82c,IDEA sites scanned,10404,74,482,31,19,10,230,18,201,25,1104,48,1678,54
2026-03-04,2c744aa412cada32cd23639711b4c0e34441b82c,IDEA live sites,6590,70,481,31,19,10,229,18,201,25,1101,48,1672,54
2026-03-04,2c744aa412cada32cd23639711b4c0e34441b82c,"IDEA live, filtered sites",23,5,1,1,0,0,0,0,0,0,1,1,6,4
2026-03-04,2c744aa412cada32cd23639711b4c0e34441b82c,"IDEA live, filtered, non-redirecting sites",19,4,0,0,0,0,0,0,0,0,0,0,5,3
2026-03-05,b6ea87690ba5c3cd628b48008b7d153763b6e3cd,All sites scanned,31617,144,1110,39,24,10,565,19,449,33,2672,67,4461,78
2026-03-05,b6ea87690ba5c3cd628b48008b7d153763b6e3cd,All live sites,15643,133,1071,39,24,10,531,19,445,33,2585,67,4112,78
2026-03-05,b6ea87690ba5c3cd628b48008b7d153763b6e3cd,"All live, filtered sites",1126,60,63,16,1,1,24,9,35,13,212,28,304,32
2026-03-05,b6ea87690ba5c3cd628b48008b7d153763b6e3cd,"All live, filtered, non-redirecting sites",718,49,39,11,1,1,12,5,24,9,128,22,189,25
2026-03-05,b6ea87690ba5c3cd628b48008b7d153763b6e3cd,Executive sites scanned,30175,122,1107,38,24,10,565,19,446,32,2657,65,4443,73
2026-03-05,b6ea87690ba5c3cd628b48008b7d153763b6e3cd,Executive live sites,14751,113,1068,38,24,10,531,19,442,32,2570,65,4094,73
2026-03-05,b6ea87690ba5c3cd628b48008b7d153763b6e3cd,"Executive live, filtered sites",1112,54,62,15,1,1,24,9,34,12,208,27,300,31
2026-03-05,b6ea87690ba5c3cd628b48008b7d153763b6e3cd,"Executive live, filtered, non-redirecting sites",712,46,39,11,1,1,12,5,24,9,126,21,187,24
2026-03-05,b6ea87690ba5c3cd628b48008b7d153763b6e3cd,Legislative sites scanned,1067,19,0,0,0,0,0,0,0,0,1,1,4,4
2026-03-05,b6ea87690ba5c3cd628b48008b7d153763b6e3cd,Legislative live sites,790,17,0,0,0,0,0,0,0,0,1,1,4,4
2026-03-05,b6ea87690ba5c3cd628b48008b7d153763b6e3cd,"Legislative live, filtered sites",5,4,0,0,0,0,0,0,0,0,0,0,0,0
2026-03-05,b6ea87690ba5c3cd628b48008b7d153763b6e3cd,"Legislative live, filtered, non-redirecting sites",1,1,0,0,0,0,0,0,0,0,0,0,0,0
2026-03-05,b6ea87690ba5c3cd628b48008b7d153763b6e3cd,Judicial sites scanned,369,2,3,1,0,0,0,0,3,1,14,1,14,1
2026-03-05,b6ea87690ba5c3cd628b48008b7d153763b6e3cd,Judicial live sites,97,2,3,1,0,0,0,0,3,1,14,1,14,1
2026-03-05,b6ea87690ba5c3cd628b48008b7d153763b6e3cd,"Judicial live, filtered sites",8,1,1,1,0,0,0,0,1,1,4,1,4,1
2026-03-05,b6ea87690ba5c3cd628b48008b7d153763b6e3cd,"Judicial live, filtered, non-redirecting sites",4,1,0,0,0,0,0,0,0,0,2,1,2,1
2026-03-05,b6ea87690ba5c3cd628b48008b7d153763b6e3cd,IDEA sites scanned,10404,74,484,31,19,10,229,18,204,25,1107,48,1680,54
2026-03-05,b6ea87690ba5c3cd628b48008b7d153763b6e3cd,IDEA live sites,6591,70,483,31,19,10,228,18,204,25,1104,48,1674,54
2026-03-05,b6ea87690ba5c3cd628b48008b7d153763b6e3cd,"IDEA live, filtered sites",24,5,1,1,0,0,0,0,0,0,1,1,6,4
2026-03-05,b6ea87690ba5c3cd628b48008b7d153763b6e3cd,"IDEA live, filtered, non-redirecting sites",20,4,0,0,0,0,0,0,0,0,0,0,5,3
2026-03-06,8f6a3cb97f55d67995c75e55153d5a02d0256fb8,All sites scanned,31628,144,1125,39,24,11,568,19,453,34,3119,68,4509,79
2026-03-06,8f6a3cb97f55d67995c75e55153d5a02d0256fb8,All live sites,15668,133,1086,39,24,11,534,19,449,34,2853,68,4160,79
2026-03-06,8f6a3cb97f55d67995c75e55153d5a02d0256fb8,"All live, filtered sites",1133,60,67,16,1,1,26,9,36,13,219,29,311,32
2026-03-06,8f6a3cb97f55d67995c75e55153d5a02d0256fb8,"All live, filtered, non-redirecting sites",719,49,39,11,1,1,12,5,23,9,131,23,190,25
2026-03-06,8f6a3cb97f55d67995c75e55153d5a02d0256fb8,Executive sites scanned,30187,122,1122,38,24,11,568,19,450,33,3104,66,4490,74
2026-03-06,8f6a3cb97f55d67995c75e55153d5a02d0256fb8,Executive live sites,14784,113,1083,38,24,11,534,19,446,33,2838,66,4141,74
2026-03-06,8f6a3cb97f55d67995c75e55153d5a02d0256fb8,"Executive live, filtered sites",1119,54,66,15,1,1,26,9,35,12,215,28,307,31
2026-03-06,8f6a3cb97f55d67995c75e55153d5a02d0256fb8,"Executive live, filtered, non-redirecting sites",713,46,39,11,1,1,12,5,23,9,129,22,188,24
2026-03-06,8f6a3cb97f55d67995c75e55153d5a02d0256fb8,Legislative sites scanned,1066,19,0,0,0,0,0,0,0,0,1,1,5,4
2026-03-06,8f6a3cb97f55d67995c75e55153d5a02d0256fb8,Legislative live sites,784,17,0,0,0,0,0,0,0,0,1,1,5,4
2026-03-06,8f6a3cb97f55d67995c75e55153d5a02d0256fb8,"Legislative live, filtered sites",5,4,0,0,0,0,0,0,0,0,0,0,0,0
2026-03-06,8f6a3cb97f55d67995c75e55153d5a02d0256fb8,"Legislative live, filtered, non-redirecting sites",1,1,0,0,0,0,0,0,0,0,0,0,0,0
2026-03-06,8f6a3cb97f55d67995c75e55153d5a02d0256fb8,Judicial sites scanned,369,2,3,1,0,0,0,0,3,1,14,1,14,1
2026-03-06,8f6a3cb97f55d67995c75e55153d5a02d0256fb8,Judicial live sites,95,2,3,1,0,0,0,0,3,1,14,1,14,1
2026-03-06,8f6a3cb97f55d67995c75e55153d5a02d0256fb8,"Judicial live, filtered sites",8,1,1,1,0,0,0,0,1,1,4,1,4,1
2026-03-06,8f6a3cb97f55d67995c75e55153d5a02d0256fb8,"Judicial live, filtered, non-redirecting sites",4,1,0,0,0,0,0,0,0,0,2,1,2,1
2026-03-06,8f6a3cb97f55d67995c75e55153d5a02d0256fb8,IDEA sites scanned,10404,74,481,31,19,11,225,18,203,26,1107,49,1685,55
2026-03-06,8f6a3cb97f55d67995c75e55153d5a02d0256fb8,IDEA live sites,6560,71,480,31,19,11,224,18,203,26,1105,49,1679,55
2026-03-06,8f6a3cb97f55d67995c75e55153d5a02d0256fb8,"IDEA live, filtered sites",24,5,1,1,0,0,0,0,0,0,1,1,6,4
2026-03-06,8f6a3cb97f55d67995c75e55153d5a02d0256fb8,"IDEA live, filtered, non-redirecting sites",20,4,0,0,0,0,0,0,0,0,0,0,5,3
2026-03-07,54e694e921038962944fc577e008e1e38e283b76,All sites scanned,31635,144,1124,41,24,11,569,19,453,36,3123,69,4504,80
2026-03-07,54e694e921038962944fc577e008e1e38e283b76,All live sites,15669,134,1085,41,24,11,535,19,449,36,2854,69,4155,80
2026-03-07,54e694e921038962944fc577e008e1e38e283b76,"All live, filtered sites",1132,60,68,16,1,1,26,9,37,13,218,29,310,32
2026-03-07,54e694e921038962944fc577e008e1e38e283b76,"All live, filtered, non-redirecting sites",719,49,41,11,1,1,12,5,25,9,131,23,190,25
2026-03-07,54e694e921038962944fc577e008e1e38e283b76,Executive sites scanned,30194,122,1121,40,24,11,569,19,450,35,3108,67,4485,75
2026-03-07,54e694e921038962944fc577e008e1e38e283b76,Executive live sites,14787,114,1082,40,24,11,535,19,446,35,2839,67,4136,75
2026-03-07,54e694e921038962944fc577e008e1e38e283b76,"Executive live, filtered sites",1118,54,67,15,1,1,26,9,36,12,214,28,306,31
2026-03-07,54e694e921038962944fc577e008e1e38e283b76,"Executive live, filtered, non-redirecting sites",713,46,41,11,1,1,12,5,25,9,129,22,188,24
2026-03-07,54e694e921038962944fc577e008e1e38e283b76,Legislative sites scanned,1066,19,0,0,0,0,0,0,0,0,1,1,5,4
2026-03-07,54e694e921038962944fc577e008e1e38e283b76,Legislative live sites,781,17,0,0,0,0,0,0,0,0,1,1,5,4
2026-03-07,54e694e921038962944fc577e008e1e38e283b76,"Legislative live, filtered sites",5,4,0,0,0,0,0,0,0,0,0,0,0,0
2026-03-07,54e694e921038962944fc577e008e1e38e283b76,"Legislative live, filtered, non-redirecting sites",1,1,0,0,0,0,0,0,0,0,0,0,0,0
2026-03-07,54e694e921038962944fc577e008e1e38e283b76,Judicial sites scanned,369,2,3,1,0,0,0,0,3,1,14,1,14,1
2026-03-07,54e694e921038962944fc577e008e1e38e283b76,Judicial live sites,96,2,3,1,0,0,0,0,3,1,14,1,14,1
2026-03-07,54e694e921038962944fc577e008e1e38e283b76,"Judicial live, filtered sites",8,1,1,1,0,0,0,0,1,1,4,1,4,1
2026-03-07,54e694e921038962944fc577e008e1e38e283b76,"Judicial live, filtered, non-redirecting sites",4,1,0,0,0,0,0,0,0,0,2,1,2,1
2026-03-07,54e694e921038962944fc577e008e1e38e283b76,IDEA sites scanned,10404,74,482,32,19,11,227,18,204,27,1105,49,1681,55
2026-03-07,54e694e921038962944fc577e008e1e38e283b76,IDEA live sites,6564,71,481,32,19,11,226,18,204,27,1103,49,1675,55
2026-03-07,54e694e921038962944fc577e008e1e38e283b76,"IDEA live, filtered sites",24,5,1,1,0,0,0,0,0,0,1,1,6,4
2026-03-07,54e694e921038962944fc577e008e1e38e283b76,"IDEA live, filtered, non-redirecting sites",20,4,0,0,0,0,0,0,0,0,0,0,5,3
2026-03-08,3b74e926160c789547fbb0478a3049f8901c07fe,All sites scanned,31624,144,1124,41,24,11,569,19,453,36,3123,69,4504,80
2026-03-08,3b74e926160c789547fbb0478a3049f8901c07fe,All live sites,15669,134,1085,41,24,11,535,19,449,36,2854,69,4155,80
2026-03-08,3b74e926160c789547fbb0478a3049f8901c07fe,"All live, filtered sites",1132,60,68,16,1,1,26,9,37,13,218,29,310,32
2026-03-08,3b74e926160c789547fbb0478a3049f8901c07fe,"All live, filtered, non-redirecting sites",719,49,41,11,1,1,12,5,25,9,131,23,190,25
2026-03-08,3b74e926160c789547fbb0478a3049f8901c07fe,Executive sites scanned,30183,122,1121,40,24,11,569,19,450,35,3108,67,4485,75
2026-03-08,3b74e926160c789547fbb0478a3049f8901c07fe,Executive live sites,14787,114,1082,40,24,11,535,19,446,35,2839,67,4136,75
2026-03-08,3b74e926160c789547fbb0478a3049f8901c07fe,"Executive live, filtered sites",1118,54,67,15,1,1,26,9,36,12,214,28,306,31
2026-03-08,3b74e926160c789547fbb0478a3049f8901c07fe,"Executive live, filtered, non-redirecting sites",713,46,41,11,1,1,12,5,25,9,129,22,188,24
2026-03-08,3b74e926160c789547fbb0478a3049f8901c07fe,Legislative sites scanned,1066,19,0,0,0,0,0,0,0,0,1,1,5,4
2026-03-08,3b74e926160c789547fbb0478a3049f8901c07fe,Legislative live sites,781,17,0,0,0,0,0,0,0,0,1,1,5,4
2026-03-08,3b74e926160c789547fbb0478a3049f8901c07fe,"Legislative live, filtered sites",5,4,0,0,0,0,0,0,0,0,0,0,0,0
2026-03-08,3b74e926160c789547fbb0478a3049f8901c07fe,"Legislative live, filtered, non-redirecting sites",1,1,0,0,0,0,0,0,0,0,0,0,0,0
2026-03-08,3b74e926160c789547fbb0478a3049f8901c07fe,Judicial sites scanned,369,2,3,1,0,0,0,0,3,1,14,1,14,1
2026-03-08,3b74e926160c789547fbb0478a3049f8901c07fe,Judicial live sites,96,2,3,1,0,0,0,0,3,1,14,1,14,1
2026-03-08,3b74e926160c789547fbb0478a3049f8901c07fe,"Judicial live, filtered sites",8,1,1,1,0,0,0,0,1,1,4,1,4,1
2026-03-08,3b74e926160c789547fbb0478a3049f8901c07fe,"Judicial live, filtered, non-redirecting sites",4,1,0,0,0,0,0,0,0,0,2,1,2,1
2026-03-08,3b74e926160c789547fbb0478a3049f8901c07fe,IDEA sites scanned,10404,74,482,32,19,11,227,18,204,27,1105,49,1681,55
2026-03-08,3b74e926160c789547fbb0478a3049f8901c07fe,IDEA live sites,6564,71,481,32,19,11,226,18,204,27,1103,49,1675,55
2026-03-08,3b74e926160c789547fbb0478a3049f8901c07fe,"IDEA live, filtered sites",24,5,1,1,0,0,0,0,0,0,1,1,6,4
2026-03-08,3b74e926160c789547fbb0478a3049f8901c07fe,"IDEA live, filtered, non-redirecting sites",20,4,0,0,0,0,0,0,0,0,0,0,5,3
2026-03-09,68dda061f5de1739b8f027ce855a09787950f056,All sites scanned,31648,144,1114,42,25,11,565,21,449,36,3100,70,4473,81
2026-03-09,68dda061f5de1739b8f027ce855a09787950f056,All live sites,15583,135,1075,42,25,11,531,21,445,36,2831,70,4125,81
2026-03-09,68dda061f5de1739b8f027ce855a09787950f056,"All live, filtered sites",1119,60,63,16,1,1,25,9,33,12,211,28,305,32
2026-03-09,68dda061f5de1739b8f027ce855a09787950f056,"All live, filtered, non-redirecting sites",716,50,39,11,1,1,11,5,24,9,128,21,187,25
2026-03-09,68dda061f5de1739b8f027ce855a09787950f056,Executive sites scanned,30207,122,1111,41,25,11,565,21,446,35,3084,68,4453,76
2026-03-09,68dda061f5de1739b8f027ce855a09787950f056,Executive live sites,14706,115,1072,41,25,11,531,21,442,35,2815,68,4105,76
2026-03-09,68dda061f5de1739b8f027ce855a09787950f056,"Executive live, filtered sites",1104,54,62,15,1,1,25,9,32,11,206,27,300,31
2026-03-09,68dda061f5de1739b8f027ce855a09787950f056,"Executive live, filtered, non-redirecting sites",710,47,39,11,1,1,11,5,24,9,126,20,185,24
2026-03-09,68dda061f5de1739b8f027ce855a09787950f056,Legislative sites scanned,1066,19,0,0,0,0,0,0,0,0,1,1,5,4
2026-03-09,68dda061f5de1739b8f027ce855a09787950f056,Legislative live sites,772,17,0,0,0,0,0,0,0,0,1,1,5,4
2026-03-09,68dda061f5de1739b8f027ce855a09787950f056,"Legislative live, filtered sites",5,4,0,0,0,0,0,0,0,0,0,0,0,0
2026-03-09,68dda061f5de1739b8f027ce855a09787950f056,"Legislative live, filtered, non-redirecting sites",1,1,0,0,0,0,0,0,0,0,0,0,0,0
2026-03-09,68dda061f5de1739b8f027ce855a09787950f056,Judicial sites scanned,369,2,3,1,0,0,0,0,3,1,15,1,15,1
2026-03-09,68dda061f5de1739b8f027ce855a09787950f056,Judicial live sites,99,2,3,1,0,0,0,0,3,1,15,1,15,1
2026-03-09,68dda061f5de1739b8f027ce855a09787950f056,"Judicial live, filtered sites",9,1,1,1,0,0,0,0,1,1,5,1,5,1
2026-03-09,68dda061f5de1739b8f027ce855a09787950f056,"Judicial live, filtered, non-redirecting sites",4,1,0,0,0,0,0,0,0,0,2,1,2,1
2026-03-09,68dda061f5de1739b8f027ce855a09787950f056,IDEA sites scanned,10404,74,477,33,20,11,227,19,201,27,1108,50,1671,56
2026-03-09,68dda061f5de1739b8f027ce855a09787950f056,IDEA live sites,6545,71,476,33,20,11,226,19,201,27,1106,50,1666,56
2026-03-09,68dda061f5de1739b8f027ce855a09787950f056,"IDEA live, filtered sites",23,5,1,1,0,0,0,0,0,0,1,1,6,4
2026-03-09,68dda061f5de1739b8f027ce855a09787950f056,"IDEA live, filtered, non-redirecting sites",20,4,0,0,0,0,0,0,0,0,0,0,5,3
2026-03-10,cd4b098827d4e180af4744162ce03edfd2f935a8,All sites scanned,31638,144,1106,41,25,11,566,21,443,35,3098,70,4470,81
2026-03-10,cd4b098827d4e180af4744162ce03edfd2f935a8,All live sites,15580,135,1067,41,25,11,532,21,439,35,2829,70,4122,81
2026-03-10,cd4b098827d4e180af4744162ce03edfd2f935a8,"All live, filtered sites",1118,60,63,16,1,1,25,9,33,12,211,28,305,32
2026-03-10,cd4b098827d4e180af4744162ce03edfd2f935a8,"All live, filtered, non-redirecting sites",716,50,39,11,1,1,11,5,24,9,128,21,187,25
2026-03-10,cd4b098827d4e180af4744162ce03edfd2f935a8,Executive sites scanned,30197,122,1103,40,25,11,566,21,440,34,3082,68,4450,76
2026-03-10,cd4b098827d4e180af4744162ce03edfd2f935a8,Executive live sites,14702,115,1064,40,25,11,532,21,436,34,2813,68,4102,76
2026-03-10,cd4b098827d4e180af4744162ce03edfd2f935a8,"Executive live, filtered sites",1103,54,62,15,1,1,25,9,32,11,206,27,300,31
2026-03-10,cd4b098827d4e180af4744162ce03edfd2f935a8,"Executive live, filtered, non-redirecting sites",710,47,39,11,1,1,11,5,24,9,126,20,185,24
2026-03-10,cd4b098827d4e180af4744162ce03edfd2f935a8,Legislative sites scanned,1066,19,0,0,0,0,0,0,0,0,1,1,5,4
2026-03-10,cd4b098827d4e180af4744162ce03edfd2f935a8,Legislative live sites,773,17,0,0,0,0,0,0,0,0,1,1,5,4
2026-03-10,cd4b098827d4e180af4744162ce03edfd2f935a8,"Legislative live, filtered sites",5,4,0,0,0,0,0,0,0,0,0,0,0,0
2026-03-10,cd4b098827d4e180af4744162ce03edfd2f935a8,"Legislative live, filtered, non-redirecting sites",1,1,0,0,0,0,0,0,0,0,0,0,0,0
2026-03-10,cd4b098827d4e180af4744162ce03edfd2f935a8,Judicial sites scanned,369,2,3,1,0,0,0,0,3,1,15,1,15,1
2026-03-10,cd4b098827d4e180af4744162ce03edfd2f935a8,Judicial live sites,99,2,3,1,0,0,0,0,3,1,15,1,15,1
2026-03-10,cd4b098827d4e180af4744162ce03edfd2f935a8,"Judicial live, filtered sites",9,1,1,1,0,0,0,0,1,1,5,1,5,1
2026-03-10,cd4b098827d4e180af4744162ce03edfd2f935a8,"Judicial live, filtered, non-redirecting sites",4,1,0,0,0,0,0,0,0,0,2,1,2,1
2026-03-10,cd4b098827d4e180af4744162ce03edfd2f935a8,IDEA sites scanned,10404,74,476,32,20,11,228,19,199,26,1109,50,1672,56
2026-03-10,cd4b098827d4e180af4744162ce03edfd2f935a8,IDEA live sites,6551,71,475,32,20,11,227,19,199,26,1107,50,1667,56
2026-03-10,cd4b098827d4e180af4744162ce03edfd2f935a8,"IDEA live, filtered sites",23,5,1,1,0,0,0,0,0,0,1,1,6,4
2026-03-10,cd4b098827d4e180af4744162ce03edfd2f935a8,"IDEA live, filtered, non-redirecting sites",20,4,0,0,0,0,0,0,0,0,0,0,5,3
2026-03-11,0f4951609ed6b769e66c34d39e4329360df6ee00,All sites scanned,31648,144,1096,40,22,10,564,19,442,34,3083,70,4430,82
2026-03-11,0f4951609ed6b769e66c34d39e4329360df6ee00,All live sites,15606,135,1057,40,22,10,531,19,437,34,2815,70,4085,82
2026-03-11,0f4951609ed6b769e66c34d39e4329360df6ee00,"All live, filtered sites",1112,61,63,16,1,1,25,9,33,12,209,29,301,32
2026-03-11,0f4951609ed6b769e66c34d39e4329360df6ee00,"All live, filtered, non-redirecting sites",712,50,39,11,1,1,12,5,23,8,124,22,183,25
2026-03-11,0f4951609ed6b769e66c34d39e4329360df6ee00,Executive sites scanned,30207,122,1093,39,22,10,564,19,439,33,3067,68,4410,77
2026-03-11,0f4951609ed6b769e66c34d39e4329360df6ee00,Executive live sites,14721,115,1054,39,22,10,531,19,434,33,2799,68,4065,77
2026-03-11,0f4951609ed6b769e66c34d39e4329360df6ee00,"Executive live, filtered sites",1097,55,62,15,1,1,25,9,32,11,204,28,296,31
2026-03-11,0f4951609ed6b769e66c34d39e4329360df6ee00,"Executive live, filtered, non-redirecting sites",706,47,39,11,1,1,12,5,23,8,122,21,181,24
2026-03-11,0f4951609ed6b769e66c34d39e4329360df6ee00,Legislative sites scanned,1066,19,0,0,0,0,0,0,0,0,1,1,5,4
2026-03-11,0f4951609ed6b769e66c34d39e4329360df6ee00,Legislative live sites,780,17,0,0,0,0,0,0,0,0,1,1,5,4
2026-03-11,0f4951609ed6b769e66c34d39e4329360df6ee00,"Legislative live, filtered sites",5,4,0,0,0,0,0,0,0,0,0,0,0,0
2026-03-11,0f4951609ed6b769e66c34d39e4329360df6ee00,"Legislative live, filtered, non-redirecting sites",1,1,0,0,0,0,0,0,0,0,0,0,0,0
2026-03-11,0f4951609ed6b769e66c34d39e4329360df6ee00,Judicial sites scanned,369,2,3,1,0,0,0,0,3,1,15,1,15,1
2026-03-11,0f4951609ed6b769e66c34d39e4329360df6ee00,Judicial live sites,99,2,3,1,0,0,0,0,3,1,15,1,15,1
2026-03-11,0f4951609ed6b769e66c34d39e4329360df6ee00,"Judicial live, filtered sites",9,1,1,1,0,0,0,0,1,1,5,1,5,1
2026-03-11,0f4951609ed6b769e66c34d39e4329360df6ee00,"Judicial live, filtered, non-redirecting sites",4,1,0,0,0,0,0,0,0,0,2,1,2,1
2026-03-11,0f4951609ed6b769e66c34d39e4329360df6ee00,IDEA sites scanned,10404,74,473,32,17,10,228,18,199,26,1110,50,1663,56
2026-03-11,0f4951609ed6b769e66c34d39e4329360df6ee00,IDEA live sites,6547,71,473,32,17,10,228,18,199,26,1108,50,1658,56
2026-03-11,0f4951609ed6b769e66c34d39e4329360df6ee00,"IDEA live, filtered sites",22,5,1,1,0,0,0,0,0,0,1,1,6,4
2026-03-11,0f4951609ed6b769e66c34d39e4329360df6ee00,"IDEA live, filtered, non-redirecting sites",20,4,0,0,0,0,0,0,0,0,0,0,5,3
2026-03-12,b06c5f4e564230818dd6c8a8c5e401065921fa64,All sites scanned,31648,144,1098,40,22,10,563,19,441,34,3082,70,4429,82
2026-03-12,b06c5f4e564230818dd6c8a8c5e401065921fa64,All live sites,15593,135,1059,40,22,10,530,19,436,34,2815,70,4085,82
2026-03-12,b06c5f4e564230818dd6c8a8c5e401065921fa64,"All live, filtered sites",1110,61,63,16,1,1,25,9,33,12,208,29,300,32
2026-03-12,b06c5f4e564230818dd6c8a8c5e401065921fa64,"All live, filtered, non-redirecting sites",711,50,39,11,1,1,12,5,23,8,123,22,182,25
2026-03-12,b06c5f4e564230818dd6c8a8c5e401065921fa64,Executive sites scanned,30207,122,1095,39,22,10,563,19,438,33,3066,68,4409,77
2026-03-12,b06c5f4e564230818dd6c8a8c5e401065921fa64,Executive live sites,14707,115,1056,39,22,10,530,19,433,33,2799,68,4065,77
2026-03-12,b06c5f4e564230818dd6c8a8c5e401065921fa64,"Executive live, filtered sites",1095,55,62,15,1,1,25,9,32,11,203,28,295,31
2026-03-12,b06c5f4e564230818dd6c8a8c5e401065921fa64,"Executive live, filtered, non-redirecting sites",705,47,39,11,1,1,12,5,23,8,121,21,180,24
2026-03-12,b06c5f4e564230818dd6c8a8c5e401065921fa64,Legislative sites scanned,1066,19,0,0,0,0,0,0,0,0,1,1,5,4
2026-03-12,b06c5f4e564230818dd6c8a8c5e401065921fa64,Legislative live sites,781,17,0,0,0,0,0,0,0,0,1,1,5,4
2026-03-12,b06c5f4e564230818dd6c8a8c5e401065921fa64,"Legislative live, filtered sites",5,4,0,0,0,0,0,0,0,0,0,0,0,0
2026-03-12,b06c5f4e564230818dd6c8a8c5e401065921fa64,"Legislative live, filtered, non-redirecting sites",1,1,0,0,0,0,0,0,0,0,0,0,0,0
2026-03-12,b06c5f4e564230818dd6c8a8c5e401065921fa64,Judicial sites scanned,369,2,3,1,0,0,0,0,3,1,15,1,15,1
2026-03-12,b06c5f4e564230818dd6c8a8c5e401065921fa64,Judicial live sites,99,2,3,1,0,0,0,0,3,1,15,1,15,1
2026-03-12,b06c5f4e564230818dd6c8a8c5e401065921fa64,"Judicial live, filtered sites",9,1,1,1,0,0,0,0,1,1,5,1,5,1
2026-03-12,b06c5f4e564230818dd6c8a8c5e401065921fa64,"Judicial live, filtered, non-redirecting sites",4,1,0,0,0,0,0,0,0,0,2,1,2,1
2026-03-12,b06c5f4e564230818dd6c8a8c5e401065921fa64,IDEA sites scanned,10404,74,473,32,17,10,226,18,199,26,1109,50,1661,56
2026-03-12,b06c5f4e564230818dd6c8a8c5e401065921fa64,IDEA live sites,6532,71,473,32,17,10,226,18,199,26,1107,50,1656,56
2026-03-12,b06c5f4e564230818dd6c8a8c5e401065921fa64,"IDEA live, filtered sites",22,5,1,1,0,0,0,0,0,0,1,1,6,4
2026-03-12,b06c5f4e564230818dd6c8a8c5e401065921fa64,"IDEA live, filtered, non-redirecting sites",20,4,0,0,0,0,0,0,0,0,0,0,5,3
2026-03-13,613ba79c41f1af7a735ce13bc33cde83570ed118,All sites scanned,31647,144,1097,40,22,10,562,19,441,34,3080,70,4425,82
2026-03-13,613ba79c41f1af7a735ce13bc33cde83570ed118,All live sites,15588,135,1058,40,22,10,529,19,436,34,2814,70,4082,82
2026-03-13,613ba79c41f1af7a735ce13bc33cde83570ed118,"All live, filtered sites",1110,61,63,16,1,1,25,9,33,12,208,29,300,32
2026-03-13,613ba79c41f1af7a735ce13bc33cde83570ed118,"All live, filtered, non-redirecting sites",711,50,39,11,1,1,12,5,23,8,123,22,182,25
2026-03-13,613ba79c41f1af7a735ce13bc33cde83570ed118,Executive sites scanned,30206,122,1094,39,22,10,562,19,438,33,3064,68,4405,77
2026-03-13,613ba79c41f1af7a735ce13bc33cde83570ed118,Executive live sites,14699,115,1055,39,22,10,529,19,433,33,2798,68,4062,77
2026-03-13,613ba79c41f1af7a735ce13bc33cde83570ed118,"Executive live, filtered sites",1095,55,62,15,1,1,25,9,32,11,203,28,295,31
2026-03-13,613ba79c41f1af7a735ce13bc33cde83570ed118,"Executive live, filtered, non-redirecting sites",705,47,39,11,1,1,12,5,23,8,121,21,180,24
2026-03-13,613ba79c41f1af7a735ce13bc33cde83570ed118,Legislative sites scanned,1066,19,0,0,0,0,0,0,0,0,1,1,5,4
2026-03-13,613ba79c41f1af7a735ce13bc33cde83570ed118,Legislative live sites,784,17,0,0,0,0,0,0,0,0,1,1,5,4
2026-03-13,613ba79c41f1af7a735ce13bc33cde83570ed118,"Legislative live, filtered sites",5,4,0,0,0,0,0,0,0,0,0,0,0,0
2026-03-13,613ba79c41f1af7a735ce13bc33cde83570ed118,"Legislative live, filtered, non-redirecting sites",1,1,0,0,0,0,0,0,0,0,0,0,0,0
2026-03-13,613ba79c41f1af7a735ce13bc33cde83570ed118,Judicial sites scanned,369,2,3,1,0,0,0,0,3,1,15,1,15,1
2026-03-13,613ba79c41f1af7a735ce13bc33cde83570ed118,Judicial live sites,99,2,3,1,0,0,0,0,3,1,15,1,15,1
2026-03-13,613ba79c41f1af7a735ce13bc33cde83570ed118,"Judicial live, filtered sites",9,1,1,1,0,0,0,0,1,1,5,1,5,1
2026-03-13,613ba79c41f1af7a735ce13bc33cde83570ed118,"Judicial live, filtered, non-redirecting sites",4,1,0,0,0,0,0,0,0,0,2,1,2,1
2026-03-13,613ba79c41f1af7a735ce13bc33cde83570ed118,IDEA sites scanned,10404,74,472,32,17,10,225,18,199,26,1108,50,1659,56
2026-03-13,613ba79c41f1af7a735ce13bc33cde83570ed118,IDEA live sites,6530,71,472,32,17,10,225,18,199,26,1106,50,1654,56
2026-03-13,613ba79c41f1af7a735ce13bc33cde83570ed118,"IDEA live, filtered sites",22,5,1,1,0,0,0,0,0,0,1,1,6,4
2026-03-13,613ba79c41f1af7a735ce13bc33cde83570ed118,"IDEA live, filtered, non-redirecting sites",20,4,0,0,0,0,0,0,0,0,0,0,5,3
2026-03-14,3a05fd34c7797a8f67f1bdc98b1ec2bcd9833975,All sites scanned,31669,143,1108,40,26,11,561,20,446,34,3002,67,4336,78
2026-03-14,3a05fd34c7797a8f67f1bdc98b1ec2bcd9833975,All live sites,15411,133,1066,40,26,11,527,20,441,34,2739,67,3994,78
2026-03-14,3a05fd34c7797a8f67f1bdc98b1ec2bcd9833975,"All live, filtered sites",1094,58,63,16,1,1,24,9,34,12,199,29,289,32
2026-03-14,3a05fd34c7797a8f67f1bdc98b1ec2bcd9833975,"All live, filtered, non-redirecting sites",700,48,39,11,1,1,11,5,24,8,117,22,178,25
2026-03-14,3a05fd34c7797a8f67f1bdc98b1ec2bcd9833975,Executive sites scanned,30228,121,1105,39,26,11,561,20,443,33,2987,65,4319,74
2026-03-14,3a05fd34c7797a8f67f1bdc98b1ec2bcd9833975,Executive live sites,14508,113,1063,39,26,11,527,20,438,33,2724,65,3977,74
2026-03-14,3a05fd34c7797a8f67f1bdc98b1ec2bcd9833975,"Executive live, filtered sites",1080,52,62,15,1,1,24,9,33,11,195,28,285,31
2026-03-14,3a05fd34c7797a8f67f1bdc98b1ec2bcd9833975,"Executive live, filtered, non-redirecting sites",694,45,39,11,1,1,11,5,24,8,115,21,176,24
2026-03-14,3a05fd34c7797a8f67f1bdc98b1ec2bcd9833975,Legislative sites scanned,1066,19,0,0,0,0,0,0,0,0,1,1,3,3
2026-03-14,3a05fd34c7797a8f67f1bdc98b1ec2bcd9833975,Legislative live sites,799,17,0,0,0,0,0,0,0,0,1,1,3,3
2026-03-14,3a05fd34c7797a8f67f1bdc98b1ec2bcd9833975,"Legislative live, filtered sites",5,4,0,0,0,0,0,0,0,0,0,0,0,0
2026-03-14,3a05fd34c7797a8f67f1bdc98b1ec2bcd9833975,"Legislative live, filtered, non-redirecting sites",1,1,0,0,0,0,0,0,0,0,0,0,0,0
2026-03-14,3a05fd34c7797a8f67f1bdc98b1ec2bcd9833975,Judicial sites scanned,369,2,3,1,0,0,0,0,3,1,14,1,14,1
2026-03-14,3a05fd34c7797a8f67f1bdc98b1ec2bcd9833975,Judicial live sites,98,2,3,1,0,0,0,0,3,1,14,1,14,1
2026-03-14,3a05fd34c7797a8f67f1bdc98b1ec2bcd9833975,"Judicial live, filtered sites",8,1,1,1,0,0,0,0,1,1,4,1,4,1
2026-03-14,3a05fd34c7797a8f67f1bdc98b1ec2bcd9833975,"Judicial live, filtered, non-redirecting sites",4,1,0,0,0,0,0,0,0,0,2,1,2,1
2026-03-14,3a05fd34c7797a8f67f1bdc98b1ec2bcd9833975,IDEA sites scanned,10404,74,482,32,21,11,227,18,202,26,1075,48,1618,55
2026-03-14,3a05fd34c7797a8f67f1bdc98b1ec2bcd9833975,IDEA live sites,6430,71,481,32,21,11,226,18,202,26,1073,48,1613,55
2026-03-14,3a05fd34c7797a8f67f1bdc98b1ec2bcd9833975,"IDEA live, filtered sites",22,5,1,1,0,0,0,0,0,0,1,1,6,4
2026-03-14,3a05fd34c7797a8f67f1bdc98b1ec2bcd9833975,"IDEA live, filtered, non-redirecting sites",20,4,0,0,0,0,0,0,0,0,0,0,5,3
2026-03-15,ed9dcfad299acdc267fe100c2e6327bb0c79ac3f,All sites scanned,31663,143,1109,40,26,11,561,20,447,34,3002,67,4337,78
2026-03-15,ed9dcfad299acdc267fe100c2e6327bb0c79ac3f,All live sites,15409,133,1067,40,26,11,527,20,442,34,2739,67,3995,78
2026-03-15,ed9dcfad299acdc267fe100c2e6327bb0c79ac3f,"All live, filtered sites",1095,58,63,16,1,1,24,9,34,12,200,29,290,32
2026-03-15,ed9dcfad299acdc267fe100c2e6327bb0c79ac3f,"All live, filtered, non-redirecting sites",701,48,39,11,1,1,11,5,24,8,118,22,179,25
2026-03-15,ed9dcfad299acdc267fe100c2e6327bb0c79ac3f,Executive sites scanned,30222,121,1106,39,26,11,561,20,444,33,2987,65,4320,74
2026-03-15,ed9dcfad299acdc267fe100c2e6327bb0c79ac3f,Executive live sites,14506,113,1064,39,26,11,527,20,439,33,2724,65,3978,74
2026-03-15,ed9dcfad299acdc267fe100c2e6327bb0c79ac3f,"Executive live, filtered sites",1081,52,62,15,1,1,24,9,33,11,196,28,286,31
2026-03-15,ed9dcfad299acdc267fe100c2e6327bb0c79ac3f,"Executive live, filtered, non-redirecting sites",695,45,39,11,1,1,11,5,24,8,116,21,177,24
2026-03-15,ed9dcfad299acdc267fe100c2e6327bb0c79ac3f,Legislative sites scanned,1066,19,0,0,0,0,0,0,0,0,1,1,3,3
2026-03-15,ed9dcfad299acdc267fe100c2e6327bb0c79ac3f,Legislative live sites,799,17,0,0,0,0,0,0,0,0,1,1,3,3
2026-03-15,ed9dcfad299acdc267fe100c2e6327bb0c79ac3f,"Legislative live, filtered sites",5,4,0,0,0,0,0,0,0,0,0,0,0,0
2026-03-15,ed9dcfad299acdc267fe100c2e6327bb0c79ac3f,"Legislative live, filtered, non-redirecting sites",1,1,0,0,0,0,0,0,0,0,0,0,0,0
2026-03-15,ed9dcfad299acdc267fe100c2e6327bb0c79ac3f,Judicial sites scanned,369,2,3,1,0,0,0,0,3,1,14,1,14,1
2026-03-15,ed9dcfad299acdc267fe100c2e6327bb0c79ac3f,Judicial live sites,98,2,3,1,0,0,0,0,3,1,14,1,14,1
2026-03-15,ed9dcfad299acdc267fe100c2e6327bb0c79ac3f,"Judicial live, filtered sites",8,1,1,1,0,0,0,0,1,1,4,1,4,1
2026-03-15,ed9dcfad299acdc267fe100c2e6327bb0c79ac3f,"Judicial live, filtered, non-redirecting sites",4,1,0,0,0,0,0,0,0,0,2,1,2,1
2026-03-15,ed9dcfad299acdc267fe100c2e6327bb0c79ac3f,IDEA sites scanned,10404,74,481,32,21,11,226,18,202,26,1074,48,1617,55
2026-03-15,ed9dcfad299acdc267fe100c2e6327bb0c79ac3f,IDEA live sites,6429,71,480,32,21,11,225,18,202,26,1072,48,1612,55
2026-03-15,ed9dcfad299acdc267fe100c2e6327bb0c79ac3f,"IDEA live, filtered sites",22,5,1,1,0,0,0,0,0,0,1,1,6,4
2026-03-15,ed9dcfad299acdc267fe100c2e6327bb0c79ac3f,"IDEA live, filtered, non-redirecting sites",20,4,0,0,0,0,0,0,0,0,0,0,5,3
2026-03-16,79f3055debc3432fc3ec9f1b81ec918f15bc88ff,All sites scanned,31649,143,1109,40,26,11,561,20,447,34,3002,67,4337,78
2026-03-16,79f3055debc3432fc3ec9f1b81ec918f15bc88ff,All live sites,15407,133,1067,40,26,11,527,20,442,34,2739,67,3995,78
2026-03-16,79f3055debc3432fc3ec9f1b81ec918f15bc88ff,"All live, filtered sites",1095,58,63,16,1,1,24,9,34,12,200,29,290,32
2026-03-16,79f3055debc3432fc3ec9f1b81ec918f15bc88ff,"All live, filtered, non-redirecting sites",701,48,39,11,1,1,11,5,24,8,118,22,179,25
2026-03-16,79f3055debc3432fc3ec9f1b81ec918f15bc88ff,Executive sites scanned,30209,121,1106,39,26,11,561,20,444,33,2987,65,4320,74
2026-03-16,79f3055debc3432fc3ec9f1b81ec918f15bc88ff,Executive live sites,14504,113,1064,39,26,11,527,20,439,33,2724,65,3978,74
2026-03-16,79f3055debc3432fc3ec9f1b81ec918f15bc88ff,"Executive live, filtered sites",1081,52,62,15,1,1,24,9,33,11,196,28,286,31
2026-03-16,79f3055debc3432fc3ec9f1b81ec918f15bc88ff,"Executive live, filtered, non-redirecting sites",695,45,39,11,1,1,11,5,24,8,116,21,177,24
2026-03-16,79f3055debc3432fc3ec9f1b81ec918f15bc88ff,Legislative sites scanned,1065,19,0,0,0,0,0,0,0,0,1,1,3,3
2026-03-16,79f3055debc3432fc3ec9f1b81ec918f15bc88ff,Legislative live sites,799,17,0,0,0,0,0,0,0,0,1,1,3,3
2026-03-16,79f3055debc3432fc3ec9f1b81ec918f15bc88ff,"Legislative live, filtered sites",5,4,0,0,0,0,0,0,0,0,0,0,0,0
2026-03-16,79f3055debc3432fc3ec9f1b81ec918f15bc88ff,"Legislative live, filtered, non-redirecting sites",1,1,0,0,0,0,0,0,0,0,0,0,0,0
2026-03-16,79f3055debc3432fc3ec9f1b81ec918f15bc88ff,Judicial sites scanned,369,2,3,1,0,0,0,0,3,1,14,1,14,1
2026-03-16,79f3055debc3432fc3ec9f1b81ec918f15bc88ff,Judicial live sites,98,2,3,1,0,0,0,0,3,1,14,1,14,1
2026-03-16,79f3055debc3432fc3ec9f1b81ec918f15bc88ff,"Judicial live, filtered sites",8,1,1,1,0,0,0,0,1,1,4,1,4,1
2026-03-16,79f3055debc3432fc3ec9f1b81ec918f15bc88ff,"Judicial live, filtered, non-redirecting sites",4,1,0,0,0,0,0,0,0,0,2,1,2,1
2026-03-16,79f3055debc3432fc3ec9f1b81ec918f15bc88ff,IDEA sites scanned,10404,74,481,32,21,11,226,18,202,26,1074,48,1617,55
2026-03-16,79f3055debc3432fc3ec9f1b81ec918f15bc88ff,IDEA live sites,6429,71,480,32,21,11,225,18,202,26,1072,48,1612,55
2026-03-16,79f3055debc3432fc3ec9f1b81ec918f15bc88ff,"IDEA live, filtered sites",22,5,1,1,0,0,0,0,0,0,1,1,6,4
2026-03-16,79f3055debc3432fc3ec9f1b81ec918f15bc88ff,"IDEA live, filtered, non-redirecting sites",20,4,0,0,0,0,0,0,0,0,0,0,5,3
2026-03-17,af86be7b5b72567bc561094c9543ace250f05227,All sites scanned,31680,143,1088,41,25,11,559,19,432,35,2990,69,4320,79
2026-03-17,af86be7b5b72567bc561094c9543ace250f05227,All live sites,15400,134,1050,41,25,11,525,19,428,35,2728,69,3979,79
2026-03-17,af86be7b5b72567bc561094c9543ace250f05227,"All live, filtered sites",1106,60,62,16,1,1,24,9,33,12,199,28,289,32
2026-03-17,af86be7b5b72567bc561094c9543ace250f05227,"All live, filtered, non-redirecting sites",706,49,37,11,1,1,11,5,22,8,117,22,176,25
2026-03-17,af86be7b5b72567bc561094c9543ace250f05227,Executive sites scanned,30240,121,1085,40,25,11,559,19,429,34,2975,67,4303,75
2026-03-17,af86be7b5b72567bc561094c9543ace250f05227,Executive live sites,14519,114,1047,40,25,11,525,19,425,34,2713,67,3962,75
2026-03-17,af86be7b5b72567bc561094c9543ace250f05227,"Executive live, filtered sites",1092,54,61,15,1,1,24,9,32,11,195,27,285,31
2026-03-17,af86be7b5b72567bc561094c9543ace250f05227,"Executive live, filtered, non-redirecting sites",700,46,37,11,1,1,11,5,22,8,115,21,174,24
2026-03-17,af86be7b5b72567bc561094c9543ace250f05227,Legislative sites scanned,1065,19,0,0,0,0,0,0,0,0,1,1,3,3
2026-03-17,af86be7b5b72567bc561094c9543ace250f05227,Legislative live sites,777,17,0,0,0,0,0,0,0,0,1,1,3,3
2026-03-17,af86be7b5b72567bc561094c9543ace250f05227,"Legislative live, filtered sites",5,4,0,0,0,0,0,0,0,0,0,0,0,0
2026-03-17,af86be7b5b72567bc561094c9543ace250f05227,"Legislative live, filtered, non-redirecting sites",1,1,0,0,0,0,0,0,0,0,0,0,0,0
2026-03-17,af86be7b5b72567bc561094c9543ace250f05227,Judicial sites scanned,369,2,3,1,0,0,0,0,3,1,14,1,14,1
2026-03-17,af86be7b5b72567bc561094c9543ace250f05227,Judicial live sites,98,2,3,1,0,0,0,0,3,1,14,1,14,1
2026-03-17,af86be7b5b72567bc561094c9543ace250f05227,"Judicial live, filtered sites",8,1,1,1,0,0,0,0,1,1,4,1,4,1
2026-03-17,af86be7b5b72567bc561094c9543ace250f05227,"Judicial live, filtered, non-redirecting sites",4,1,0,0,0,0,0,0,0,0,2,1,2,1
2026-03-17,af86be7b5b72567bc561094c9543ace250f05227,IDEA sites scanned,10404,74,470,32,20,11,221,18,198,26,1075,49,1611,55
2026-03-17,af86be7b5b72567bc561094c9543ace250f05227,IDEA live sites,6430,71,468,32,20,11,220,18,197,26,1071,49,1604,55
2026-03-17,af86be7b5b72567bc561094c9543ace250f05227,"IDEA live, filtered sites",22,5,1,1,0,0,0,0,0,0,1,1,6,4
2026-03-17,af86be7b5b72567bc561094c9543ace250f05227,"IDEA live, filtered, non-redirecting sites",20,4,0,0,0,0,0,0,0,0,0,0,5,3
2026-03-18,c94c62118f4c2090845e5e47d825c3f765e64040,All sites scanned,31670,143,1089,41,25,11,560,19,432,35,2989,69,4319,79
2026-03-18,c94c62118f4c2090845e5e47d825c3f765e64040,All live sites,15400,134,1051,41,25,11,526,19,428,35,2727,69,3978,79
2026-03-18,c94c62118f4c2090845e5e47d825c3f765e64040,"All live, filtered sites",1105,60,62,16,1,1,24,9,33,12,198,28,288,32
2026-03-18,c94c62118f4c2090845e5e47d825c3f765e64040,"All live, filtered, non-redirecting sites",705,49,37,11,1,1,11,5,22,8,116,21,175,25
2026-03-18,c94c62118f4c2090845e5e47d825c3f765e64040,Executive sites scanned,30230,121,1086,40,25,11,560,19,429,34,2974,67,4302,75
2026-03-18,c94c62118f4c2090845e5e47d825c3f765e64040,Executive live sites,14519,114,1048,40,25,11,526,19,425,34,2712,67,3961,75
2026-03-18,c94c62118f4c2090845e5e47d825c3f765e64040,"Executive live, filtered sites",1091,54,61,15,1,1,24,9,32,11,194,27,284,31
2026-03-18,c94c62118f4c2090845e5e47d825c3f765e64040,"Executive live, filtered, non-redirecting sites",699,46,37,11,1,1,11,5,22,8,114,20,173,24
2026-03-18,c94c62118f4c2090845e5e47d825c3f765e64040,Legislative sites scanned,1065,19,0,0,0,0,0,0,0,0,1,1,3,3
2026-03-18,c94c62118f4c2090845e5e47d825c3f765e64040,Legislative live sites,777,17,0,0,0,0,0,0,0,0,1,1,3,3
2026-03-18,c94c62118f4c2090845e5e47d825c3f765e64040,"Legislative live, filtered sites",5,4,0,0,0,0,0,0,0,0,0,0,0,0
2026-03-18,c94c62118f4c2090845e5e47d825c3f765e64040,"Legislative live, filtered, non-redirecting sites",1,1,0,0,0,0,0,0,0,0,0,0,0,0
2026-03-18,c94c62118f4c2090845e5e47d825c3f765e64040,Judicial sites scanned,369,2,3,1,0,0,0,0,3,1,14,1,14,1
2026-03-18,c94c62118f4c2090845e5e47d825c3f765e64040,Judicial live sites,98,2,3,1,0,0,0,0,3,1,14,1,14,1
2026-03-18,c94c62118f4c2090845e5e47d825c3f765e64040,"Judicial live, filtered sites",8,1,1,1,0,0,0,0,1,1,4,1,4,1
2026-03-18,c94c62118f4c2090845e5e47d825c3f765e64040,"Judicial live, filtered, non-redirecting sites",4,1,0,0,0,0,0,0,0,0,2,1,2,1
2026-03-18,c94c62118f4c2090845e5e47d825c3f765e64040,IDEA sites scanned,10404,74,472,32,20,11,222,18,199,26,1076,49,1612,55
2026-03-18,c94c62118f4c2090845e5e47d825c3f765e64040,IDEA live sites,6432,71,470,32,20,11,221,18,198,26,1072,49,1605,55
2026-03-18,c94c62118f4c2090845e5e47d825c3f765e64040,"IDEA live, filtered sites",22,5,1,1,0,0,0,0,0,0,1,1,6,4
2026-03-18,c94c62118f4c2090845e5e47d825c3f765e64040,"IDEA live, filtered, non-redirecting sites",20,4,0,0,0,0,0,0,0,0,0,0,5,3
2026-03-19,7873a2622dced03dd802bd25f3406d456c4c54ea,All sites scanned,31677,143,1080,42,26,11,548,19,439,36,3013,70,4338,80
2026-03-19,7873a2622dced03dd802bd25f3406d456c4c54ea,All live sites,15440,133,1040,42,26,11,514,19,434,36,2752,70,3998,80
2026-03-19,7873a2622dced03dd802bd25f3406d456c4c54ea,"All live, filtered sites",1155,61,60,16,1,1,20,9,35,13,202,27,290,32
2026-03-19,7873a2622dced03dd802bd25f3406d456c4c54ea,"All live, filtered, non-redirecting sites",743,50,38,11,1,1,9,5,25,9,117,21,176,25
2026-03-19,7873a2622dced03dd802bd25f3406d456c4c54ea,Executive sites scanned,30236,121,1077,41,26,11,548,19,436,35,2998,68,4321,76
2026-03-19,7873a2622dced03dd802bd25f3406d456c4c54ea,Executive live sites,14554,113,1037,41,26,11,514,19,431,35,2737,68,3981,76
2026-03-19,7873a2622dced03dd802bd25f3406d456c4c54ea,"Executive live, filtered sites",1140,55,59,15,1,1,20,9,34,12,198,26,286,31
2026-03-19,7873a2622dced03dd802bd25f3406d456c4c54ea,"Executive live, filtered, non-redirecting sites",736,47,38,11,1,1,9,5,25,9,115,20,174,24
2026-03-19,7873a2622dced03dd802bd25f3406d456c4c54ea,Legislative sites scanned,1066,19,0,0,0,0,0,0,0,0,1,1,3,3
2026-03-19,7873a2622dced03dd802bd25f3406d456c4c54ea,Legislative live sites,782,17,0,0,0,0,0,0,0,0,1,1,3,3
2026-03-19,7873a2622dced03dd802bd25f3406d456c4c54ea,"Legislative live, filtered sites",5,4,0,0,0,0,0,0,0,0,0,0,0,0
2026-03-19,7873a2622dced03dd802bd25f3406d456c4c54ea,"Legislative live, filtered, non-redirecting sites",1,1,0,0,0,0,0,0,0,0,0,0,0,0
2026-03-19,7873a2622dced03dd802bd25f3406d456c4c54ea,Judicial sites scanned,369,2,3,1,0,0,0,0,3,1,14,1,14,1
2026-03-19,7873a2622dced03dd802bd25f3406d456c4c54ea,Judicial live sites,98,2,3,1,0,0,0,0,3,1,14,1,14,1
2026-03-19,7873a2622dced03dd802bd25f3406d456c4c54ea,"Judicial live, filtered sites",8,1,1,1,0,0,0,0,1,1,4,1,4,1
2026-03-19,7873a2622dced03dd802bd25f3406d456c4c54ea,"Judicial live, filtered, non-redirecting sites",4,1,0,0,0,0,0,0,0,0,2,1,2,1
2026-03-19,7873a2622dced03dd802bd25f3406d456c4c54ea,IDEA sites scanned,10404,74,468,32,21,11,220,18,196,26,1077,49,1615,55
2026-03-19,7873a2622dced03dd802bd25f3406d456c4c54ea,IDEA live sites,6453,71,467,32,21,11,219,18,196,26,1075,49,1610,55
2026-03-19,7873a2622dced03dd802bd25f3406d456c4c54ea,"IDEA live, filtered sites",27,9,1,1,0,0,0,0,0,0,1,1,6,4
2026-03-19,7873a2622dced03dd802bd25f3406d456c4c54ea,"IDEA live, filtered, non-redirecting sites",25,8,0,0,0,0,0,0,0,0,0,0,5,3
2026-03-20,f7ff30da37e358cba0e799f68fe994e8feea3445,All sites scanned,31673,143,1081,42,26,11,548,19,440,36,3010,70,4336,80
2026-03-20,f7ff30da37e358cba0e799f68fe994e8feea3445,All live sites,15437,133,1041,42,26,11,514,19,435,36,2749,70,3996,80
2026-03-20,f7ff30da37e358cba0e799f68fe994e8feea3445,"All live, filtered sites",1107,60,60,16,1,1,20,9,35,13,200,27,288,32
2026-03-20,f7ff30da37e358cba0e799f68fe994e8feea3445,"All live, filtered, non-redirecting sites",703,49,38,11,1,1,9,5,25,9,115,20,174,25
2026-03-20,f7ff30da37e358cba0e799f68fe994e8feea3445,Executive sites scanned,30232,121,1078,41,26,11,548,19,437,35,2995,68,4319,76
2026-03-20,f7ff30da37e358cba0e799f68fe994e8feea3445,Executive live sites,14551,113,1038,41,26,11,514,19,432,35,2734,68,3979,76
2026-03-20,f7ff30da37e358cba0e799f68fe994e8feea3445,"Executive live, filtered sites",1093,54,59,15,1,1,20,9,34,12,196,26,284,31
2026-03-20,f7ff30da37e358cba0e799f68fe994e8feea3445,"Executive live, filtered, non-redirecting sites",697,46,38,11,1,1,9,5,25,9,113,19,172,24
2026-03-20,f7ff30da37e358cba0e799f68fe994e8feea3445,Legislative sites scanned,1066,19,0,0,0,0,0,0,0,0,1,1,3,3
2026-03-20,f7ff30da37e358cba0e799f68fe994e8feea3445,Legislative live sites,782,17,0,0,0,0,0,0,0,0,1,1,3,3
2026-03-20,f7ff30da37e358cba0e799f68fe994e8feea3445,"Legislative live, filtered sites",5,4,0,0,0,0,0,0,0,0,0,0,0,0
2026-03-20,f7ff30da37e358cba0e799f68fe994e8feea3445,"Legislative live, filtered, non-redirecting sites",1,1,0,0,0,0,0,0,0,0,0,0,0,0
2026-03-20,f7ff30da37e358cba0e799f68fe994e8feea3445,Judicial sites scanned,369,2,3,1,0,0,0,0,3,1,14,1,14,1
2026-03-20,f7ff30da37e358cba0e799f68fe994e8feea3445,Judicial live sites,98,2,3,1,0,0,0,0,3,1,14,1,14,1
2026-03-20,f7ff30da37e358cba0e799f68fe994e8feea3445,"Judicial live, filtered sites",8,1,1,1,0,0,0,0,1,1,4,1,4,1
2026-03-20,f7ff30da37e358cba0e799f68fe994e8feea3445,"Judicial live, filtered, non-redirecting sites",4,1,0,0,0,0,0,0,0,0,2,1,2,1
2026-03-20,f7ff30da37e358cba0e799f68fe994e8feea3445,IDEA sites scanned,10404,74,468,32,21,11,220,18,196,26,1077,49,1615,55
2026-03-20,f7ff30da37e358cba0e799f68fe994e8feea3445,IDEA live sites,6453,71,467,32,21,11,219,18,196,26,1075,49,1610,55
2026-03-20,f7ff30da37e358cba0e799f68fe994e8feea3445,"IDEA live, filtered sites",22,5,1,1,0,0,0,0,0,0,1,1,6,4
2026-03-20,f7ff30da37e358cba0e799f68fe994e8feea3445,"IDEA live, filtered, non-redirecting sites",20,4,0,0,0,0,0,0,0,0,0,0,5,3
2026-03-21,8d6028ee92c8e655dc5e217e9d63bc68d5a8e72e,All sites scanned,31711,143,1091,41,25,10,548,20,443,35,3024,68,4348,78
2026-03-21,8d6028ee92c8e655dc5e217e9d63bc68d5a8e72e,All live sites,15419,133,1051,41,25,10,515,20,438,35,2762,68,4007,78
2026-03-21,8d6028ee92c8e655dc5e217e9d63bc68d5a8e72e,"All live, filtered sites",1149,61,60,16,1,1,21,9,34,12,206,28,295,33
2026-03-21,8d6028ee92c8e655dc5e217e9d63bc68d5a8e72e,"All live, filtered, non-redirecting sites",741,50,38,11,1,1,9,5,25,8,123,22,183,26
2026-03-21,8d6028ee92c8e655dc5e217e9d63bc68d5a8e72e,Executive sites scanned,30270,121,1088,40,25,10,548,20,440,34,3009,66,4331,74
2026-03-21,8d6028ee92c8e655dc5e217e9d63bc68d5a8e72e,Executive live sites,14522,113,1048,40,25,10,515,20,435,34,2747,66,3990,74
2026-03-21,8d6028ee92c8e655dc5e217e9d63bc68d5a8e72e,"Executive live, filtered sites",1134,55,59,15,1,1,21,9,33,11,202,27,291,32
2026-03-21,8d6028ee92c8e655dc5e217e9d63bc68d5a8e72e,"Executive live, filtered, non-redirecting sites",734,47,38,11,1,1,9,5,25,8,121,21,181,25
2026-03-21,8d6028ee92c8e655dc5e217e9d63bc68d5a8e72e,Legislative sites scanned,1066,19,0,0,0,0,0,0,0,0,1,1,3,3
2026-03-21,8d6028ee92c8e655dc5e217e9d63bc68d5a8e72e,Legislative live sites,794,17,0,0,0,0,0,0,0,0,1,1,3,3
2026-03-21,8d6028ee92c8e655dc5e217e9d63bc68d5a8e72e,"Legislative live, filtered sites",5,4,0,0,0,0,0,0,0,0,0,0,0,0
2026-03-21,8d6028ee92c8e655dc5e217e9d63bc68d5a8e72e,"Legislative live, filtered, non-redirecting sites",1,1,0,0,0,0,0,0,0,0,0,0,0,0
2026-03-21,8d6028ee92c8e655dc5e217e9d63bc68d5a8e72e,Judicial sites scanned,369,2,3,1,0,0,0,0,3,1,14,1,14,1
2026-03-21,8d6028ee92c8e655dc5e217e9d63bc68d5a8e72e,Judicial live sites,98,2,3,1,0,0,0,0,3,1,14,1,14,1
2026-03-21,8d6028ee92c8e655dc5e217e9d63bc68d5a8e72e,"Judicial live, filtered sites",8,1,1,1,0,0,0,0,1,1,4,1,4,1
2026-03-21,8d6028ee92c8e655dc5e217e9d63bc68d5a8e72e,"Judicial live, filtered, non-redirecting sites",4,1,0,0,0,0,0,0,0,0,2,1,2,1
2026-03-21,8d6028ee92c8e655dc5e217e9d63bc68d5a8e72e,IDEA sites scanned,10404,74,465,32,20,10,212,18,202,25,1076,49,1616,55
2026-03-21,8d6028ee92c8e655dc5e217e9d63bc68d5a8e72e,IDEA live sites,6432,71,465,32,20,10,212,18,202,25,1074,49,1611,55
2026-03-21,8d6028ee92c8e655dc5e217e9d63bc68d5a8e72e,"IDEA live, filtered sites",27,9,1,1,0,0,0,0,0,0,1,1,6,4
2026-03-21,8d6028ee92c8e655dc5e217e9d63bc68d5a8e72e,"IDEA live, filtered, non-redirecting sites",25,8,0,0,0,0,0,0,0,0,0,0,5,3
2026-03-22,5b085736533cd75ef682b447512aef087525e4df,All sites scanned,31695,147,1092,42,25,10,549,20,443,36,3024,70,4349,80
2026-03-22,5b085736533cd75ef682b447512aef087525e4df,All live sites,15421,137,1052,42,25,10,516,20,438,36,2762,70,4008,80
2026-03-22,5b085736533cd75ef682b447512aef087525e4df,"All live, filtered sites",1102,60,60,16,1,1,21,9,34,12,206,28,295,33
2026-03-22,5b085736533cd75ef682b447512aef087525e4df,"All live, filtered, non-redirecting sites",703,49,38,11,1,1,9,5,25,8,123,22,183,26
2026-03-22,5b085736533cd75ef682b447512aef087525e4df,Executive sites scanned,30254,122,1089,40,25,10,549,20,440,34,3009,67,4332,75
2026-03-22,5b085736533cd75ef682b447512aef087525e4df,Executive live sites,14524,114,1049,40,25,10,516,20,435,34,2747,67,3991,75
2026-03-22,5b085736533cd75ef682b447512aef087525e4df,"Executive live, filtered sites",1088,54,59,15,1,1,21,9,33,11,202,27,291,32
2026-03-22,5b085736533cd75ef682b447512aef087525e4df,"Executive live, filtered, non-redirecting sites",697,46,38,11,1,1,9,5,25,8,121,21,181,25
2026-03-22,5b085736533cd75ef682b447512aef087525e4df,Legislative sites scanned,1066,19,0,0,0,0,0,0,0,0,1,1,3,3
2026-03-22,5b085736533cd75ef682b447512aef087525e4df,Legislative live sites,794,17,0,0,0,0,0,0,0,0,1,1,3,3
2026-03-22,5b085736533cd75ef682b447512aef087525e4df,"Legislative live, filtered sites",5,4,0,0,0,0,0,0,0,0,0,0,0,0
2026-03-22,5b085736533cd75ef682b447512aef087525e4df,"Legislative live, filtered, non-redirecting sites",1,1,0,0,0,0,0,0,0,0,0,0,0,0
2026-03-22,5b085736533cd75ef682b447512aef087525e4df,Judicial sites scanned,369,5,3,2,0,0,0,0,3,2,14,2,14,2
2026-03-22,5b085736533cd75ef682b447512aef087525e4df,Judicial live sites,98,5,3,2,0,0,0,0,3,2,14,2,14,2
2026-03-22,5b085736533cd75ef682b447512aef087525e4df,"Judicial live, filtered sites",8,1,1,1,0,0,0,0,1,1,4,1,4,1
2026-03-22,5b085736533cd75ef682b447512aef087525e4df,"Judicial live, filtered, non-redirecting sites",4,1,0,0,0,0,0,0,0,0,2,1,2,1
2026-03-22,5b085736533cd75ef682b447512aef087525e4df,IDEA sites scanned,10404,75,466,32,20,10,213,18,202,25,1076,50,1617,56
2026-03-22,5b085736533cd75ef682b447512aef087525e4df,IDEA live sites,6434,72,466,32,20,10,213,18,202,25,1074,50,1612,56
2026-03-22,5b085736533cd75ef682b447512aef087525e4df,"IDEA live, filtered sites",22,5,1,1,0,0,0,0,0,0,1,1,6,4
2026-03-22,5b085736533cd75ef682b447512aef087525e4df,"IDEA live, filtered, non-redirecting sites",20,4,0,0,0,0,0,0,0,0,0,0,5,3
2026-03-23,7cd1594833eb67f78db03b9ea5c435849da79f06,All sites scanned,31679,146,1092,42,25,10,549,20,443,36,3024,70,4349,80
2026-03-23,7cd1594833eb67f78db03b9ea5c435849da79f06,All live sites,15421,137,1052,42,25,10,516,20,438,36,2762,70,4008,80
2026-03-23,7cd1594833eb67f78db03b9ea5c435849da79f06,"All live, filtered sites",1102,60,60,16,1,1,21,9,34,12,206,28,295,33
2026-03-23,7cd1594833eb67f78db03b9ea5c435849da79f06,"All live, filtered, non-redirecting sites",703,49,38,11,1,1,9,5,25,8,123,22,183,26
2026-03-23,7cd1594833eb67f78db03b9ea5c435849da79f06,Executive sites scanned,30239,122,1089,40,25,10,549,20,440,34,3009,67,4332,75
2026-03-23,7cd1594833eb67f78db03b9ea5c435849da79f06,Executive live sites,14524,114,1049,40,25,10,516,20,435,34,2747,67,3991,75
2026-03-23,7cd1594833eb67f78db03b9ea5c435849da79f06,"Executive live, filtered sites",1088,54,59,15,1,1,21,9,33,11,202,27,291,32
2026-03-23,7cd1594833eb67f78db03b9ea5c435849da79f06,"Executive live, filtered, non-redirecting sites",697,46,38,11,1,1,9,5,25,8,121,21,181,25
2026-03-23,7cd1594833eb67f78db03b9ea5c435849da79f06,Legislative sites scanned,1065,18,0,0,0,0,0,0,0,0,1,1,3,3
2026-03-23,7cd1594833eb67f78db03b9ea5c435849da79f06,Legislative live sites,794,17,0,0,0,0,0,0,0,0,1,1,3,3
2026-03-23,7cd1594833eb67f78db03b9ea5c435849da79f06,"Legislative live, filtered sites",5,4,0,0,0,0,0,0,0,0,0,0,0,0
2026-03-23,7cd1594833eb67f78db03b9ea5c435849da79f06,"Legislative live, filtered, non-redirecting sites",1,1,0,0,0,0,0,0,0,0,0,0,0,0
2026-03-23,7cd1594833eb67f78db03b9ea5c435849da79f06,Judicial sites scanned,369,5,3,2,0,0,0,0,3,2,14,2,14,2
2026-03-23,7cd1594833eb67f78db03b9ea5c435849da79f06,Judicial live sites,98,5,3,2,0,0,0,0,3,2,14,2,14,2
2026-03-23,7cd1594833eb67f78db03b9ea5c435849da79f06,"Judicial live, filtered sites",8,1,1,1,0,0,0,0,1,1,4,1,4,1
2026-03-23,7cd1594833eb67f78db03b9ea5c435849da79f06,"Judicial live, filtered, non-redirecting sites",4,1,0,0,0,0,0,0,0,0,2,1,2,1
2026-03-23,7cd1594833eb67f78db03b9ea5c435849da79f06,IDEA sites scanned,10404,75,466,32,20,10,213,18,202,25,1076,50,1617,56
2026-03-23,7cd1594833eb67f78db03b9ea5c435849da79f06,IDEA live sites,6434,72,466,32,20,10,213,18,202,25,1074,50,1612,56
2026-03-23,7cd1594833eb67f78db03b9ea5c435849da79f06,"IDEA live, filtered sites",22,5,1,1,0,0,0,0,0,0,1,1,6,4
2026-03-23,7cd1594833eb67f78db03b9ea5c435849da79f06,"IDEA live, filtered, non-redirecting sites",20,4,0,0,0,0,0,0,0,0,0,0,5,3
2026-03-24,324ad59a6842dd6c617c7177190bbe9006f4883f,All sites scanned,31687,146,1089,42,24,11,545,19,444,36,3022,69,4344,80
2026-03-24,324ad59a6842dd6c617c7177190bbe9006f4883f,All live sites,15396,136,1049,42,24,11,511,19,440,36,2760,69,4002,80
2026-03-24,324ad59a6842dd6c617c7177190bbe9006f4883f,"All live, filtered sites",1144,61,62,16,1,1,23,10,34,12,204,28,293,33
2026-03-24,324ad59a6842dd6c617c7177190bbe9006f4883f,"All live, filtered, non-redirecting sites",742,50,39,11,1,1,11,6,24,9,121,22,181,26
2026-03-24,324ad59a6842dd6c617c7177190bbe9006f4883f,Executive sites scanned,30247,122,1086,40,24,11,545,19,441,34,3007,66,4327,75
2026-03-24,324ad59a6842dd6c617c7177190bbe9006f4883f,Executive live sites,14508,113,1046,40,24,11,511,19,437,34,2745,66,3985,75
2026-03-24,324ad59a6842dd6c617c7177190bbe9006f4883f,"Executive live, filtered sites",1130,55,61,15,1,1,23,10,33,11,200,27,289,32
2026-03-24,324ad59a6842dd6c617c7177190bbe9006f4883f,"Executive live, filtered, non-redirecting sites",736,47,39,11,1,1,11,6,24,9,119,21,179,25
2026-03-24,324ad59a6842dd6c617c7177190bbe9006f4883f,Legislative sites scanned,1065,18,0,0,0,0,0,0,0,0,1,1,3,3
2026-03-24,324ad59a6842dd6c617c7177190bbe9006f4883f,Legislative live sites,787,17,0,0,0,0,0,0,0,0,1,1,3,3
2026-03-24,324ad59a6842dd6c617c7177190bbe9006f4883f,"Legislative live, filtered sites",5,4,0,0,0,0,0,0,0,0,0,0,0,0
2026-03-24,324ad59a6842dd6c617c7177190bbe9006f4883f,"Legislative live, filtered, non-redirecting sites",1,1,0,0,0,0,0,0,0,0,0,0,0,0
2026-03-24,324ad59a6842dd6c617c7177190bbe9006f4883f,Judicial sites scanned,369,5,3,2,0,0,0,0,3,2,14,2,14,2
2026-03-24,324ad59a6842dd6c617c7177190bbe9006f4883f,Judicial live sites,97,5,3,2,0,0,0,0,3,2,14,2,14,2
2026-03-24,324ad59a6842dd6c617c7177190bbe9006f4883f,"Judicial live, filtered sites",8,1,1,1,0,0,0,0,1,1,4,1,4,1
2026-03-24,324ad59a6842dd6c617c7177190bbe9006f4883f,"Judicial live, filtered, non-redirecting sites",4,1,0,0,0,0,0,0,0,0,2,1,2,1
2026-03-24,324ad59a6842dd6c617c7177190bbe9006f4883f,IDEA sites scanned,10404,75,465,32,19,11,216,18,198,26,1080,49,1620,56
2026-03-24,324ad59a6842dd6c617c7177190bbe9006f4883f,IDEA live sites,6423,72,464,32,19,11,215,18,198,26,1078,49,1615,56
2026-03-24,324ad59a6842dd6c617c7177190bbe9006f4883f,"IDEA live, filtered sites",28,9,1,1,0,0,0,0,0,0,1,1,6,4
2026-03-24,324ad59a6842dd6c617c7177190bbe9006f4883f,"IDEA live, filtered, non-redirecting sites",26,8,0,0,0,0,0,0,0,0,0,0,5,3
2026-03-25,9e4c8e80a8e85b2d5ca8717e128cccb5e5da270f,All sites scanned,31675,146,1052,43,28,11,541,19,411,37,2901,70,4159,81
2026-03-25,9e4c8e80a8e85b2d5ca8717e128cccb5e5da270f,All live sites,15029,131,1013,43,28,11,507,19,407,37,2642,70,3820,81
2026-03-25,9e4c8e80a8e85b2d5ca8717e128cccb5e5da270f,"All live, filtered sites",13943,130,950,43,27,11,483,19,373,37,2443,70,3541,81
2026-03-25,9e4c8e80a8e85b2d5ca8717e128cccb5e5da270f,"All live, filtered, non-redirecting sites",9223,129,466,41,22,11,151,19,264,34,1252,67,1734,79
2026-03-25,9e4c8e80a8e85b2d5ca8717e128cccb5e5da270f,Executive sites scanned,30235,122,1049,41,28,11,541,19,408,35,2886,67,4142,76
2026-03-25,9e4c8e80a8e85b2d5ca8717e128cccb5e5da270f,Executive live sites,14143,111,1010,41,28,11,507,19,404,35,2627,67,3803,76
2026-03-25,9e4c8e80a8e85b2d5ca8717e128cccb5e5da270f,"Executive live, filtered sites",13072,111,948,41,27,11,483,19,371,35,2432,67,3528,76
2026-03-25,9e4c8e80a8e85b2d5ca8717e128cccb5e5da270f,"Executive live, filtered, non-redirecting sites",8495,110,464,39,22,11,151,19,262,32,1244,64,1724,74
2026-03-25,9e4c8e80a8e85b2d5ca8717e128cccb5e5da270f,Legislative sites scanned,1065,18,0,0,0,0,0,0,0,0,1,1,3,3
2026-03-25,9e4c8e80a8e85b2d5ca8717e128cccb5e5da270f,Legislative live sites,783,14,0,0,0,0,0,0,0,0,1,1,3,3
2026-03-25,9e4c8e80a8e85b2d5ca8717e128cccb5e5da270f,"Legislative live, filtered sites",778,13,0,0,0,0,0,0,0,0,1,1,3,3
2026-03-25,9e4c8e80a8e85b2d5ca8717e128cccb5e5da270f,"Legislative live, filtered, non-redirecting sites",640,13,0,0,0,0,0,0,0,0,1,1,3,3
2026-03-25,9e4c8e80a8e85b2d5ca8717e128cccb5e5da270f,Judicial sites scanned,369,5,3,2,0,0,0,0,3,2,14,2,14,2
2026-03-25,9e4c8e80a8e85b2d5ca8717e128cccb5e5da270f,Judicial live sites,97,5,3,2,0,0,0,0,3,2,14,2,14,2
2026-03-25,9e4c8e80a8e85b2d5ca8717e128cccb5e5da270f,"Judicial live, filtered sites",89,5,2,2,0,0,0,0,2,2,10,2,10,2
2026-03-25,9e4c8e80a8e85b2d5ca8717e128cccb5e5da270f,"Judicial live, filtered, non-redirecting sites",85,5,2,2,0,0,0,0,2,2,7,2,7,2
2026-03-25,9e4c8e80a8e85b2d5ca8717e128cccb5e5da270f,IDEA sites scanned,10404,75,459,32,23,11,215,18,190,25,1033,49,1541,56
2026-03-25,9e4c8e80a8e85b2d5ca8717e128cccb5e5da270f,IDEA live sites,6213,72,458,32,23,11,214,18,190,25,1030,49,1535,56
2026-03-25,9e4c8e80a8e85b2d5ca8717e128cccb5e5da270f,"IDEA live, filtered sites",6188,72,457,32,23,11,214,18,190,25,1029,49,1530,56
2026-03-25,9e4c8e80a8e85b2d5ca8717e128cccb5e5da270f,"IDEA live, filtered, non-redirecting sites",5323,69,330,31,20,11,114,18,169,24,834,47,1169,54
2026-03-26,573e1cf3ff3fce3cad9a22577e35ee582f094f7e,All sites scanned,31675,146,1027,43,27,11,542,19,390,37,2842,72,4089,82
2026-03-26,573e1cf3ff3fce3cad9a22577e35ee582f094f7e,All live sites,14907,134,988,43,27,11,508,19,386,37,2580,72,3748,82
2026-03-26,573e1cf3ff3fce3cad9a22577e35ee582f094f7e,"All live, filtered sites",13810,133,926,43,26,11,484,19,353,37,2389,72,3475,82
2026-03-26,573e1cf3ff3fce3cad9a22577e35ee582f094f7e,"All live, filtered, non-redirecting sites",9144,131,465,42,22,11,150,19,265,35,1229,70,1700,80
2026-03-26,573e1cf3ff3fce3cad9a22577e35ee582f094f7e,Executive sites scanned,30235,122,1024,41,27,11,542,19,387,35,2827,69,4072,77
2026-03-26,573e1cf3ff3fce3cad9a22577e35ee582f094f7e,Executive live sites,14016,113,985,41,27,11,508,19,383,35,2565,69,3731,77
2026-03-26,573e1cf3ff3fce3cad9a22577e35ee582f094f7e,"Executive live, filtered sites",12933,113,924,41,26,11,484,19,351,35,2378,69,3462,77
2026-03-26,573e1cf3ff3fce3cad9a22577e35ee582f094f7e,"Executive live, filtered, non-redirecting sites",8412,112,463,40,22,11,150,19,263,33,1221,67,1690,75
2026-03-26,573e1cf3ff3fce3cad9a22577e35ee582f094f7e,Legislative sites scanned,1065,18,0,0,0,0,0,0,0,0,1,1,3,3
2026-03-26,573e1cf3ff3fce3cad9a22577e35ee582f094f7e,Legislative live sites,788,15,0,0,0,0,0,0,0,0,1,1,3,3
2026-03-26,573e1cf3ff3fce3cad9a22577e35ee582f094f7e,"Legislative live, filtered sites",783,14,0,0,0,0,0,0,0,0,1,1,3,3
2026-03-26,573e1cf3ff3fce3cad9a22577e35ee582f094f7e,"Legislative live, filtered, non-redirecting sites",643,13,0,0,0,0,0,0,0,0,1,1,3,3
2026-03-26,573e1cf3ff3fce3cad9a22577e35ee582f094f7e,Judicial sites scanned,369,5,3,2,0,0,0,0,3,2,14,2,14,2
2026-03-26,573e1cf3ff3fce3cad9a22577e35ee582f094f7e,Judicial live sites,97,5,3,2,0,0,0,0,3,2,14,2,14,2
2026-03-26,573e1cf3ff3fce3cad9a22577e35ee582f094f7e,"Judicial live, filtered sites",90,5,2,2,0,0,0,0,2,2,10,2,10,2
2026-03-26,573e1cf3ff3fce3cad9a22577e35ee582f094f7e,"Judicial live, filtered, non-redirecting sites",86,5,2,2,0,0,0,0,2,2,7,2,7,2
2026-03-26,573e1cf3ff3fce3cad9a22577e35ee582f094f7e,IDEA sites scanned,10404,75,456,32,22,11,215,18,189,25,1010,49,1512,55
2026-03-26,573e1cf3ff3fce3cad9a22577e35ee582f094f7e,IDEA live sites,6153,72,455,32,22,11,214,18,189,25,1005,49,1504,55
2026-03-26,573e1cf3ff3fce3cad9a22577e35ee582f094f7e,"IDEA live, filtered sites",6125,72,454,32,22,11,214,18,189,25,1004,49,1499,55
2026-03-26,573e1cf3ff3fce3cad9a22577e35ee582f094f7e,"IDEA live, filtered, non-redirecting sites",5261,69,327,31,20,11,112,18,169,24,811,47,1139,53
2026-03-27,8a9ef1e97746a87424aa7234a57ec1941606a7fe,All sites scanned,31671,146,1026,43,27,11,542,19,389,37,2843,72,4090,82
2026-03-27,8a9ef1e97746a87424aa7234a57ec1941606a7fe,All live sites,14890,134,987,43,27,11,508,19,385,37,2579,72,3746,82
2026-03-27,8a9ef1e97746a87424aa7234a57ec1941606a7fe,"All live, filtered sites",13847,133,924,43,26,11,484,19,351,37,2388,72,3474,82
2026-03-27,8a9ef1e97746a87424aa7234a57ec1941606a7fe,"All live, filtered, non-redirecting sites",9178,131,464,42,22,11,150,19,264,35,1228,70,1699,80
2026-03-27,8a9ef1e97746a87424aa7234a57ec1941606a7fe,Executive sites scanned,30231,122,1023,41,27,11,542,19,386,35,2828,69,4073,77
2026-03-27,8a9ef1e97746a87424aa7234a57ec1941606a7fe,Executive live sites,13997,113,984,41,27,11,508,19,382,35,2564,69,3729,77
2026-03-27,8a9ef1e97746a87424aa7234a57ec1941606a7fe,"Executive live, filtered sites",12967,113,922,41,26,11,484,19,349,35,2377,69,3461,77
2026-03-27,8a9ef1e97746a87424aa7234a57ec1941606a7fe,"Executive live, filtered, non-redirecting sites",8443,112,462,40,22,11,150,19,262,33,1220,67,1689,75
2026-03-27,8a9ef1e97746a87424aa7234a57ec1941606a7fe,Legislative sites scanned,1065,18,0,0,0,0,0,0,0,0,1,1,3,3
2026-03-27,8a9ef1e97746a87424aa7234a57ec1941606a7fe,Legislative live sites,790,15,0,0,0,0,0,0,0,0,1,1,3,3
2026-03-27,8a9ef1e97746a87424aa7234a57ec1941606a7fe,"Legislative live, filtered sites",785,14,0,0,0,0,0,0,0,0,1,1,3,3
2026-03-27,8a9ef1e97746a87424aa7234a57ec1941606a7fe,"Legislative live, filtered, non-redirecting sites",645,13,0,0,0,0,0,0,0,0,1,1,3,3
2026-03-27,8a9ef1e97746a87424aa7234a57ec1941606a7fe,Judicial sites scanned,369,5,3,2,0,0,0,0,3,2,14,2,14,2
2026-03-27,8a9ef1e97746a87424aa7234a57ec1941606a7fe,Judicial live sites,97,5,3,2,0,0,0,0,3,2,14,2,14,2
2026-03-27,8a9ef1e97746a87424aa7234a57ec1941606a7fe,"Judicial live, filtered sites",90,5,2,2,0,0,0,0,2,2,10,2,10,2
2026-03-27,8a9ef1e97746a87424aa7234a57ec1941606a7fe,"Judicial live, filtered, non-redirecting sites",86,5,2,2,0,0,0,0,2,2,7,2,7,2
2026-03-27,8a9ef1e97746a87424aa7234a57ec1941606a7fe,IDEA sites scanned,10404,75,456,32,22,11,215,18,189,25,1010,49,1512,55
2026-03-27,8a9ef1e97746a87424aa7234a57ec1941606a7fe,IDEA live sites,6152,72,455,32,22,11,214,18,189,25,1004,49,1503,55
2026-03-27,8a9ef1e97746a87424aa7234a57ec1941606a7fe,"IDEA live, filtered sites",6130,72,454,32,22,11,214,18,189,25,1003,49,1498,55
2026-03-27,8a9ef1e97746a87424aa7234a57ec1941606a7fe,"IDEA live, filtered, non-redirecting sites",5265,69,327,31,20,11,112,18,169,24,810,47,1138,53
2026-03-28,5fd5c9253f31562e89e96125f1d5c423f92a355a,All sites scanned,31742,145,1032,43,25,10,533,19,403,36,2882,72,4129,82
2026-03-28,5fd5c9253f31562e89e96125f1d5c423f92a355a,All live sites,14957,134,992,43,25,10,499,19,398,36,2618,72,3785,82
2026-03-28,5fd5c9253f31562e89e96125f1d5c423f92a355a,"All live, filtered sites",13859,133,929,43,24,10,476,19,364,36,2422,72,3508,82
2026-03-28,5fd5c9253f31562e89e96125f1d5c423f92a355a,"All live, filtered, non-redirecting sites",9174,131,467,42,20,10,145,19,276,35,1242,70,1718,80
2026-03-28,5fd5c9253f31562e89e96125f1d5c423f92a355a,Executive sites scanned,30300,121,1029,41,25,10,533,19,400,34,2867,69,4112,77
2026-03-28,5fd5c9253f31562e89e96125f1d5c423f92a355a,Executive live sites,14071,113,989,41,25,10,499,19,395,34,2603,69,3768,77
2026-03-28,5fd5c9253f31562e89e96125f1d5c423f92a355a,"Executive live, filtered sites",12986,113,927,41,24,10,476,19,362,34,2411,69,3495,77
2026-03-28,5fd5c9253f31562e89e96125f1d5c423f92a355a,"Executive live, filtered, non-redirecting sites",8446,112,465,40,20,10,145,19,274,33,1234,67,1708,75
2026-03-28,5fd5c9253f31562e89e96125f1d5c423f92a355a,Legislative sites scanned,1066,18,0,0,0,0,0,0,0,0,1,1,3,3
2026-03-28,5fd5c9253f31562e89e96125f1d5c423f92a355a,Legislative live sites,785,15,0,0,0,0,0,0,0,0,1,1,3,3
2026-03-28,5fd5c9253f31562e89e96125f1d5c423f92a355a,"Legislative live, filtered sites",780,14,0,0,0,0,0,0,0,0,1,1,3,3
2026-03-28,5fd5c9253f31562e89e96125f1d5c423f92a355a,"Legislative live, filtered, non-redirecting sites",640,13,0,0,0,0,0,0,0,0,1,1,3,3
2026-03-28,5fd5c9253f31562e89e96125f1d5c423f92a355a,Judicial sites scanned,370,5,3,2,0,0,0,0,3,2,14,2,14,2
2026-03-28,5fd5c9253f31562e89e96125f1d5c423f92a355a,Judicial live sites,96,5,3,2,0,0,0,0,3,2,14,2,14,2
2026-03-28,5fd5c9253f31562e89e96125f1d5c423f92a355a,"Judicial live, filtered sites",89,5,2,2,0,0,0,0,2,2,10,2,10,2
2026-03-28,5fd5c9253f31562e89e96125f1d5c423f92a355a,"Judicial live, filtered, non-redirecting sites",85,5,2,2,0,0,0,0,2,2,7,2,7,2
2026-03-28,5fd5c9253f31562e89e96125f1d5c423f92a355a,IDEA sites scanned,10404,75,461,32,20,10,211,18,202,25,1026,49,1536,55
2026-03-28,5fd5c9253f31562e89e96125f1d5c423f92a355a,IDEA live sites,6190,72,460,32,20,10,210,18,202,25,1019,49,1526,55
2026-03-28,5fd5c9253f31562e89e96125f1d5c423f92a355a,"IDEA live, filtered sites",6161,72,459,32,20,10,210,18,202,25,1018,49,1520,55
2026-03-28,5fd5c9253f31562e89e96125f1d5c423f92a355a,"IDEA live, filtered, non-redirecting sites",5283,69,327,30,18,10,107,18,178,23,819,47,1152,53
2026-03-29,55082ef42f2c323f2cc4e5494a15d76f3783306b,All sites scanned,31729,145,1031,43,25,10,532,19,402,36,2884,72,4130,82
2026-03-29,55082ef42f2c323f2cc4e5494a15d76f3783306b,All live sites,14961,134,991,43,25,10,498,19,397,36,2620,72,3786,82
2026-03-29,55082ef42f2c323f2cc4e5494a15d76f3783306b,"All live, filtered sites",13893,133,927,43,24,10,475,19,362,36,2423,72,3506,82
2026-03-29,55082ef42f2c323f2cc4e5494a15d76f3783306b,"All live, filtered, non-redirecting sites",9202,131,466,42,20,10,144,19,275,35,1244,70,1718,80
2026-03-29,55082ef42f2c323f2cc4e5494a15d76f3783306b,Executive sites scanned,30288,121,1028,41,25,10,532,19,399,34,2869,69,4113,77
2026-03-29,55082ef42f2c323f2cc4e5494a15d76f3783306b,Executive live sites,14073,113,988,41,25,10,498,19,394,34,2605,69,3769,77
2026-03-29,55082ef42f2c323f2cc4e5494a15d76f3783306b,"Executive live, filtered sites",13017,113,925,41,24,10,475,19,360,34,2412,69,3493,77
2026-03-29,55082ef42f2c323f2cc4e5494a15d76f3783306b,"Executive live, filtered, non-redirecting sites",8471,112,464,40,20,10,144,19,273,33,1236,67,1708,75
2026-03-29,55082ef42f2c323f2cc4e5494a15d76f3783306b,Legislative sites scanned,1065,18,0,0,0,0,0,0,0,0,1,1,3,3
2026-03-29,55082ef42f2c323f2cc4e5494a15d76f3783306b,Legislative live sites,787,15,0,0,0,0,0,0,0,0,1,1,3,3
2026-03-29,55082ef42f2c323f2cc4e5494a15d76f3783306b,"Legislative live, filtered sites",782,14,0,0,0,0,0,0,0,0,1,1,3,3
2026-03-29,55082ef42f2c323f2cc4e5494a15d76f3783306b,"Legislative live, filtered, non-redirecting sites",642,13,0,0,0,0,0,0,0,0,1,1,3,3
2026-03-29,55082ef42f2c323f2cc4e5494a15d76f3783306b,Judicial sites scanned,370,5,3,2,0,0,0,0,3,2,14,2,14,2
2026-03-29,55082ef42f2c323f2cc4e5494a15d76f3783306b,Judicial live sites,96,5,3,2,0,0,0,0,3,2,14,2,14,2
2026-03-29,55082ef42f2c323f2cc4e5494a15d76f3783306b,"Judicial live, filtered sites",89,5,2,2,0,0,0,0,2,2,10,2,10,2
2026-03-29,55082ef42f2c323f2cc4e5494a15d76f3783306b,"Judicial live, filtered, non-redirecting sites",85,5,2,2,0,0,0,0,2,2,7,2,7,2
2026-03-29,55082ef42f2c323f2cc4e5494a15d76f3783306b,IDEA sites scanned,10404,75,461,32,20,10,210,18,202,25,1029,49,1539,55
2026-03-29,55082ef42f2c323f2cc4e5494a15d76f3783306b,IDEA live sites,6193,72,460,32,20,10,209,18,202,25,1022,49,1529,55
2026-03-29,55082ef42f2c323f2cc4e5494a15d76f3783306b,"IDEA live, filtered sites",6168,72,459,32,20,10,209,18,202,25,1021,49,1521,55
2026-03-29,55082ef42f2c323f2cc4e5494a15d76f3783306b,"IDEA live, filtered, non-redirecting sites",5291,69,327,30,18,10,106,18,178,23,822,47,1153,53
2026-03-30,3f4e60005ac64c52402cc4e8fb4cffdf3f802900,All sites scanned,31721,145,1031,43,25,10,532,19,402,36,2884,72,4130,82
2026-03-30,3f4e60005ac64c52402cc4e8fb4cffdf3f802900,All live sites,14960,134,991,43,25,10,498,19,397,36,2620,72,3786,82
2026-03-30,3f4e60005ac64c52402cc4e8fb4cffdf3f802900,"All live, filtered sites",13894,133,927,43,24,10,475,19,362,36,2423,72,3506,82
2026-03-30,3f4e60005ac64c52402cc4e8fb4cffdf3f802900,"All live, filtered, non-redirecting sites",9203,131,466,42,20,10,144,19,275,35,1244,70,1718,80
2026-03-30,3f4e60005ac64c52402cc4e8fb4cffdf3f802900,Executive sites scanned,30280,121,1028,41,25,10,532,19,399,34,2869,69,4113,77
2026-03-30,3f4e60005ac64c52402cc4e8fb4cffdf3f802900,Executive live sites,14072,113,988,41,25,10,498,19,394,34,2605,69,3769,77
2026-03-30,3f4e60005ac64c52402cc4e8fb4cffdf3f802900,"Executive live, filtered sites",13018,113,925,41,24,10,475,19,360,34,2412,69,3493,77
2026-03-30,3f4e60005ac64c52402cc4e8fb4cffdf3f802900,"Executive live, filtered, non-redirecting sites",8472,112,464,40,20,10,144,19,273,33,1236,67,1708,75
2026-03-30,3f4e60005ac64c52402cc4e8fb4cffdf3f802900,Legislative sites scanned,1065,18,0,0,0,0,0,0,0,0,1,1,3,3
2026-03-30,3f4e60005ac64c52402cc4e8fb4cffdf3f802900,Legislative live sites,787,15,0,0,0,0,0,0,0,0,1,1,3,3
2026-03-30,3f4e60005ac64c52402cc4e8fb4cffdf3f802900,"Legislative live, filtered sites",782,14,0,0,0,0,0,0,0,0,1,1,3,3
2026-03-30,3f4e60005ac64c52402cc4e8fb4cffdf3f802900,"Legislative live, filtered, non-redirecting sites",642,13,0,0,0,0,0,0,0,0,1,1,3,3
2026-03-30,3f4e60005ac64c52402cc4e8fb4cffdf3f802900,Judicial sites scanned,370,5,3,2,0,0,0,0,3,2,14,2,14,2
2026-03-30,3f4e60005ac64c52402cc4e8fb4cffdf3f802900,Judicial live sites,96,5,3,2,0,0,0,0,3,2,14,2,14,2
2026-03-30,3f4e60005ac64c52402cc4e8fb4cffdf3f802900,"Judicial live, filtered sites",89,5,2,2,0,0,0,0,2,2,10,2,10,2
2026-03-30,3f4e60005ac64c52402cc4e8fb4cffdf3f802900,"Judicial live, filtered, non-redirecting sites",85,5,2,2,0,0,0,0,2,2,7,2,7,2
2026-03-30,3f4e60005ac64c52402cc4e8fb4cffdf3f802900,IDEA sites scanned,10404,75,461,32,20,10,210,18,202,25,1029,49,1539,55
2026-03-30,3f4e60005ac64c52402cc4e8fb4cffdf3f802900,IDEA live sites,6193,72,460,32,20,10,209,18,202,25,1022,49,1529,55
2026-03-30,3f4e60005ac64c52402cc4e8fb4cffdf3f802900,"IDEA live, filtered sites",6168,72,459,32,20,10,209,18,202,25,1021,49,1521,55
2026-03-30,3f4e60005ac64c52402cc4e8fb4cffdf3f802900,"IDEA live, filtered, non-redirecting sites",5291,69,327,30,18,10,106,18,178,23,822,47,1153,53
2026-03-31,44bbe5a5ba32fde5744d70ca39480e59b41dfa7e,All sites scanned,31742,145,1034,43,27,11,544,20,391,37,2891,72,4149,82
2026-03-31,44bbe5a5ba32fde5744d70ca39480e59b41dfa7e,All live sites,15005,133,995,43,27,11,510,20,387,37,2627,72,3804,82
2026-03-31,44bbe5a5ba32fde5744d70ca39480e59b41dfa7e,"All live, filtered sites",13948,132,931,43,26,11,486,20,352,37,2432,72,3521,82
2026-03-31,44bbe5a5ba32fde5744d70ca39480e59b41dfa7e,"All live, filtered, non-redirecting sites",9261,130,465,42,21,11,150,19,268,35,1255,70,1731,80
2026-03-31,44bbe5a5ba32fde5744d70ca39480e59b41dfa7e,Executive sites scanned,30305,121,1031,41,27,11,544,20,388,35,2876,69,4132,77
2026-03-31,44bbe5a5ba32fde5744d70ca39480e59b41dfa7e,Executive live sites,14094,112,992,41,27,11,510,20,384,35,2612,69,3787,77
2026-03-31,44bbe5a5ba32fde5744d70ca39480e59b41dfa7e,"Executive live, filtered sites",13049,112,929,41,26,11,486,20,350,35,2421,69,3508,77
2026-03-31,44bbe5a5ba32fde5744d70ca39480e59b41dfa7e,"Executive live, filtered, non-redirecting sites",8506,111,463,40,21,11,150,19,266,33,1247,67,1721,75
2026-03-31,44bbe5a5ba32fde5744d70ca39480e59b41dfa7e,Legislative sites scanned,1061,18,0,0,0,0,0,0,0,0,1,1,3,3
2026-03-31,44bbe5a5ba32fde5744d70ca39480e59b41dfa7e,Legislative live sites,810,15,0,0,0,0,0,0,0,0,1,1,3,3
2026-03-31,44bbe5a5ba32fde5744d70ca39480e59b41dfa7e,"Legislative live, filtered sites",805,14,0,0,0,0,0,0,0,0,1,1,3,3
2026-03-31,44bbe5a5ba32fde5744d70ca39480e59b41dfa7e,"Legislative live, filtered, non-redirecting sites",666,13,0,0,0,0,0,0,0,0,1,1,3,3
2026-03-31,44bbe5a5ba32fde5744d70ca39480e59b41dfa7e,Judicial sites scanned,370,5,3,2,0,0,0,0,3,2,14,2,14,2
2026-03-31,44bbe5a5ba32fde5744d70ca39480e59b41dfa7e,Judicial live sites,97,5,3,2,0,0,0,0,3,2,14,2,14,2
2026-03-31,44bbe5a5ba32fde5744d70ca39480e59b41dfa7e,"Judicial live, filtered sites",90,5,2,2,0,0,0,0,2,2,10,2,10,2
2026-03-31,44bbe5a5ba32fde5744d70ca39480e59b41dfa7e,"Judicial live, filtered, non-redirecting sites",86,5,2,2,0,0,0,0,2,2,7,2,7,2
2026-03-31,44bbe5a5ba32fde5744d70ca39480e59b41dfa7e,IDEA sites scanned,10404,75,455,32,22,11,210,18,194,25,1036,49,1542,55
2026-03-31,44bbe5a5ba32fde5744d70ca39480e59b41dfa7e,IDEA live sites,6219,72,454,32,22,11,209,18,194,25,1029,49,1532,55
2026-03-31,44bbe5a5ba32fde5744d70ca39480e59b41dfa7e,"IDEA live, filtered sites",6193,72,453,32,22,11,209,18,194,25,1028,49,1524,55
2026-03-31,44bbe5a5ba32fde5744d70ca39480e59b41dfa7e,"IDEA live, filtered, non-redirecting sites",5316,69,325,30,19,11,112,18,170,23,828,47,1159,53
2026-04-02,977c45851f3cfc12145be328042797e52a378ac2,All sites scanned,31749,145,1036,43,26,11,531,19,408,37,2874,72,4129,82
2026-04-02,977c45851f3cfc12145be328042797e52a378ac2,All live sites,14939,134,995,43,26,11,496,19,404,37,2611,72,3785,82
2026-04-02,977c45851f3cfc12145be328042797e52a378ac2,"All live, filtered sites",13839,133,931,43,25,11,474,19,367,37,2416,72,3506,82
2026-04-02,977c45851f3cfc12145be328042797e52a378ac2,"All live, filtered, non-redirecting sites",9184,131,464,42,22,11,145,19,270,36,1238,70,1712,80
2026-04-02,977c45851f3cfc12145be328042797e52a378ac2,Executive sites scanned,30312,121,1033,41,26,11,531,19,405,35,2859,69,4112,77
2026-04-02,977c45851f3cfc12145be328042797e52a378ac2,Executive live sites,14030,113,992,41,26,11,496,19,401,35,2596,69,3768,77
2026-04-02,977c45851f3cfc12145be328042797e52a378ac2,"Executive live, filtered sites",12942,113,929,41,25,11,474,19,365,35,2405,69,3493,77
2026-04-02,977c45851f3cfc12145be328042797e52a378ac2,"Executive live, filtered, non-redirecting sites",8431,112,462,40,22,11,145,19,268,34,1230,67,1702,75
2026-04-02,977c45851f3cfc12145be328042797e52a378ac2,Legislative sites scanned,1061,18,0,0,0,0,0,0,0,0,1,1,3,3
2026-04-02,977c45851f3cfc12145be328042797e52a378ac2,Legislative live sites,811,15,0,0,0,0,0,0,0,0,1,1,3,3
2026-04-02,977c45851f3cfc12145be328042797e52a378ac2,"Legislative live, filtered sites",806,14,0,0,0,0,0,0,0,0,1,1,3,3
2026-04-02,977c45851f3cfc12145be328042797e52a378ac2,"Legislative live, filtered, non-redirecting sites",667,13,0,0,0,0,0,0,0,0,1,1,3,3
2026-04-02,977c45851f3cfc12145be328042797e52a378ac2,Judicial sites scanned,370,5,3,2,0,0,0,0,3,2,14,2,14,2
2026-04-02,977c45851f3cfc12145be328042797e52a378ac2,Judicial live sites,96,5,3,2,0,0,0,0,3,2,14,2,14,2
2026-04-02,977c45851f3cfc12145be328042797e52a378ac2,"Judicial live, filtered sites",89,5,2,2,0,0,0,0,2,2,10,2,10,2
2026-04-02,977c45851f3cfc12145be328042797e52a378ac2,"Judicial live, filtered, non-redirecting sites",85,5,2,2,0,0,0,0,2,2,7,2,7,2
2026-04-02,977c45851f3cfc12145be328042797e52a378ac2,IDEA sites scanned,10404,75,456,32,21,11,206,18,199,26,1024,48,1536,54
2026-04-02,977c45851f3cfc12145be328042797e52a378ac2,IDEA live sites,6199,71,455,32,21,11,205,18,199,26,1017,48,1526,54
2026-04-02,977c45851f3cfc12145be328042797e52a378ac2,"IDEA live, filtered sites",6169,71,454,32,21,11,205,18,199,26,1016,48,1518,54
2026-04-02,977c45851f3cfc12145be328042797e52a378ac2,"IDEA live, filtered, non-redirecting sites",5278,68,322,31,20,11,106,18,172,25,815,46,1149,52
2026-04-03,0de194be9cfeb6321b92b26ffd199e65e08fd2c4,All sites scanned,31748,145,1036,43,26,11,531,19,408,37,2874,72,4128,82
2026-04-03,0de194be9cfeb6321b92b26ffd199e65e08fd2c4,All live sites,14938,134,995,43,26,11,496,19,404,37,2611,72,3784,82
2026-04-03,0de194be9cfeb6321b92b26ffd199e65e08fd2c4,"All live, filtered sites",13884,133,931,43,25,11,474,19,367,37,2416,72,3506,82
2026-04-03,0de194be9cfeb6321b92b26ffd199e65e08fd2c4,"All live, filtered, non-redirecting sites",9221,131,464,42,22,11,145,19,270,36,1238,70,1712,80
2026-04-03,0de194be9cfeb6321b92b26ffd199e65e08fd2c4,Executive sites scanned,30311,121,1033,41,26,11,531,19,405,35,2859,69,4111,77
2026-04-03,0de194be9cfeb6321b92b26ffd199e65e08fd2c4,Executive live sites,14029,113,992,41,26,11,496,19,401,35,2596,69,3767,77
2026-04-03,0de194be9cfeb6321b92b26ffd199e65e08fd2c4,"Executive live, filtered sites",12987,113,929,41,25,11,474,19,365,35,2405,69,3493,77
2026-04-03,0de194be9cfeb6321b92b26ffd199e65e08fd2c4,"Executive live, filtered, non-redirecting sites",8468,112,462,40,22,11,145,19,268,34,1230,67,1702,75
2026-04-03,0de194be9cfeb6321b92b26ffd199e65e08fd2c4,Legislative sites scanned,1061,18,0,0,0,0,0,0,0,0,1,1,3,3
2026-04-03,0de194be9cfeb6321b92b26ffd199e65e08fd2c4,Legislative live sites,811,15,0,0,0,0,0,0,0,0,1,1,3,3
2026-04-03,0de194be9cfeb6321b92b26ffd199e65e08fd2c4,"Legislative live, filtered sites",806,14,0,0,0,0,0,0,0,0,1,1,3,3
2026-04-03,0de194be9cfeb6321b92b26ffd199e65e08fd2c4,"Legislative live, filtered, non-redirecting sites",667,13,0,0,0,0,0,0,0,0,1,1,3,3
2026-04-03,0de194be9cfeb6321b92b26ffd199e65e08fd2c4,Judicial sites scanned,370,5,3,2,0,0,0,0,3,2,14,2,14,2
2026-04-03,0de194be9cfeb6321b92b26ffd199e65e08fd2c4,Judicial live sites,96,5,3,2,0,0,0,0,3,2,14,2,14,2
2026-04-03,0de194be9cfeb6321b92b26ffd199e65e08fd2c4,"Judicial live, filtered sites",89,5,2,2,0,0,0,0,2,2,10,2,10,2
2026-04-03,0de194be9cfeb6321b92b26ffd199e65e08fd2c4,"Judicial live, filtered, non-redirecting sites",85,5,2,2,0,0,0,0,2,2,7,2,7,2
2026-04-03,0de194be9cfeb6321b92b26ffd199e65e08fd2c4,IDEA sites scanned,10404,75,456,32,21,11,206,18,199,26,1024,48,1536,54
2026-04-03,0de194be9cfeb6321b92b26ffd199e65e08fd2c4,IDEA live sites,6199,71,455,32,21,11,205,18,199,26,1017,48,1526,54
2026-04-03,0de194be9cfeb6321b92b26ffd199e65e08fd2c4,"IDEA live, filtered sites",6174,71,454,32,21,11,205,18,199,26,1016,48,1518,54
2026-04-03,0de194be9cfeb6321b92b26ffd199e65e08fd2c4,"IDEA live, filtered, non-redirecting sites",5283,68,322,31,20,11,106,18,172,25,815,46,1149,52
2026-04-04,62cb96dfc03311c5e50acfd508e512959735563e,All sites scanned,31761,145,1033,43,26,12,528,19,407,37,2885,72,4139,82
2026-04-04,62cb96dfc03311c5e50acfd508e512959735563e,All live sites,14894,134,993,43,26,12,494,19,403,37,2622,72,3796,82
2026-04-04,62cb96dfc03311c5e50acfd508e512959735563e,"All live, filtered sites",13795,133,929,43,25,12,472,19,366,37,2428,72,3519,82
2026-04-04,62cb96dfc03311c5e50acfd508e512959735563e,"All live, filtered, non-redirecting sites",9171,131,462,42,20,11,145,19,271,35,1240,70,1717,80
2026-04-04,62cb96dfc03311c5e50acfd508e512959735563e,Executive sites scanned,30324,121,1030,41,26,12,528,19,404,35,2870,69,4122,77
2026-04-04,62cb96dfc03311c5e50acfd508e512959735563e,Executive live sites,13984,113,990,41,26,12,494,19,400,35,2607,69,3779,77
2026-04-04,62cb96dfc03311c5e50acfd508e512959735563e,"Executive live, filtered sites",12898,113,927,41,25,12,472,19,364,35,2417,69,3506,77
2026-04-04,62cb96dfc03311c5e50acfd508e512959735563e,"Executive live, filtered, non-redirecting sites",8417,112,460,40,20,11,145,19,269,33,1232,67,1707,75
2026-04-04,62cb96dfc03311c5e50acfd508e512959735563e,Legislative sites scanned,1061,18,0,0,0,0,0,0,0,0,1,1,3,3
2026-04-04,62cb96dfc03311c5e50acfd508e512959735563e,Legislative live sites,809,15,0,0,0,0,0,0,0,0,1,1,3,3
2026-04-04,62cb96dfc03311c5e50acfd508e512959735563e,"Legislative live, filtered sites",804,14,0,0,0,0,0,0,0,0,1,1,3,3
2026-04-04,62cb96dfc03311c5e50acfd508e512959735563e,"Legislative live, filtered, non-redirecting sites",666,13,0,0,0,0,0,0,0,0,1,1,3,3
2026-04-04,62cb96dfc03311c5e50acfd508e512959735563e,Judicial sites scanned,370,5,3,2,0,0,0,0,3,2,14,2,14,2
2026-04-04,62cb96dfc03311c5e50acfd508e512959735563e,Judicial live sites,96,5,3,2,0,0,0,0,3,2,14,2,14,2
2026-04-04,62cb96dfc03311c5e50acfd508e512959735563e,"Judicial live, filtered sites",89,5,2,2,0,0,0,0,2,2,10,2,10,2
2026-04-04,62cb96dfc03311c5e50acfd508e512959735563e,"Judicial live, filtered, non-redirecting sites",85,5,2,2,0,0,0,0,2,2,7,2,7,2
2026-04-04,62cb96dfc03311c5e50acfd508e512959735563e,IDEA sites scanned,10404,75,458,32,20,11,209,18,200,25,1031,48,1544,54
2026-04-04,62cb96dfc03311c5e50acfd508e512959735563e,IDEA live sites,6175,71,457,32,20,11,208,18,200,25,1024,48,1534,54
2026-04-04,62cb96dfc03311c5e50acfd508e512959735563e,"IDEA live, filtered sites",6144,71,456,32,20,11,208,18,200,25,1023,48,1526,54
2026-04-04,62cb96dfc03311c5e50acfd508e512959735563e,"IDEA live, filtered, non-redirecting sites",5264,68,324,31,18,11,108,18,174,24,820,46,1157,52
2026-04-05,ad5e27e993acd09fc88f5d65fefa7142492ff58e,All sites scanned,31746,145,1033,43,26,12,528,19,407,37,2885,72,4138,82
2026-04-05,ad5e27e993acd09fc88f5d65fefa7142492ff58e,All live sites,14893,134,993,43,26,12,494,19,403,37,2622,72,3795,82
2026-04-05,ad5e27e993acd09fc88f5d65fefa7142492ff58e,"All live, filtered sites",13844,133,929,43,25,12,472,19,366,37,2428,72,3519,82
2026-04-05,ad5e27e993acd09fc88f5d65fefa7142492ff58e,"All live, filtered, non-redirecting sites",9212,131,462,42,20,11,145,19,271,35,1240,70,1717,80
2026-04-05,ad5e27e993acd09fc88f5d65fefa7142492ff58e,Executive sites scanned,30309,121,1030,41,26,12,528,19,404,35,2870,69,4121,77
2026-04-05,ad5e27e993acd09fc88f5d65fefa7142492ff58e,Executive live sites,13983,113,990,41,26,12,494,19,400,35,2607,69,3778,77
2026-04-05,ad5e27e993acd09fc88f5d65fefa7142492ff58e,"Executive live, filtered sites",12946,113,927,41,25,12,472,19,364,35,2417,69,3506,77
2026-04-05,ad5e27e993acd09fc88f5d65fefa7142492ff58e,"Executive live, filtered, non-redirecting sites",8457,112,460,40,20,11,145,19,269,33,1232,67,1707,75
2026-04-05,ad5e27e993acd09fc88f5d65fefa7142492ff58e,Legislative sites scanned,1061,18,0,0,0,0,0,0,0,0,1,1,3,3
2026-04-05,ad5e27e993acd09fc88f5d65fefa7142492ff58e,Legislative live sites,809,15,0,0,0,0,0,0,0,0,1,1,3,3
2026-04-05,ad5e27e993acd09fc88f5d65fefa7142492ff58e,"Legislative live, filtered sites",804,14,0,0,0,0,0,0,0,0,1,1,3,3
2026-04-05,ad5e27e993acd09fc88f5d65fefa7142492ff58e,"Legislative live, filtered, non-redirecting sites",666,13,0,0,0,0,0,0,0,0,1,1,3,3
2026-04-05,ad5e27e993acd09fc88f5d65fefa7142492ff58e,Judicial sites scanned,370,5,3,2,0,0,0,0,3,2,14,2,14,2
2026-04-05,ad5e27e993acd09fc88f5d65fefa7142492ff58e,Judicial live sites,96,5,3,2,0,0,0,0,3,2,14,2,14,2
2026-04-05,ad5e27e993acd09fc88f5d65fefa7142492ff58e,"Judicial live, filtered sites",89,5,2,2,0,0,0,0,2,2,10,2,10,2
2026-04-05,ad5e27e993acd09fc88f5d65fefa7142492ff58e,"Judicial live, filtered, non-redirecting sites",85,5,2,2,0,0,0,0,2,2,7,2,7,2
2026-04-05,ad5e27e993acd09fc88f5d65fefa7142492ff58e,IDEA sites scanned,10404,75,458,32,20,11,209,18,200,25,1031,48,1544,54
2026-04-05,ad5e27e993acd09fc88f5d65fefa7142492ff58e,IDEA live sites,6175,71,457,32,20,11,208,18,200,25,1024,48,1534,54
2026-04-05,ad5e27e993acd09fc88f5d65fefa7142492ff58e,"IDEA live, filtered sites",6150,71,456,32,20,11,208,18,200,25,1023,48,1526,54
2026-04-05,ad5e27e993acd09fc88f5d65fefa7142492ff58e,"IDEA live, filtered, non-redirecting sites",5270,68,324,31,18,11,108,18,174,24,820,46,1157,52
2026-04-06,d62dd8ef81ac0c11ab3f4052e76d5b0c38773549,All sites scanned,31731,145,1033,43,26,12,528,19,407,37,2885,72,4138,82
2026-04-06,d62dd8ef81ac0c11ab3f4052e76d5b0c38773549,All live sites,14892,134,993,43,26,12,494,19,403,37,2622,72,3795,82
2026-04-06,d62dd8ef81ac0c11ab3f4052e76d5b0c38773549,"All live, filtered sites",13843,133,929,43,25,12,472,19,366,37,2428,72,3519,82
2026-04-06,d62dd8ef81ac0c11ab3f4052e76d5b0c38773549,"All live, filtered, non-redirecting sites",9212,131,462,42,20,11,145,19,271,35,1240,70,1717,80
2026-04-06,d62dd8ef81ac0c11ab3f4052e76d5b0c38773549,Executive sites scanned,30294,121,1030,41,26,12,528,19,404,35,2870,69,4121,77
2026-04-06,d62dd8ef81ac0c11ab3f4052e76d5b0c38773549,Executive live sites,13982,113,990,41,26,12,494,19,400,35,2607,69,3778,77
2026-04-06,d62dd8ef81ac0c11ab3f4052e76d5b0c38773549,"Executive live, filtered sites",12945,113,927,41,25,12,472,19,364,35,2417,69,3506,77
2026-04-06,d62dd8ef81ac0c11ab3f4052e76d5b0c38773549,"Executive live, filtered, non-redirecting sites",8457,112,460,40,20,11,145,19,269,33,1232,67,1707,75
2026-04-06,d62dd8ef81ac0c11ab3f4052e76d5b0c38773549,Legislative sites scanned,1061,18,0,0,0,0,0,0,0,0,1,1,3,3
2026-04-06,d62dd8ef81ac0c11ab3f4052e76d5b0c38773549,Legislative live sites,809,15,0,0,0,0,0,0,0,0,1,1,3,3
2026-04-06,d62dd8ef81ac0c11ab3f4052e76d5b0c38773549,"Legislative live, filtered sites",804,14,0,0,0,0,0,0,0,0,1,1,3,3
2026-04-06,d62dd8ef81ac0c11ab3f4052e76d5b0c38773549,"Legislative live, filtered, non-redirecting sites",666,13,0,0,0,0,0,0,0,0,1,1,3,3
2026-04-06,d62dd8ef81ac0c11ab3f4052e76d5b0c38773549,Judicial sites scanned,370,5,3,2,0,0,0,0,3,2,14,2,14,2
2026-04-06,d62dd8ef81ac0c11ab3f4052e76d5b0c38773549,Judicial live sites,96,5,3,2,0,0,0,0,3,2,14,2,14,2
2026-04-06,d62dd8ef81ac0c11ab3f4052e76d5b0c38773549,"Judicial live, filtered sites",89,5,2,2,0,0,0,0,2,2,10,2,10,2
2026-04-06,d62dd8ef81ac0c11ab3f4052e76d5b0c38773549,"Judicial live, filtered, non-redirecting sites",85,5,2,2,0,0,0,0,2,2,7,2,7,2
2026-04-06,d62dd8ef81ac0c11ab3f4052e76d5b0c38773549,IDEA sites scanned,10404,75,458,32,20,11,209,18,200,25,1031,48,1544,54
2026-04-06,d62dd8ef81ac0c11ab3f4052e76d5b0c38773549,IDEA live sites,6175,71,457,32,20,11,208,18,200,25,1024,48,1534,54
2026-04-06,d62dd8ef81ac0c11ab3f4052e76d5b0c38773549,"IDEA live, filtered sites",6150,71,456,32,20,11,208,18,200,25,1023,48,1526,54
2026-04-06,d62dd8ef81ac0c11ab3f4052e76d5b0c38773549,"IDEA live, filtered, non-redirecting sites",5270,68,324,31,18,11,108,18,174,24,820,46,1157,52
2026-04-07,c88f466e50331d3e0a16d9553ea3e731f664e556,All sites scanned,31757,145,1032,43,23,11,526,19,411,37,2861,72,4122,82
2026-04-07,c88f466e50331d3e0a16d9553ea3e731f664e556,All live sites,14912,134,993,43,23,11,491,19,407,37,2600,72,3780,82
2026-04-07,c88f466e50331d3e0a16d9553ea3e731f664e556,"All live, filtered sites",13813,133,932,43,22,11,470,19,371,37,2409,72,3502,82
2026-04-07,c88f466e50331d3e0a16d9553ea3e731f664e556,"All live, filtered, non-redirecting sites",9186,131,464,42,19,11,142,19,276,35,1239,70,1715,80
2026-04-07,c88f466e50331d3e0a16d9553ea3e731f664e556,Executive sites scanned,30320,121,1029,41,23,11,526,19,408,35,2846,69,4105,77
2026-04-07,c88f466e50331d3e0a16d9553ea3e731f664e556,Executive live sites,14007,113,990,41,23,11,491,19,404,35,2585,69,3763,77
2026-04-07,c88f466e50331d3e0a16d9553ea3e731f664e556,"Executive live, filtered sites",12921,113,930,41,22,11,470,19,369,35,2398,69,3489,77
2026-04-07,c88f466e50331d3e0a16d9553ea3e731f664e556,"Executive live, filtered, non-redirecting sites",8433,112,462,40,19,11,142,19,274,33,1231,67,1705,75
2026-04-07,c88f466e50331d3e0a16d9553ea3e731f664e556,Legislative sites scanned,1061,18,0,0,0,0,0,0,0,0,1,1,3,3
2026-04-07,c88f466e50331d3e0a16d9553ea3e731f664e556,Legislative live sites,804,15,0,0,0,0,0,0,0,0,1,1,3,3
2026-04-07,c88f466e50331d3e0a16d9553ea3e731f664e556,"Legislative live, filtered sites",799,14,0,0,0,0,0,0,0,0,1,1,3,3
2026-04-07,c88f466e50331d3e0a16d9553ea3e731f664e556,"Legislative live, filtered, non-redirecting sites",665,13,0,0,0,0,0,0,0,0,1,1,3,3
2026-04-07,c88f466e50331d3e0a16d9553ea3e731f664e556,Judicial sites scanned,370,5,3,2,0,0,0,0,3,2,14,2,14,2
2026-04-07,c88f466e50331d3e0a16d9553ea3e731f664e556,Judicial live sites,97,5,3,2,0,0,0,0,3,2,14,2,14,2
2026-04-07,c88f466e50331d3e0a16d9553ea3e731f664e556,"Judicial live, filtered sites",90,5,2,2,0,0,0,0,2,2,10,2,10,2
2026-04-07,c88f466e50331d3e0a16d9553ea3e731f664e556,"Judicial live, filtered, non-redirecting sites",86,5,2,2,0,0,0,0,2,2,7,2,7,2
2026-04-07,c88f466e50331d3e0a16d9553ea3e731f664e556,IDEA sites scanned,10404,75,458,32,18,11,204,18,205,25,1028,48,1541,54
2026-04-07,c88f466e50331d3e0a16d9553ea3e731f664e556,IDEA live sites,6189,71,457,32,18,11,203,18,205,25,1021,48,1531,54
2026-04-07,c88f466e50331d3e0a16d9553ea3e731f664e556,"IDEA live, filtered sites",6160,71,456,32,18,11,203,18,205,25,1020,48,1523,54
2026-04-07,c88f466e50331d3e0a16d9553ea3e731f664e556,"IDEA live, filtered, non-redirecting sites",5278,68,327,31,17,11,107,18,178,24,818,46,1155,52
2026-04-08,b877f3ea1f8cc7d55aad89b0d26cc397baa58d4b,All sites scanned,31751,145,1028,43,23,11,524,19,409,37,2856,72,4118,82
2026-04-08,b877f3ea1f8cc7d55aad89b0d26cc397baa58d4b,All live sites,14923,134,989,43,23,11,489,19,405,37,2594,72,3775,82
2026-04-08,b877f3ea1f8cc7d55aad89b0d26cc397baa58d4b,"All live, filtered sites",13864,133,929,42,22,11,468,18,370,37,2402,71,3496,81
2026-04-08,b877f3ea1f8cc7d55aad89b0d26cc397baa58d4b,"All live, filtered, non-redirecting sites",9222,131,460,41,19,11,140,18,273,35,1237,69,1713,79
2026-04-08,b877f3ea1f8cc7d55aad89b0d26cc397baa58d4b,Executive sites scanned,30314,121,1025,41,23,11,524,19,406,35,2841,69,4101,77
2026-04-08,b877f3ea1f8cc7d55aad89b0d26cc397baa58d4b,Executive live sites,14018,113,986,41,23,11,489,19,402,35,2579,69,3758,77
2026-04-08,b877f3ea1f8cc7d55aad89b0d26cc397baa58d4b,"Executive live, filtered sites",12971,113,927,40,22,11,468,18,368,35,2391,68,3483,76
2026-04-08,b877f3ea1f8cc7d55aad89b0d26cc397baa58d4b,"Executive live, filtered, non-redirecting sites",8468,112,458,39,19,11,140,18,271,33,1229,66,1703,74
2026-04-08,b877f3ea1f8cc7d55aad89b0d26cc397baa58d4b,Legislative sites scanned,1061,18,0,0,0,0,0,0,0,0,1,1,3,3
2026-04-08,b877f3ea1f8cc7d55aad89b0d26cc397baa58d4b,Legislative live sites,804,15,0,0,0,0,0,0,0,0,1,1,3,3
2026-04-08,b877f3ea1f8cc7d55aad89b0d26cc397baa58d4b,"Legislative live, filtered sites",799,14,0,0,0,0,0,0,0,0,1,1,3,3
2026-04-08,b877f3ea1f8cc7d55aad89b0d26cc397baa58d4b,"Legislative live, filtered, non-redirecting sites",665,13,0,0,0,0,0,0,0,0,1,1,3,3
2026-04-08,b877f3ea1f8cc7d55aad89b0d26cc397baa58d4b,Judicial sites scanned,370,5,3,2,0,0,0,0,3,2,14,2,14,2
2026-04-08,b877f3ea1f8cc7d55aad89b0d26cc397baa58d4b,Judicial live sites,97,5,3,2,0,0,0,0,3,2,14,2,14,2
2026-04-08,b877f3ea1f8cc7d55aad89b0d26cc397baa58d4b,"Judicial live, filtered sites",90,5,2,2,0,0,0,0,2,2,10,2,10,2
2026-04-08,b877f3ea1f8cc7d55aad89b0d26cc397baa58d4b,"Judicial live, filtered, non-redirecting sites",86,5,2,2,0,0,0,0,2,2,7,2,7,2
2026-04-08,b877f3ea1f8cc7d55aad89b0d26cc397baa58d4b,IDEA sites scanned,10404,75,454,31,18,11,203,17,202,25,1025,47,1539,53
2026-04-08,b877f3ea1f8cc7d55aad89b0d26cc397baa58d4b,IDEA live sites,6191,71,453,31,18,11,202,17,202,25,1017,47,1528,53
2026-04-08,b877f3ea1f8cc7d55aad89b0d26cc397baa58d4b,"IDEA live, filtered sites",6166,71,452,31,18,11,202,17,202,25,1016,47,1520,53
2026-04-08,b877f3ea1f8cc7d55aad89b0d26cc397baa58d4b,"IDEA live, filtered, non-redirecting sites",5286,68,323,30,17,11,105,17,175,24,816,45,1153,51
2026-04-09,8326a34e0497351c22910756134780b544f4091e,All sites scanned,31751,144,1024,43,24,11,522,19,406,37,2864,72,4120,82
2026-04-09,8326a34e0497351c22910756134780b544f4091e,All live sites,14944,133,985,43,24,11,488,19,402,37,2597,72,3773,82
2026-04-09,8326a34e0497351c22910756134780b544f4091e,"All live, filtered sites",13840,132,919,42,23,11,465,18,365,37,2399,71,3490,81
2026-04-09,8326a34e0497351c22910756134780b544f4091e,"All live, filtered, non-redirecting sites",9191,130,457,41,20,11,140,18,269,36,1237,69,1713,79
2026-04-09,8326a34e0497351c22910756134780b544f4091e,Executive sites scanned,30315,121,1021,41,24,11,522,19,403,35,2849,69,4103,77
2026-04-09,8326a34e0497351c22910756134780b544f4091e,Executive live sites,14044,113,982,41,24,11,488,19,399,35,2582,69,3756,77
2026-04-09,8326a34e0497351c22910756134780b544f4091e,"Executive live, filtered sites",12954,113,917,40,23,11,465,18,363,35,2388,68,3477,76
2026-04-09,8326a34e0497351c22910756134780b544f4091e,"Executive live, filtered, non-redirecting sites",8443,112,455,39,20,11,140,18,267,34,1229,66,1703,74
2026-04-09,8326a34e0497351c22910756134780b544f4091e,Legislative sites scanned,1060,17,0,0,0,0,0,0,0,0,1,1,3,3
2026-04-09,8326a34e0497351c22910756134780b544f4091e,Legislative live sites,801,15,0,0,0,0,0,0,0,0,1,1,3,3
2026-04-09,8326a34e0497351c22910756134780b544f4091e,"Legislative live, filtered sites",796,14,0,0,0,0,0,0,0,0,1,1,3,3
2026-04-09,8326a34e0497351c22910756134780b544f4091e,"Legislative live, filtered, non-redirecting sites",663,13,0,0,0,0,0,0,0,0,1,1,3,3
2026-04-09,8326a34e0497351c22910756134780b544f4091e,Judicial sites scanned,370,5,3,2,0,0,0,0,3,2,14,2,14,2
2026-04-09,8326a34e0497351c22910756134780b544f4091e,Judicial live sites,94,4,3,2,0,0,0,0,3,2,14,2,14,2
2026-04-09,8326a34e0497351c22910756134780b544f4091e,"Judicial live, filtered sites",87,4,2,2,0,0,0,0,2,2,10,2,10,2
2026-04-09,8326a34e0497351c22910756134780b544f4091e,"Judicial live, filtered, non-redirecting sites",83,4,2,2,0,0,0,0,2,2,7,2,7,2
2026-04-09,8326a34e0497351c22910756134780b544f4091e,IDEA sites scanned,10401,75,453,31,19,11,204,17,199,26,1026,47,1537,53
2026-04-09,8326a34e0497351c22910756134780b544f4091e,IDEA live sites,6194,71,452,31,19,11,203,17,199,26,1017,47,1525,53
2026-04-09,8326a34e0497351c22910756134780b544f4091e,"IDEA live, filtered sites",6166,71,451,31,19,11,203,17,199,26,1016,47,1517,53
2026-04-09,8326a34e0497351c22910756134780b544f4091e,"IDEA live, filtered, non-redirecting sites",5281,68,319,30,18,11,104,17,171,25,815,45,1149,51
2026-04-10,2282ad80b7950f83252cef870a1286834eb4d701,All sites scanned,31751,144,1028,43,25,11,526,19,405,37,2868,72,4124,82
2026-04-10,2282ad80b7950f83252cef870a1286834eb4d701,All live sites,14937,133,988,43,25,11,491,19,401,37,2600,72,3776,82
2026-04-10,2282ad80b7950f83252cef870a1286834eb4d701,"All live, filtered sites",13877,132,920,43,24,11,468,19,362,37,2402,72,3493,82
2026-04-10,2282ad80b7950f83252cef870a1286834eb4d701,"All live, filtered, non-redirecting sites",9227,130,458,42,20,11,143,19,267,36,1237,70,1713,80
2026-04-10,2282ad80b7950f83252cef870a1286834eb4d701,Executive sites scanned,30315,121,1025,41,25,11,526,19,402,35,2853,69,4107,77
2026-04-10,2282ad80b7950f83252cef870a1286834eb4d701,Executive live sites,14037,113,985,41,25,11,491,19,398,35,2585,69,3759,77
2026-04-10,2282ad80b7950f83252cef870a1286834eb4d701,"Executive live, filtered sites",12989,113,918,41,24,11,468,19,360,35,2391,69,3480,77
2026-04-10,2282ad80b7950f83252cef870a1286834eb4d701,"Executive live, filtered, non-redirecting sites",8477,112,456,40,20,11,143,19,265,34,1229,67,1703,75
2026-04-10,2282ad80b7950f83252cef870a1286834eb4d701,Legislative sites scanned,1060,17,0,0,0,0,0,0,0,0,1,1,3,3
2026-04-10,2282ad80b7950f83252cef870a1286834eb4d701,Legislative live sites,801,15,0,0,0,0,0,0,0,0,1,1,3,3
2026-04-10,2282ad80b7950f83252cef870a1286834eb4d701,"Legislative live, filtered sites",796,14,0,0,0,0,0,0,0,0,1,1,3,3
2026-04-10,2282ad80b7950f83252cef870a1286834eb4d701,"Legislative live, filtered, non-redirecting sites",663,13,0,0,0,0,0,0,0,0,1,1,3,3
2026-04-10,2282ad80b7950f83252cef870a1286834eb4d701,Judicial sites scanned,370,5,3,2,0,0,0,0,3,2,14,2,14,2
2026-04-10,2282ad80b7950f83252cef870a1286834eb4d701,Judicial live sites,94,4,3,2,0,0,0,0,3,2,14,2,14,2
2026-04-10,2282ad80b7950f83252cef870a1286834eb4d701,"Judicial live, filtered sites",87,4,2,2,0,0,0,0,2,2,10,2,10,2
2026-04-10,2282ad80b7950f83252cef870a1286834eb4d701,"Judicial live, filtered, non-redirecting sites",83,4,2,2,0,0,0,0,2,2,7,2,7,2
2026-04-10,2282ad80b7950f83252cef870a1286834eb4d701,IDEA sites scanned,10401,75,455,32,20,11,206,18,197,26,1030,48,1541,54
2026-04-10,2282ad80b7950f83252cef870a1286834eb4d701,IDEA live sites,6190,71,454,32,20,11,205,18,197,26,1020,48,1528,54
2026-04-10,2282ad80b7950f83252cef870a1286834eb4d701,"IDEA live, filtered sites",6166,71,453,32,20,11,205,18,197,26,1019,48,1520,54
2026-04-10,2282ad80b7950f83252cef870a1286834eb4d701,"IDEA live, filtered, non-redirecting sites",5279,68,319,31,18,11,106,18,169,25,815,46,1149,52
2026-04-11,f87e5b2509001a0352c85fe9b6a1bc3791ac7444,All sites scanned,31756,145,1031,43,28,11,525,19,407,36,2870,71,4131,81
2026-04-11,f87e5b2509001a0352c85fe9b6a1bc3791ac7444,All live sites,14958,134,990,43,28,11,490,19,403,36,2603,71,3782,81
2026-04-11,f87e5b2509001a0352c85fe9b6a1bc3791ac7444,"All live, filtered sites",13850,133,923,43,27,11,468,19,364,36,2405,71,3499,81
2026-04-11,f87e5b2509001a0352c85fe9b6a1bc3791ac7444,"All live, filtered, non-redirecting sites",9201,131,469,42,22,11,148,19,271,35,1238,69,1716,79
2026-04-11,f87e5b2509001a0352c85fe9b6a1bc3791ac7444,Executive sites scanned,30319,121,1028,41,28,11,525,19,404,34,2855,68,4114,76
2026-04-11,f87e5b2509001a0352c85fe9b6a1bc3791ac7444,Executive live sites,14048,113,987,41,28,11,490,19,400,34,2588,68,3765,76
2026-04-11,f87e5b2509001a0352c85fe9b6a1bc3791ac7444,"Executive live, filtered sites",12953,113,921,41,27,11,468,19,362,34,2394,68,3486,76
2026-04-11,f87e5b2509001a0352c85fe9b6a1bc3791ac7444,"Executive live, filtered, non-redirecting sites",8445,112,467,40,22,11,148,19,269,33,1230,66,1706,74
2026-04-11,f87e5b2509001a0352c85fe9b6a1bc3791ac7444,Legislative sites scanned,1061,18,0,0,0,0,0,0,0,0,1,1,3,3
2026-04-11,f87e5b2509001a0352c85fe9b6a1bc3791ac7444,Legislative live sites,809,15,0,0,0,0,0,0,0,0,1,1,3,3
2026-04-11,f87e5b2509001a0352c85fe9b6a1bc3791ac7444,"Legislative live, filtered sites",804,14,0,0,0,0,0,0,0,0,1,1,3,3
2026-04-11,f87e5b2509001a0352c85fe9b6a1bc3791ac7444,"Legislative live, filtered, non-redirecting sites",668,13,0,0,0,0,0,0,0,0,1,1,3,3
2026-04-11,f87e5b2509001a0352c85fe9b6a1bc3791ac7444,Judicial sites scanned,370,5,3,2,0,0,0,0,3,2,14,2,14,2
2026-04-11,f87e5b2509001a0352c85fe9b6a1bc3791ac7444,Judicial live sites,96,5,3,2,0,0,0,0,3,2,14,2,14,2
2026-04-11,f87e5b2509001a0352c85fe9b6a1bc3791ac7444,"Judicial live, filtered sites",89,5,2,2,0,0,0,0,2,2,10,2,10,2
2026-04-11,f87e5b2509001a0352c85fe9b6a1bc3791ac7444,"Judicial live, filtered, non-redirecting sites",85,5,2,2,0,0,0,0,2,2,7,2,7,2
2026-04-11,f87e5b2509001a0352c85fe9b6a1bc3791ac7444,IDEA sites scanned,10401,75,463,32,23,11,211,18,198,25,1027,47,1544,53
2026-04-11,f87e5b2509001a0352c85fe9b6a1bc3791ac7444,IDEA live sites,6191,71,462,32,23,11,210,18,198,25,1018,47,1532,53
2026-04-11,f87e5b2509001a0352c85fe9b6a1bc3791ac7444,"IDEA live, filtered sites",6163,71,461,32,23,11,210,18,198,25,1017,47,1524,53
2026-04-11,f87e5b2509001a0352c85fe9b6a1bc3791ac7444,"IDEA live, filtered, non-redirecting sites",5279,68,332,31,20,11,114,18,172,24,816,45,1157,51
2026-04-12,d9cc8197a5b2299b309054e4756a6b8db06c4e4f,All sites scanned,31741,145,1037,44,27,11,526,19,413,37,2871,71,4127,81
2026-04-12,d9cc8197a5b2299b309054e4756a6b8db06c4e4f,All live sites,14964,134,996,44,27,11,491,19,409,37,2604,71,3778,81
2026-04-12,d9cc8197a5b2299b309054e4756a6b8db06c4e4f,"All live, filtered sites",13896,133,928,44,26,11,468,19,370,37,2406,71,3495,81
2026-04-12,d9cc8197a5b2299b309054e4756a6b8db06c4e4f,"All live, filtered, non-redirecting sites",9244,131,473,42,22,11,148,19,276,35,1241,69,1718,79
2026-04-12,d9cc8197a5b2299b309054e4756a6b8db06c4e4f,Executive sites scanned,30304,121,1034,42,27,11,526,19,410,35,2856,68,4110,76
2026-04-12,d9cc8197a5b2299b309054e4756a6b8db06c4e4f,Executive live sites,14054,113,993,42,27,11,491,19,406,35,2589,68,3761,76
2026-04-12,d9cc8197a5b2299b309054e4756a6b8db06c4e4f,"Executive live, filtered sites",12998,113,926,42,26,11,468,19,368,35,2395,68,3482,76
2026-04-12,d9cc8197a5b2299b309054e4756a6b8db06c4e4f,"Executive live, filtered, non-redirecting sites",8487,112,471,40,22,11,148,19,274,33,1233,66,1708,74
2026-04-12,d9cc8197a5b2299b309054e4756a6b8db06c4e4f,Legislative sites scanned,1061,18,0,0,0,0,0,0,0,0,1,1,3,3
2026-04-12,d9cc8197a5b2299b309054e4756a6b8db06c4e4f,Legislative live sites,809,15,0,0,0,0,0,0,0,0,1,1,3,3
2026-04-12,d9cc8197a5b2299b309054e4756a6b8db06c4e4f,"Legislative live, filtered sites",804,14,0,0,0,0,0,0,0,0,1,1,3,3
2026-04-12,d9cc8197a5b2299b309054e4756a6b8db06c4e4f,"Legislative live, filtered, non-redirecting sites",668,13,0,0,0,0,0,0,0,0,1,1,3,3
2026-04-12,d9cc8197a5b2299b309054e4756a6b8db06c4e4f,Judicial sites scanned,370,5,3,2,0,0,0,0,3,2,14,2,14,2
2026-04-12,d9cc8197a5b2299b309054e4756a6b8db06c4e4f,Judicial live sites,96,5,3,2,0,0,0,0,3,2,14,2,14,2
2026-04-12,d9cc8197a5b2299b309054e4756a6b8db06c4e4f,"Judicial live, filtered sites",89,5,2,2,0,0,0,0,2,2,10,2,10,2
2026-04-12,d9cc8197a5b2299b309054e4756a6b8db06c4e4f,"Judicial live, filtered, non-redirecting sites",85,5,2,2,0,0,0,0,2,2,7,2,7,2
2026-04-12,d9cc8197a5b2299b309054e4756a6b8db06c4e4f,IDEA sites scanned,10401,75,467,33,22,11,212,18,204,26,1026,47,1540,53
2026-04-12,d9cc8197a5b2299b309054e4756a6b8db06c4e4f,IDEA live sites,6193,71,466,33,22,11,211,18,204,26,1017,47,1528,53
2026-04-12,d9cc8197a5b2299b309054e4756a6b8db06c4e4f,"IDEA live, filtered sites",6169,71,465,33,22,11,211,18,204,26,1016,47,1520,53
2026-04-12,d9cc8197a5b2299b309054e4756a6b8db06c4e4f,"IDEA live, filtered, non-redirecting sites",5289,68,337,31,20,11,115,18,177,24,818,45,1158,51
2026-04-13,b68de058a7346dcb418da2663f84cf5f70981ee5,All sites scanned,31734,145,1037,44,27,11,526,19,413,37,2871,71,4127,81
2026-04-13,b68de058a7346dcb418da2663f84cf5f70981ee5,All live sites,14963,134,996,44,27,11,491,19,409,37,2604,71,3778,81
2026-04-13,b68de058a7346dcb418da2663f84cf5f70981ee5,"All live, filtered sites",13895,133,928,44,26,11,468,19,370,37,2406,71,3495,81
2026-04-13,b68de058a7346dcb418da2663f84cf5f70981ee5,"All live, filtered, non-redirecting sites",9244,131,473,42,22,11,148,19,276,35,1241,69,1718,79
2026-04-13,b68de058a7346dcb418da2663f84cf5f70981ee5,Executive sites scanned,30298,121,1034,42,27,11,526,19,410,35,2856,68,4110,76
2026-04-13,b68de058a7346dcb418da2663f84cf5f70981ee5,Executive live sites,14053,113,993,42,27,11,491,19,406,35,2589,68,3761,76
2026-04-13,b68de058a7346dcb418da2663f84cf5f70981ee5,"Executive live, filtered sites",12997,113,926,42,26,11,468,19,368,35,2395,68,3482,76
2026-04-13,b68de058a7346dcb418da2663f84cf5f70981ee5,"Executive live, filtered, non-redirecting sites",8487,112,471,40,22,11,148,19,274,33,1233,66,1708,74
2026-04-13,b68de058a7346dcb418da2663f84cf5f70981ee5,Legislative sites scanned,1060,18,0,0,0,0,0,0,0,0,1,1,3,3
2026-04-13,b68de058a7346dcb418da2663f84cf5f70981ee5,Legislative live sites,809,15,0,0,0,0,0,0,0,0,1,1,3,3
2026-04-13,b68de058a7346dcb418da2663f84cf5f70981ee5,"Legislative live, filtered sites",804,14,0,0,0,0,0,0,0,0,1,1,3,3
2026-04-13,b68de058a7346dcb418da2663f84cf5f70981ee5,"Legislative live, filtered, non-redirecting sites",668,13,0,0,0,0,0,0,0,0,1,1,3,3
2026-04-13,b68de058a7346dcb418da2663f84cf5f70981ee5,Judicial sites scanned,370,5,3,2,0,0,0,0,3,2,14,2,14,2
2026-04-13,b68de058a7346dcb418da2663f84cf5f70981ee5,Judicial live sites,96,5,3,2,0,0,0,0,3,2,14,2,14,2
2026-04-13,b68de058a7346dcb418da2663f84cf5f70981ee5,"Judicial live, filtered sites",89,5,2,2,0,0,0,0,2,2,10,2,10,2
2026-04-13,b68de058a7346dcb418da2663f84cf5f70981ee5,"Judicial live, filtered, non-redirecting sites",85,5,2,2,0,0,0,0,2,2,7,2,7,2
2026-04-13,b68de058a7346dcb418da2663f84cf5f70981ee5,IDEA sites scanned,10401,75,467,33,22,11,212,18,204,26,1026,47,1540,53
2026-04-13,b68de058a7346dcb418da2663f84cf5f70981ee5,IDEA live sites,6193,71,466,33,22,11,211,18,204,26,1017,47,1528,53
2026-04-13,b68de058a7346dcb418da2663f84cf5f70981ee5,"IDEA live, filtered sites",6169,71,465,33,22,11,211,18,204,26,1016,47,1520,53
2026-04-13,b68de058a7346dcb418da2663f84cf5f70981ee5,"IDEA live, filtered, non-redirecting sites",5289,68,337,31,20,11,115,18,177,24,818,45,1158,51
2026-04-14,c4cb716af631335c996786eca15255b1a841d8da,All sites scanned,31760,145,1042,44,25,11,536,18,412,37,2872,73,4126,82
2026-04-14,c4cb716af631335c996786eca15255b1a841d8da,All live sites,14669,134,1002,44,25,11,501,18,408,37,2604,73,3777,82
2026-04-14,c4cb716af631335c996786eca15255b1a841d8da,"All live, filtered sites",13562,133,934,44,24,11,477,18,370,37,2406,73,3493,82
2026-04-14,c4cb716af631335c996786eca15255b1a841d8da,"All live, filtered, non-redirecting sites",8955,131,468,42,20,11,147,18,274,35,1235,70,1711,80
2026-04-14,c4cb716af631335c996786eca15255b1a841d8da,Executive sites scanned,30324,121,1039,42,25,11,536,18,409,35,2857,70,4109,77
2026-04-14,c4cb716af631335c996786eca15255b1a841d8da,Executive live sites,14053,113,999,42,25,11,501,18,405,35,2589,70,3760,77
2026-04-14,c4cb716af631335c996786eca15255b1a841d8da,"Executive live, filtered sites",12959,113,932,42,24,11,477,18,368,35,2395,70,3480,77
2026-04-14,c4cb716af631335c996786eca15255b1a841d8da,"Executive live, filtered, non-redirecting sites",8441,112,466,40,20,11,147,18,272,33,1227,67,1701,75
2026-04-14,c4cb716af631335c996786eca15255b1a841d8da,Legislative sites scanned,1060,18,0,0,0,0,0,0,0,0,1,1,3,3
2026-04-14,c4cb716af631335c996786eca15255b1a841d8da,Legislative live sites,514,15,0,0,0,0,0,0,0,0,1,1,3,3
2026-04-14,c4cb716af631335c996786eca15255b1a841d8da,"Legislative live, filtered sites",509,14,0,0,0,0,0,0,0,0,1,1,3,3
2026-04-14,c4cb716af631335c996786eca15255b1a841d8da,"Legislative live, filtered, non-redirecting sites",425,13,0,0,0,0,0,0,0,0,1,1,3,3
2026-04-14,c4cb716af631335c996786eca15255b1a841d8da,Judicial sites scanned,370,5,3,2,0,0,0,0,3,2,14,2,14,2
2026-04-14,c4cb716af631335c996786eca15255b1a841d8da,Judicial live sites,97,5,3,2,0,0,0,0,3,2,14,2,14,2
2026-04-14,c4cb716af631335c996786eca15255b1a841d8da,"Judicial live, filtered sites",90,5,2,2,0,0,0,0,2,2,10,2,10,2
2026-04-14,c4cb716af631335c996786eca15255b1a841d8da,"Judicial live, filtered, non-redirecting sites",86,5,2,2,0,0,0,0,2,2,7,2,7,2
2026-04-14,c4cb716af631335c996786eca15255b1a841d8da,IDEA sites scanned,10401,75,461,33,20,11,208,17,204,26,1026,48,1535,54
2026-04-14,c4cb716af631335c996786eca15255b1a841d8da,IDEA live sites,6176,71,460,33,20,11,207,17,204,26,1016,48,1522,54
2026-04-14,c4cb716af631335c996786eca15255b1a841d8da,"IDEA live, filtered sites",6149,71,459,33,20,11,207,17,204,26,1015,48,1514,54
2026-04-14,c4cb716af631335c996786eca15255b1a841d8da,"IDEA live, filtered, non-redirecting sites",5269,68,328,31,18,11,109,17,176,24,815,46,1151,52
2026-04-15,804efd39ac1a3f6a848cdce9448df893dea8f5ba,All sites scanned,31746,145,1037,44,26,11,534,18,408,37,2873,73,4126,82
2026-04-15,804efd39ac1a3f6a848cdce9448df893dea8f5ba,All live sites,14652,134,997,44,26,11,499,18,404,37,2606,73,3778,82
2026-04-15,804efd39ac1a3f6a848cdce9448df893dea8f5ba,"All live, filtered sites",13586,133,930,44,25,11,476,18,366,37,2407,73,3493,82
2026-04-15,804efd39ac1a3f6a848cdce9448df893dea8f5ba,"All live, filtered, non-redirecting sites",8972,131,464,42,20,11,146,18,271,35,1233,70,1709,80
2026-04-15,804efd39ac1a3f6a848cdce9448df893dea8f5ba,Executive sites scanned,30310,121,1034,42,26,11,534,18,405,35,2858,70,4109,77
2026-04-15,804efd39ac1a3f6a848cdce9448df893dea8f5ba,Executive live sites,14038,113,994,42,26,11,499,18,401,35,2591,70,3761,77
2026-04-15,804efd39ac1a3f6a848cdce9448df893dea8f5ba,"Executive live, filtered sites",12984,113,928,42,25,11,476,18,364,35,2396,70,3480,77
2026-04-15,804efd39ac1a3f6a848cdce9448df893dea8f5ba,"Executive live, filtered, non-redirecting sites",8459,112,462,40,20,11,146,18,269,33,1225,67,1699,75
2026-04-15,804efd39ac1a3f6a848cdce9448df893dea8f5ba,Legislative sites scanned,1060,18,0,0,0,0,0,0,0,0,1,1,3,3
2026-04-15,804efd39ac1a3f6a848cdce9448df893dea8f5ba,Legislative live sites,513,15,0,0,0,0,0,0,0,0,1,1,3,3
2026-04-15,804efd39ac1a3f6a848cdce9448df893dea8f5ba,"Legislative live, filtered sites",508,14,0,0,0,0,0,0,0,0,1,1,3,3
2026-04-15,804efd39ac1a3f6a848cdce9448df893dea8f5ba,"Legislative live, filtered, non-redirecting sites",424,13,0,0,0,0,0,0,0,0,1,1,3,3
2026-04-15,804efd39ac1a3f6a848cdce9448df893dea8f5ba,Judicial sites scanned,370,5,3,2,0,0,0,0,3,2,14,2,14,2
2026-04-15,804efd39ac1a3f6a848cdce9448df893dea8f5ba,Judicial live sites,96,5,3,2,0,0,0,0,3,2,14,2,14,2
2026-04-15,804efd39ac1a3f6a848cdce9448df893dea8f5ba,"Judicial live, filtered sites",89,5,2,2,0,0,0,0,2,2,10,2,10,2
2026-04-15,804efd39ac1a3f6a848cdce9448df893dea8f5ba,"Judicial live, filtered, non-redirecting sites",85,5,2,2,0,0,0,0,2,2,7,2,7,2
2026-04-15,804efd39ac1a3f6a848cdce9448df893dea8f5ba,IDEA sites scanned,10401,75,460,33,21,11,207,17,202,26,1028,48,1537,54
2026-04-15,804efd39ac1a3f6a848cdce9448df893dea8f5ba,IDEA live sites,6175,71,459,33,21,11,206,17,202,26,1019,48,1525,54
2026-04-15,804efd39ac1a3f6a848cdce9448df893dea8f5ba,"IDEA live, filtered sites",6151,71,458,33,21,11,206,17,202,26,1018,48,1517,54
2026-04-15,804efd39ac1a3f6a848cdce9448df893dea8f5ba,"IDEA live, filtered, non-redirecting sites",5268,68,325,31,18,11,108,17,174,24,815,46,1151,52
2026-04-16,dba8cd0c01584d2699c1f48ecba8aa10668ff13e,All sites scanned,31743,145,1045,44,26,11,540,19,405,37,2886,73,4136,82
2026-04-16,dba8cd0c01584d2699c1f48ecba8aa10668ff13e,All live sites,14941,133,1004,44,26,11,505,19,400,37,2621,73,3790,82
2026-04-16,dba8cd0c01584d2699c1f48ecba8aa10668ff13e,"All live, filtered sites",13723,132,931,44,25,11,481,19,357,37,2412,73,3486,82
2026-04-16,dba8cd0c01584d2699c1f48ecba8aa10668ff13e,"All live, filtered, non-redirecting sites",9099,130,466,42,21,11,151,19,264,35,1230,70,1698,80
2026-04-16,dba8cd0c01584d2699c1f48ecba8aa10668ff13e,Executive sites scanned,30307,121,1042,42,26,11,540,19,402,35,2871,70,4119,77
2026-04-16,dba8cd0c01584d2699c1f48ecba8aa10668ff13e,Executive live sites,14043,112,1001,42,26,11,505,19,397,35,2606,70,3773,77
2026-04-16,dba8cd0c01584d2699c1f48ecba8aa10668ff13e,"Executive live, filtered sites",12839,112,929,42,25,11,481,19,355,35,2401,70,3473,77
2026-04-16,dba8cd0c01584d2699c1f48ecba8aa10668ff13e,"Executive live, filtered, non-redirecting sites",8352,111,464,40,21,11,151,19,262,33,1222,67,1688,75
2026-04-16,dba8cd0c01584d2699c1f48ecba8aa10668ff13e,Legislative sites scanned,1060,18,0,0,0,0,0,0,0,0,1,1,3,3
2026-04-16,dba8cd0c01584d2699c1f48ecba8aa10668ff13e,Legislative live sites,797,15,0,0,0,0,0,0,0,0,1,1,3,3
2026-04-16,dba8cd0c01584d2699c1f48ecba8aa10668ff13e,"Legislative live, filtered sites",792,14,0,0,0,0,0,0,0,0,1,1,3,3
2026-04-16,dba8cd0c01584d2699c1f48ecba8aa10668ff13e,"Legislative live, filtered, non-redirecting sites",660,13,0,0,0,0,0,0,0,0,1,1,3,3
2026-04-16,dba8cd0c01584d2699c1f48ecba8aa10668ff13e,Judicial sites scanned,370,5,3,2,0,0,0,0,3,2,14,2,14,2
2026-04-16,dba8cd0c01584d2699c1f48ecba8aa10668ff13e,Judicial live sites,96,5,3,2,0,0,0,0,3,2,14,2,14,2
2026-04-16,dba8cd0c01584d2699c1f48ecba8aa10668ff13e,"Judicial live, filtered sites",89,5,2,2,0,0,0,0,2,2,10,2,10,2
2026-04-16,dba8cd0c01584d2699c1f48ecba8aa10668ff13e,"Judicial live, filtered, non-redirecting sites",85,5,2,2,0,0,0,0,2,2,7,2,7,2
2026-04-16,dba8cd0c01584d2699c1f48ecba8aa10668ff13e,IDEA sites scanned,10401,75,465,33,21,11,211,18,201,26,1033,48,1545,54
2026-04-16,dba8cd0c01584d2699c1f48ecba8aa10668ff13e,IDEA live sites,6181,70,463,33,21,11,210,18,200,26,1024,48,1533,54
2026-04-16,dba8cd0c01584d2699c1f48ecba8aa10668ff13e,"IDEA live, filtered sites",6128,70,461,33,21,11,210,18,199,26,1019,48,1519,54
2026-04-16,dba8cd0c01584d2699c1f48ecba8aa10668ff13e,"IDEA live, filtered, non-redirecting sites",5235,67,328,31,19,11,110,18,171,24,814,46,1148,52
2026-04-17,8ddd2d5c064ce49eb6c6fa42bdbe71627001282d,All sites scanned,31487,145,1046,44,24,11,540,19,408,37,2878,72,4127,82
2026-04-17,8ddd2d5c064ce49eb6c6fa42bdbe71627001282d,All live sites,14925,133,1005,44,24,11,505,19,403,37,2613,72,3781,82
2026-04-17,8ddd2d5c064ce49eb6c6fa42bdbe71627001282d,"All live, filtered sites",13753,131,930,44,23,11,480,19,359,37,2406,72,3479,82
2026-04-17,8ddd2d5c064ce49eb6c6fa42bdbe71627001282d,"All live, filtered, non-redirecting sites",9143,129,466,42,20,11,150,19,266,35,1230,70,1699,80
2026-04-17,8ddd2d5c064ce49eb6c6fa42bdbe71627001282d,Executive sites scanned,30051,121,1043,42,24,11,540,19,405,35,2863,69,4110,77
2026-04-17,8ddd2d5c064ce49eb6c6fa42bdbe71627001282d,Executive live sites,14025,112,1002,42,24,11,505,19,400,35,2598,69,3764,77
2026-04-17,8ddd2d5c064ce49eb6c6fa42bdbe71627001282d,"Executive live, filtered sites",12865,112,928,42,23,11,480,19,357,35,2395,69,3466,77
2026-04-17,8ddd2d5c064ce49eb6c6fa42bdbe71627001282d,"Executive live, filtered, non-redirecting sites",8393,111,464,40,20,11,150,19,264,33,1222,67,1689,75
2026-04-17,8ddd2d5c064ce49eb6c6fa42bdbe71627001282d,Legislative sites scanned,1060,18,0,0,0,0,0,0,0,0,1,1,3,3
2026-04-17,8ddd2d5c064ce49eb6c6fa42bdbe71627001282d,Legislative live sites,798,15,0,0,0,0,0,0,0,0,1,1,3,3
2026-04-17,8ddd2d5c064ce49eb6c6fa42bdbe71627001282d,"Legislative live, filtered sites",793,13,0,0,0,0,0,0,0,0,1,1,3,3
2026-04-17,8ddd2d5c064ce49eb6c6fa42bdbe71627001282d,"Legislative live, filtered, non-redirecting sites",660,12,0,0,0,0,0,0,0,0,1,1,3,3
2026-04-17,8ddd2d5c064ce49eb6c6fa42bdbe71627001282d,Judicial sites scanned,370,5,3,2,0,0,0,0,3,2,14,2,14,2
2026-04-17,8ddd2d5c064ce49eb6c6fa42bdbe71627001282d,Judicial live sites,97,5,3,2,0,0,0,0,3,2,14,2,14,2
2026-04-17,8ddd2d5c064ce49eb6c6fa42bdbe71627001282d,"Judicial live, filtered sites",90,5,2,2,0,0,0,0,2,2,10,2,10,2
2026-04-17,8ddd2d5c064ce49eb6c6fa42bdbe71627001282d,"Judicial live, filtered, non-redirecting sites",86,5,2,2,0,0,0,0,2,2,7,2,7,2
2026-04-17,8ddd2d5c064ce49eb6c6fa42bdbe71627001282d,IDEA sites scanned,10401,75,464,33,19,11,211,18,202,26,1030,48,1543,54
2026-04-17,8ddd2d5c064ce49eb6c6fa42bdbe71627001282d,IDEA live sites,6181,70,462,33,19,11,210,18,201,26,1021,48,1531,54
2026-04-17,8ddd2d5c064ce49eb6c6fa42bdbe71627001282d,"IDEA live, filtered sites",6132,70,460,33,19,11,210,18,200,26,1016,48,1517,54
2026-04-17,8ddd2d5c064ce49eb6c6fa42bdbe71627001282d,"IDEA live, filtered, non-redirecting sites",5243,67,328,31,18,11,110,18,172,24,813,46,1148,52
2026-04-18,6e136c1885f48e321d77190e164ccc217ff2644a,All sites scanned,31496,145,1050,44,24,11,542,20,411,37,2878,72,4131,82
2026-04-18,6e136c1885f48e321d77190e164ccc217ff2644a,All live sites,14948,134,1008,44,24,11,507,20,406,37,2610,72,3782,82
2026-04-18,6e136c1885f48e321d77190e164ccc217ff2644a,"All live, filtered sites",13728,132,934,44,23,11,482,20,363,37,2403,72,3481,82
2026-04-18,6e136c1885f48e321d77190e164ccc217ff2644a,"All live, filtered, non-redirecting sites",9107,130,464,42,20,11,149,19,269,35,1226,70,1698,80
2026-04-18,6e136c1885f48e321d77190e164ccc217ff2644a,Executive sites scanned,30059,121,1047,42,24,11,542,20,408,35,2863,69,4114,77
2026-04-18,6e136c1885f48e321d77190e164ccc217ff2644a,Executive live sites,14040,113,1005,42,24,11,507,20,403,35,2595,69,3765,77
2026-04-18,6e136c1885f48e321d77190e164ccc217ff2644a,"Executive live, filtered sites",12834,113,932,42,23,11,482,20,361,35,2392,69,3468,77
2026-04-18,6e136c1885f48e321d77190e164ccc217ff2644a,"Executive live, filtered, non-redirecting sites",8356,112,462,40,20,11,149,19,267,33,1218,67,1688,75
2026-04-18,6e136c1885f48e321d77190e164ccc217ff2644a,Legislative sites scanned,1061,18,0,0,0,0,0,0,0,0,1,1,3,3
2026-04-18,6e136c1885f48e321d77190e164ccc217ff2644a,Legislative live sites,805,15,0,0,0,0,0,0,0,0,1,1,3,3
2026-04-18,6e136c1885f48e321d77190e164ccc217ff2644a,"Legislative live, filtered sites",800,13,0,0,0,0,0,0,0,0,1,1,3,3
2026-04-18,6e136c1885f48e321d77190e164ccc217ff2644a,"Legislative live, filtered, non-redirecting sites",662,12,0,0,0,0,0,0,0,0,1,1,3,3
2026-04-18,6e136c1885f48e321d77190e164ccc217ff2644a,Judicial sites scanned,370,5,3,2,0,0,0,0,3,2,14,2,14,2
2026-04-18,6e136c1885f48e321d77190e164ccc217ff2644a,Judicial live sites,98,5,3,2,0,0,0,0,3,2,14,2,14,2
2026-04-18,6e136c1885f48e321d77190e164ccc217ff2644a,"Judicial live, filtered sites",91,5,2,2,0,0,0,0,2,2,10,2,10,2
2026-04-18,6e136c1885f48e321d77190e164ccc217ff2644a,"Judicial live, filtered, non-redirecting sites",87,5,2,2,0,0,0,0,2,2,7,2,7,2
2026-04-18,6e136c1885f48e321d77190e164ccc217ff2644a,IDEA sites scanned,10401,75,464,33,19,11,213,18,203,26,1028,48,1541,54
2026-04-18,6e136c1885f48e321d77190e164ccc217ff2644a,IDEA live sites,6174,71,462,33,19,11,212,18,202,26,1018,48,1528,54
2026-04-18,6e136c1885f48e321d77190e164ccc217ff2644a,"IDEA live, filtered sites",6121,71,460,33,19,11,212,18,201,26,1013,48,1514,54
2026-04-18,6e136c1885f48e321d77190e164ccc217ff2644a,"IDEA live, filtered, non-redirecting sites",5233,68,326,31,18,11,110,18,174,24,811,46,1146,52
2026-04-19,5362e71f72eb40ff8bee55e99d19165b35418f0b,All sites scanned,31480,145,1050,44,25,11,541,20,411,38,2858,72,4113,82
2026-04-19,5362e71f72eb40ff8bee55e99d19165b35418f0b,All live sites,14926,134,1008,44,25,11,506,20,406,38,2590,72,3764,82
2026-04-19,5362e71f72eb40ff8bee55e99d19165b35418f0b,"All live, filtered sites",13746,132,936,44,24,11,482,20,364,38,2384,72,3465,82
2026-04-19,5362e71f72eb40ff8bee55e99d19165b35418f0b,"All live, filtered, non-redirecting sites",9119,130,464,42,21,11,148,19,270,36,1205,70,1679,80
2026-04-19,5362e71f72eb40ff8bee55e99d19165b35418f0b,Executive sites scanned,30043,121,1047,42,25,11,541,20,408,36,2843,69,4096,77
2026-04-19,5362e71f72eb40ff8bee55e99d19165b35418f0b,Executive live sites,14018,113,1005,42,25,11,506,20,403,36,2575,69,3747,77
2026-04-19,5362e71f72eb40ff8bee55e99d19165b35418f0b,"Executive live, filtered sites",12850,113,934,42,24,11,482,20,362,36,2373,69,3452,77
2026-04-19,5362e71f72eb40ff8bee55e99d19165b35418f0b,"Executive live, filtered, non-redirecting sites",8366,112,462,40,21,11,148,19,268,34,1197,67,1669,75
2026-04-19,5362e71f72eb40ff8bee55e99d19165b35418f0b,Legislative sites scanned,1061,18,0,0,0,0,0,0,0,0,1,1,3,3
2026-04-19,5362e71f72eb40ff8bee55e99d19165b35418f0b,Legislative live sites,805,15,0,0,0,0,0,0,0,0,1,1,3,3
2026-04-19,5362e71f72eb40ff8bee55e99d19165b35418f0b,"Legislative live, filtered sites",800,13,0,0,0,0,0,0,0,0,1,1,3,3
2026-04-19,5362e71f72eb40ff8bee55e99d19165b35418f0b,"Legislative live, filtered, non-redirecting sites",662,12,0,0,0,0,0,0,0,0,1,1,3,3
2026-04-19,5362e71f72eb40ff8bee55e99d19165b35418f0b,Judicial sites scanned,370,5,3,2,0,0,0,0,3,2,14,2,14,2
2026-04-19,5362e71f72eb40ff8bee55e99d19165b35418f0b,Judicial live sites,98,5,3,2,0,0,0,0,3,2,14,2,14,2
2026-04-19,5362e71f72eb40ff8bee55e99d19165b35418f0b,"Judicial live, filtered sites",91,5,2,2,0,0,0,0,2,2,10,2,10,2
2026-04-19,5362e71f72eb40ff8bee55e99d19165b35418f0b,"Judicial live, filtered, non-redirecting sites",87,5,2,2,0,0,0,0,2,2,7,2,7,2
2026-04-19,5362e71f72eb40ff8bee55e99d19165b35418f0b,IDEA sites scanned,10401,75,465,33,20,11,214,18,203,26,1007,48,1523,54
2026-04-19,5362e71f72eb40ff8bee55e99d19165b35418f0b,IDEA live sites,6156,71,463,33,20,11,213,18,202,26,997,48,1510,54
2026-04-19,5362e71f72eb40ff8bee55e99d19165b35418f0b,"IDEA live, filtered sites",6107,71,461,33,20,11,213,18,201,26,992,48,1496,54
2026-04-19,5362e71f72eb40ff8bee55e99d19165b35418f0b,"IDEA live, filtered, non-redirecting sites",5217,68,326,31,19,11,110,18,174,24,791,46,1128,52
2026-04-20,0771db723c806eda390420b0eed6452be4b8a05b,All sites scanned,31467,145,1050,44,25,11,541,20,411,38,2858,72,4113,82
2026-04-20,0771db723c806eda390420b0eed6452be4b8a05b,All live sites,14924,134,1008,44,25,11,506,20,406,38,2590,72,3764,82
2026-04-20,0771db723c806eda390420b0eed6452be4b8a05b,"All live, filtered sites",13744,132,936,44,24,11,482,20,364,38,2384,72,3465,82
2026-04-20,0771db723c806eda390420b0eed6452be4b8a05b,"All live, filtered, non-redirecting sites",9119,130,464,42,21,11,148,19,270,36,1205,70,1679,80
2026-04-20,0771db723c806eda390420b0eed6452be4b8a05b,Executive sites scanned,30030,121,1047,42,25,11,541,20,408,36,2843,69,4096,77
2026-04-20,0771db723c806eda390420b0eed6452be4b8a05b,Executive live sites,14016,113,1005,42,25,11,506,20,403,36,2575,69,3747,77
2026-04-20,0771db723c806eda390420b0eed6452be4b8a05b,"Executive live, filtered sites",12848,113,934,42,24,11,482,20,362,36,2373,69,3452,77
2026-04-20,0771db723c806eda390420b0eed6452be4b8a05b,"Executive live, filtered, non-redirecting sites",8366,112,462,40,21,11,148,19,268,34,1197,67,1669,75
2026-04-20,0771db723c806eda390420b0eed6452be4b8a05b,Legislative sites scanned,1061,18,0,0,0,0,0,0,0,0,1,1,3,3
2026-04-20,0771db723c806eda390420b0eed6452be4b8a05b,Legislative live sites,805,15,0,0,0,0,0,0,0,0,1,1,3,3
2026-04-20,0771db723c806eda390420b0eed6452be4b8a05b,"Legislative live, filtered sites",800,13,0,0,0,0,0,0,0,0,1,1,3,3
2026-04-20,0771db723c806eda390420b0eed6452be4b8a05b,"Legislative live, filtered, non-redirecting sites",662,12,0,0,0,0,0,0,0,0,1,1,3,3
2026-04-20,0771db723c806eda390420b0eed6452be4b8a05b,Judicial sites scanned,370,5,3,2,0,0,0,0,3,2,14,2,14,2
2026-04-20,0771db723c806eda390420b0eed6452be4b8a05b,Judicial live sites,98,5,3,2,0,0,0,0,3,2,14,2,14,2
2026-04-20,0771db723c806eda390420b0eed6452be4b8a05b,"Judicial live, filtered sites",91,5,2,2,0,0,0,0,2,2,10,2,10,2
2026-04-20,0771db723c806eda390420b0eed6452be4b8a05b,"Judicial live, filtered, non-redirecting sites",87,5,2,2,0,0,0,0,2,2,7,2,7,2
2026-04-20,0771db723c806eda390420b0eed6452be4b8a05b,IDEA sites scanned,10401,75,465,33,20,11,214,18,203,26,1007,48,1523,54
2026-04-20,0771db723c806eda390420b0eed6452be4b8a05b,IDEA live sites,6156,71,463,33,20,11,213,18,202,26,997,48,1510,54
2026-04-20,0771db723c806eda390420b0eed6452be4b8a05b,"IDEA live, filtered sites",6107,71,461,33,20,11,213,18,201,26,992,48,1496,54
2026-04-20,0771db723c806eda390420b0eed6452be4b8a05b,"IDEA live, filtered, non-redirecting sites",5217,68,326,31,19,11,110,18,174,24,791,46,1128,52
2026-04-21,62a2449f11bb48043f430ea0d91aee8c3e254bf1,All sites scanned,31476,145,1032,44,27,11,531,19,400,38,2827,72,4103,82
2026-04-21,62a2449f11bb48043f430ea0d91aee8c3e254bf1,All live sites,14885,133,991,44,27,11,496,19,395,38,2561,72,3755,82
2026-04-21,62a2449f11bb48043f430ea0d91aee8c3e254bf1,"All live, filtered sites",13671,131,918,44,26,11,472,19,353,38,2361,72,3458,82
2026-04-21,62a2449f11bb48043f430ea0d91aee8c3e254bf1,"All live, filtered, non-redirecting sites",9069,129,450,42,22,11,139,19,262,36,1199,70,1676,80
2026-04-21,62a2449f11bb48043f430ea0d91aee8c3e254bf1,Executive sites scanned,30039,121,1029,42,27,11,531,19,397,36,2812,69,4086,77
2026-04-21,62a2449f11bb48043f430ea0d91aee8c3e254bf1,Executive live sites,13993,113,988,42,27,11,496,19,392,36,2546,69,3738,77
2026-04-21,62a2449f11bb48043f430ea0d91aee8c3e254bf1,"Executive live, filtered sites",12793,113,916,42,26,11,472,19,351,36,2350,69,3445,77
2026-04-21,62a2449f11bb48043f430ea0d91aee8c3e254bf1,"Executive live, filtered, non-redirecting sites",8327,112,448,40,22,11,139,19,260,34,1191,67,1666,75
2026-04-21,62a2449f11bb48043f430ea0d91aee8c3e254bf1,Legislative sites scanned,1061,18,0,0,0,0,0,0,0,0,1,1,3,3
2026-04-21,62a2449f11bb48043f430ea0d91aee8c3e254bf1,Legislative live sites,790,14,0,0,0,0,0,0,0,0,1,1,3,3
2026-04-21,62a2449f11bb48043f430ea0d91aee8c3e254bf1,"Legislative live, filtered sites",785,12,0,0,0,0,0,0,0,0,1,1,3,3
2026-04-21,62a2449f11bb48043f430ea0d91aee8c3e254bf1,"Legislative live, filtered, non-redirecting sites",654,11,0,0,0,0,0,0,0,0,1,1,3,3
2026-04-21,62a2449f11bb48043f430ea0d91aee8c3e254bf1,Judicial sites scanned,370,5,3,2,0,0,0,0,3,2,14,2,14,2
2026-04-21,62a2449f11bb48043f430ea0d91aee8c3e254bf1,Judicial live sites,97,5,3,2,0,0,0,0,3,2,14,2,14,2
2026-04-21,62a2449f11bb48043f430ea0d91aee8c3e254bf1,"Judicial live, filtered sites",90,5,2,2,0,0,0,0,2,2,10,2,10,2
2026-04-21,62a2449f11bb48043f430ea0d91aee8c3e254bf1,"Judicial live, filtered, non-redirecting sites",86,5,2,2,0,0,0,0,2,2,7,2,7,2
2026-04-21,62a2449f11bb48043f430ea0d91aee8c3e254bf1,IDEA sites scanned,10401,75,464,33,22,11,210,18,201,26,1013,48,1537,54
2026-04-21,62a2449f11bb48043f430ea0d91aee8c3e254bf1,IDEA live sites,6172,71,462,33,22,11,209,18,200,26,1003,48,1524,54
2026-04-21,62a2449f11bb48043f430ea0d91aee8c3e254bf1,"IDEA live, filtered sites",6119,71,460,33,22,11,209,18,199,26,998,48,1510,54
2026-04-21,62a2449f11bb48043f430ea0d91aee8c3e254bf1,"IDEA live, filtered, non-redirecting sites",5224,68,324,31,20,11,107,18,172,24,793,46,1134,52
2026-04-22,6e4627e65a156dfa39dbdcadf2845c607f298c15,All sites scanned,31472,145,1030,43,27,11,532,19,399,37,2842,72,4118,82
2026-04-22,6e4627e65a156dfa39dbdcadf2845c607f298c15,All live sites,14903,133,989,43,27,11,497,19,394,37,2575,72,3769,82
2026-04-22,6e4627e65a156dfa39dbdcadf2845c607f298c15,"All live, filtered sites",13732,131,917,43,26,11,473,19,353,37,2376,72,3472,82
2026-04-22,6e4627e65a156dfa39dbdcadf2845c607f298c15,"All live, filtered, non-redirecting sites",9121,129,452,42,22,11,139,19,263,36,1216,70,1692,80
2026-04-22,6e4627e65a156dfa39dbdcadf2845c607f298c15,Executive sites scanned,30035,121,1027,41,27,11,532,19,396,35,2827,69,4101,77
2026-04-22,6e4627e65a156dfa39dbdcadf2845c607f298c15,Executive live sites,14011,113,986,41,27,11,497,19,391,35,2560,69,3752,77
2026-04-22,6e4627e65a156dfa39dbdcadf2845c607f298c15,"Executive live, filtered sites",12852,113,915,41,26,11,473,19,351,35,2365,69,3459,77
2026-04-22,6e4627e65a156dfa39dbdcadf2845c607f298c15,"Executive live, filtered, non-redirecting sites",8377,112,450,40,22,11,139,19,261,34,1208,67,1682,75
2026-04-22,6e4627e65a156dfa39dbdcadf2845c607f298c15,Legislative sites scanned,1061,18,0,0,0,0,0,0,0,0,1,1,3,3
2026-04-22,6e4627e65a156dfa39dbdcadf2845c607f298c15,Legislative live sites,790,14,0,0,0,0,0,0,0,0,1,1,3,3
2026-04-22,6e4627e65a156dfa39dbdcadf2845c607f298c15,"Legislative live, filtered sites",785,12,0,0,0,0,0,0,0,0,1,1,3,3
2026-04-22,6e4627e65a156dfa39dbdcadf2845c607f298c15,"Legislative live, filtered, non-redirecting sites",654,11,0,0,0,0,0,0,0,0,1,1,3,3
2026-04-22,6e4627e65a156dfa39dbdcadf2845c607f298c15,Judicial sites scanned,370,5,3,2,0,0,0,0,3,2,14,2,14,2
2026-04-22,6e4627e65a156dfa39dbdcadf2845c607f298c15,Judicial live sites,97,5,3,2,0,0,0,0,3,2,14,2,14,2
2026-04-22,6e4627e65a156dfa39dbdcadf2845c607f298c15,"Judicial live, filtered sites",90,5,2,2,0,0,0,0,2,2,10,2,10,2
2026-04-22,6e4627e65a156dfa39dbdcadf2845c607f298c15,"Judicial live, filtered, non-redirecting sites",86,5,2,2,0,0,0,0,2,2,7,2,7,2
2026-04-22,6e4627e65a156dfa39dbdcadf2845c607f298c15,IDEA sites scanned,10401,75,464,32,22,11,210,18,201,25,1031,48,1554,54
2026-04-22,6e4627e65a156dfa39dbdcadf2845c607f298c15,IDEA live sites,6187,71,462,32,22,11,209,18,200,25,1020,48,1540,54
2026-04-22,6e4627e65a156dfa39dbdcadf2845c607f298c15,"IDEA live, filtered sites",6138,71,460,32,22,11,209,18,199,25,1015,48,1526,54
2026-04-22,6e4627e65a156dfa39dbdcadf2845c607f298c15,"IDEA live, filtered, non-redirecting sites",5243,68,326,31,20,11,107,18,173,24,810,46,1150,52
2026-04-23,2984ab4b5b8ca0759a2bb9597aa40d6467af2d10,All sites scanned,31744,145,1048,43,26,10,547,19,404,37,2864,73,4142,82
2026-04-23,2984ab4b5b8ca0759a2bb9597aa40d6467af2d10,All live sites,14934,134,1007,43,26,10,513,19,399,37,2598,73,3795,82
2026-04-23,2984ab4b5b8ca0759a2bb9597aa40d6467af2d10,"All live, filtered sites",13708,132,933,43,25,10,488,19,356,37,2396,73,3497,82
2026-04-23,2984ab4b5b8ca0759a2bb9597aa40d6467af2d10,"All live, filtered, non-redirecting sites",9094,130,466,42,22,10,150,19,267,36,1228,70,1709,80
2026-04-23,2984ab4b5b8ca0759a2bb9597aa40d6467af2d10,Executive sites scanned,30307,121,1045,41,26,10,547,19,401,35,2849,70,4125,77
2026-04-23,2984ab4b5b8ca0759a2bb9597aa40d6467af2d10,Executive live sites,14042,113,1004,41,26,10,513,19,396,35,2583,70,3778,77
2026-04-23,2984ab4b5b8ca0759a2bb9597aa40d6467af2d10,"Executive live, filtered sites",12829,113,931,41,25,10,488,19,354,35,2385,70,3484,77
2026-04-23,2984ab4b5b8ca0759a2bb9597aa40d6467af2d10,"Executive live, filtered, non-redirecting sites",8348,112,464,40,22,10,150,19,265,34,1220,67,1699,75
2026-04-23,2984ab4b5b8ca0759a2bb9597aa40d6467af2d10,Legislative sites scanned,1061,18,0,0,0,0,0,0,0,0,1,1,3,3
2026-04-23,2984ab4b5b8ca0759a2bb9597aa40d6467af2d10,Legislative live sites,789,15,0,0,0,0,0,0,0,0,1,1,3,3
2026-04-23,2984ab4b5b8ca0759a2bb9597aa40d6467af2d10,"Legislative live, filtered sites",784,13,0,0,0,0,0,0,0,0,1,1,3,3
2026-04-23,2984ab4b5b8ca0759a2bb9597aa40d6467af2d10,"Legislative live, filtered, non-redirecting sites",656,12,0,0,0,0,0,0,0,0,1,1,3,3
2026-04-23,2984ab4b5b8ca0759a2bb9597aa40d6467af2d10,Judicial sites scanned,370,5,3,2,0,0,0,0,3,2,14,2,14,2
2026-04-23,2984ab4b5b8ca0759a2bb9597aa40d6467af2d10,Judicial live sites,98,5,3,2,0,0,0,0,3,2,14,2,14,2
2026-04-23,2984ab4b5b8ca0759a2bb9597aa40d6467af2d10,"Judicial live, filtered sites",91,5,2,2,0,0,0,0,2,2,10,2,10,2
2026-04-23,2984ab4b5b8ca0759a2bb9597aa40d6467af2d10,"Judicial live, filtered, non-redirecting sites",87,5,2,2,0,0,0,0,2,2,7,2,7,2
2026-04-23,2984ab4b5b8ca0759a2bb9597aa40d6467af2d10,IDEA sites scanned,10401,75,463,32,21,10,216,18,198,25,1031,48,1560,54
2026-04-23,2984ab4b5b8ca0759a2bb9597aa40d6467af2d10,IDEA live sites,6179,71,462,32,21,10,216,18,197,25,1022,48,1548,54
2026-04-23,2984ab4b5b8ca0759a2bb9597aa40d6467af2d10,"IDEA live, filtered sites",6124,71,460,32,21,10,216,18,196,25,1017,48,1534,54
2026-04-23,2984ab4b5b8ca0759a2bb9597aa40d6467af2d10,"IDEA live, filtered, non-redirecting sites",5233,68,328,31,20,10,114,18,170,24,813,46,1158,52
2026-04-24,c3c89b7acf96be78148adaf5c76069809d5b9d0b,All sites scanned,31740,145,1047,43,26,10,547,19,403,37,2863,73,4141,82
2026-04-24,c3c89b7acf96be78148adaf5c76069809d5b9d0b,All live sites,14933,134,1006,43,26,10,513,19,398,37,2597,73,3794,82
2026-04-24,c3c89b7acf96be78148adaf5c76069809d5b9d0b,"All live, filtered sites",13754,132,932,43,25,10,488,19,355,37,2395,73,3496,82
2026-04-24,c3c89b7acf96be78148adaf5c76069809d5b9d0b,"All live, filtered, non-redirecting sites",9132,130,465,42,22,10,150,19,266,36,1227,70,1708,80
2026-04-24,c3c89b7acf96be78148adaf5c76069809d5b9d0b,Executive sites scanned,30303,121,1044,41,26,10,547,19,400,35,2848,70,4124,77
2026-04-24,c3c89b7acf96be78148adaf5c76069809d5b9d0b,Executive live sites,14041,113,1003,41,26,10,513,19,395,35,2582,70,3777,77
2026-04-24,c3c89b7acf96be78148adaf5c76069809d5b9d0b,"Executive live, filtered sites",12874,113,930,41,25,10,488,19,353,35,2384,70,3483,77
2026-04-24,c3c89b7acf96be78148adaf5c76069809d5b9d0b,"Executive live, filtered, non-redirecting sites",8385,112,463,40,22,10,150,19,264,34,1219,67,1698,75
2026-04-24,c3c89b7acf96be78148adaf5c76069809d5b9d0b,Legislative sites scanned,1061,18,0,0,0,0,0,0,0,0,1,1,3,3
2026-04-24,c3c89b7acf96be78148adaf5c76069809d5b9d0b,Legislative live sites,789,15,0,0,0,0,0,0,0,0,1,1,3,3
2026-04-24,c3c89b7acf96be78148adaf5c76069809d5b9d0b,"Legislative live, filtered sites",784,13,0,0,0,0,0,0,0,0,1,1,3,3
2026-04-24,c3c89b7acf96be78148adaf5c76069809d5b9d0b,"Legislative live, filtered, non-redirecting sites",656,12,0,0,0,0,0,0,0,0,1,1,3,3
2026-04-24,c3c89b7acf96be78148adaf5c76069809d5b9d0b,Judicial sites scanned,370,5,3,2,0,0,0,0,3,2,14,2,14,2
2026-04-24,c3c89b7acf96be78148adaf5c76069809d5b9d0b,Judicial live sites,98,5,3,2,0,0,0,0,3,2,14,2,14,2
2026-04-24,c3c89b7acf96be78148adaf5c76069809d5b9d0b,"Judicial live, filtered sites",91,5,2,2,0,0,0,0,2,2,10,2,10,2
2026-04-24,c3c89b7acf96be78148adaf5c76069809d5b9d0b,"Judicial live, filtered, non-redirecting sites",87,5,2,2,0,0,0,0,2,2,7,2,7,2
2026-04-24,c3c89b7acf96be78148adaf5c76069809d5b9d0b,IDEA sites scanned,10401,75,463,32,21,10,216,18,198,25,1031,48,1560,54
2026-04-24,c3c89b7acf96be78148adaf5c76069809d5b9d0b,IDEA live sites,6179,71,462,32,21,10,216,18,197,25,1022,48,1548,54
2026-04-24,c3c89b7acf96be78148adaf5c76069809d5b9d0b,"IDEA live, filtered sites",6129,71,460,32,21,10,216,18,196,25,1017,48,1534,54
2026-04-24,c3c89b7acf96be78148adaf5c76069809d5b9d0b,"IDEA live, filtered, non-redirecting sites",5238,68,328,31,20,10,114,18,170,24,813,46,1158,52
2026-04-25,0364d50d27b729ccdabe68bba240c671c11e538b,All sites scanned,31766,145,1053,43,27,11,541,19,411,37,2868,73,4154,82
2026-04-25,0364d50d27b729ccdabe68bba240c671c11e538b,All live sites,14928,134,1015,43,27,11,507,19,407,37,2603,73,3808,82
2026-04-25,0364d50d27b729ccdabe68bba240c671c11e538b,"All live, filtered sites",13713,132,942,43,26,11,483,19,364,37,2399,73,3505,82
2026-04-25,0364d50d27b729ccdabe68bba240c671c11e538b,"All live, filtered, non-redirecting sites",9098,130,466,42,22,11,147,19,271,36,1224,70,1698,80
2026-04-25,0364d50d27b729ccdabe68bba240c671c11e538b,Executive sites scanned,30329,121,1050,41,27,11,541,19,408,35,2853,70,4137,77
2026-04-25,0364d50d27b729ccdabe68bba240c671c11e538b,Executive live sites,14032,113,1012,41,27,11,507,19,404,35,2588,70,3791,77
2026-04-25,0364d50d27b729ccdabe68bba240c671c11e538b,"Executive live, filtered sites",12830,113,940,41,26,11,483,19,362,35,2388,70,3492,77
2026-04-25,0364d50d27b729ccdabe68bba240c671c11e538b,"Executive live, filtered, non-redirecting sites",8350,112,464,40,22,11,147,19,269,34,1216,67,1688,75
2026-04-25,0364d50d27b729ccdabe68bba240c671c11e538b,Legislative sites scanned,1061,18,0,0,0,0,0,0,0,0,1,1,3,3
2026-04-25,0364d50d27b729ccdabe68bba240c671c11e538b,Legislative live sites,794,15,0,0,0,0,0,0,0,0,1,1,3,3
2026-04-25,0364d50d27b729ccdabe68bba240c671c11e538b,"Legislative live, filtered sites",789,13,0,0,0,0,0,0,0,0,1,1,3,3
2026-04-25,0364d50d27b729ccdabe68bba240c671c11e538b,"Legislative live, filtered, non-redirecting sites",659,12,0,0,0,0,0,0,0,0,1,1,3,3
2026-04-25,0364d50d27b729ccdabe68bba240c671c11e538b,Judicial sites scanned,370,5,3,2,0,0,0,0,3,2,14,2,14,2
2026-04-25,0364d50d27b729ccdabe68bba240c671c11e538b,Judicial live sites,97,5,3,2,0,0,0,0,3,2,14,2,14,2
2026-04-25,0364d50d27b729ccdabe68bba240c671c11e538b,"Judicial live, filtered sites",90,5,2,2,0,0,0,0,2,2,10,2,10,2
2026-04-25,0364d50d27b729ccdabe68bba240c671c11e538b,"Judicial live, filtered, non-redirecting sites",86,5,2,2,0,0,0,0,2,2,7,2,7,2
2026-04-25,0364d50d27b729ccdabe68bba240c671c11e538b,IDEA sites scanned,10401,75,471,32,22,11,216,18,204,25,1031,48,1564,54
2026-04-25,0364d50d27b729ccdabe68bba240c671c11e538b,IDEA live sites,6186,71,470,32,22,11,216,18,203,25,1021,48,1551,54
2026-04-25,0364d50d27b729ccdabe68bba240c671c11e538b,"IDEA live, filtered sites",6135,71,468,32,22,11,216,18,202,25,1016,48,1537,54
2026-04-25,0364d50d27b729ccdabe68bba240c671c11e538b,"IDEA live, filtered, non-redirecting sites",5242,68,331,31,20,11,111,18,176,24,811,46,1160,52
2026-04-26,58b02360b4ec1b7ac2e096c57b2826f78a39d3ea,All sites scanned,31756,145,1044,43,27,11,536,19,410,37,2857,73,4141,82
2026-04-26,58b02360b4ec1b7ac2e096c57b2826f78a39d3ea,All live sites,14909,134,1006,43,27,11,502,19,406,37,2592,73,3795,82
2026-04-26,58b02360b4ec1b7ac2e096c57b2826f78a39d3ea,"All live, filtered sites",13733,132,934,43,26,11,479,19,363,37,2389,73,3493,82
2026-04-26,58b02360b4ec1b7ac2e096c57b2826f78a39d3ea,"All live, filtered, non-redirecting sites",9114,130,465,42,22,11,146,19,271,36,1217,70,1688,80
2026-04-26,58b02360b4ec1b7ac2e096c57b2826f78a39d3ea,Executive sites scanned,30319,121,1041,41,27,11,536,19,407,35,2842,70,4124,77
2026-04-26,58b02360b4ec1b7ac2e096c57b2826f78a39d3ea,Executive live sites,14013,113,1003,41,27,11,502,19,403,35,2577,70,3778,77
2026-04-26,58b02360b4ec1b7ac2e096c57b2826f78a39d3ea,"Executive live, filtered sites",12849,113,932,41,26,11,479,19,361,35,2378,70,3480,77
2026-04-26,58b02360b4ec1b7ac2e096c57b2826f78a39d3ea,"Executive live, filtered, non-redirecting sites",8366,112,463,40,22,11,146,19,269,34,1209,67,1678,75
2026-04-26,58b02360b4ec1b7ac2e096c57b2826f78a39d3ea,Legislative sites scanned,1061,18,0,0,0,0,0,0,0,0,1,1,3,3
2026-04-26,58b02360b4ec1b7ac2e096c57b2826f78a39d3ea,Legislative live sites,794,15,0,0,0,0,0,0,0,0,1,1,3,3
2026-04-26,58b02360b4ec1b7ac2e096c57b2826f78a39d3ea,"Legislative live, filtered sites",789,13,0,0,0,0,0,0,0,0,1,1,3,3
2026-04-26,58b02360b4ec1b7ac2e096c57b2826f78a39d3ea,"Legislative live, filtered, non-redirecting sites",658,12,0,0,0,0,0,0,0,0,1,1,3,3
2026-04-26,58b02360b4ec1b7ac2e096c57b2826f78a39d3ea,Judicial sites scanned,370,5,3,2,0,0,0,0,3,2,14,2,14,2
2026-04-26,58b02360b4ec1b7ac2e096c57b2826f78a39d3ea,Judicial live sites,97,5,3,2,0,0,0,0,3,2,14,2,14,2
2026-04-26,58b02360b4ec1b7ac2e096c57b2826f78a39d3ea,"Judicial live, filtered sites",90,5,2,2,0,0,0,0,2,2,10,2,10,2
2026-04-26,58b02360b4ec1b7ac2e096c57b2826f78a39d3ea,"Judicial live, filtered, non-redirecting sites",86,5,2,2,0,0,0,0,2,2,7,2,7,2
2026-04-26,58b02360b4ec1b7ac2e096c57b2826f78a39d3ea,IDEA sites scanned,10401,75,469,32,22,11,214,18,205,25,1024,48,1556,54
2026-04-26,58b02360b4ec1b7ac2e096c57b2826f78a39d3ea,IDEA live sites,6173,71,468,32,22,11,214,18,204,25,1014,48,1543,54
2026-04-26,58b02360b4ec1b7ac2e096c57b2826f78a39d3ea,"IDEA live, filtered sites",6126,71,466,32,22,11,214,18,203,25,1009,48,1529,54
2026-04-26,58b02360b4ec1b7ac2e096c57b2826f78a39d3ea,"IDEA live, filtered, non-redirecting sites",5234,68,330,31,20,11,109,18,177,24,805,46,1153,52
2026-04-27,81e0662479492bf6490bf198fa42cad2a0ba9b0d,All sites scanned,31746,145,1044,43,27,11,536,19,410,37,2857,73,4141,82
2026-04-27,81e0662479492bf6490bf198fa42cad2a0ba9b0d,All live sites,14908,134,1006,43,27,11,502,19,406,37,2592,73,3795,82
2026-04-27,81e0662479492bf6490bf198fa42cad2a0ba9b0d,"All live, filtered sites",13732,132,934,43,26,11,479,19,363,37,2389,73,3493,82
2026-04-27,81e0662479492bf6490bf198fa42cad2a0ba9b0d,"All live, filtered, non-redirecting sites",9114,130,465,42,22,11,146,19,271,36,1217,70,1688,80
2026-04-27,81e0662479492bf6490bf198fa42cad2a0ba9b0d,Executive sites scanned,30309,121,1041,41,27,11,536,19,407,35,2842,70,4124,77
2026-04-27,81e0662479492bf6490bf198fa42cad2a0ba9b0d,Executive live sites,14012,113,1003,41,27,11,502,19,403,35,2577,70,3778,77
2026-04-27,81e0662479492bf6490bf198fa42cad2a0ba9b0d,"Executive live, filtered sites",12848,113,932,41,26,11,479,19,361,35,2378,70,3480,77
2026-04-27,81e0662479492bf6490bf198fa42cad2a0ba9b0d,"Executive live, filtered, non-redirecting sites",8366,112,463,40,22,11,146,19,269,34,1209,67,1678,75
2026-04-27,81e0662479492bf6490bf198fa42cad2a0ba9b0d,Legislative sites scanned,1061,18,0,0,0,0,0,0,0,0,1,1,3,3
2026-04-27,81e0662479492bf6490bf198fa42cad2a0ba9b0d,Legislative live sites,794,15,0,0,0,0,0,0,0,0,1,1,3,3
2026-04-27,81e0662479492bf6490bf198fa42cad2a0ba9b0d,"Legislative live, filtered sites",789,13,0,0,0,0,0,0,0,0,1,1,3,3
2026-04-27,81e0662479492bf6490bf198fa42cad2a0ba9b0d,"Legislative live, filtered, non-redirecting sites",658,12,0,0,0,0,0,0,0,0,1,1,3,3
2026-04-27,81e0662479492bf6490bf198fa42cad2a0ba9b0d,Judicial sites scanned,370,5,3,2,0,0,0,0,3,2,14,2,14,2
2026-04-27,81e0662479492bf6490bf198fa42cad2a0ba9b0d,Judicial live sites,97,5,3,2,0,0,0,0,3,2,14,2,14,2
2026-04-27,81e0662479492bf6490bf198fa42cad2a0ba9b0d,"Judicial live, filtered sites",90,5,2,2,0,0,0,0,2,2,10,2,10,2
2026-04-27,81e0662479492bf6490bf198fa42cad2a0ba9b0d,"Judicial live, filtered, non-redirecting sites",86,5,2,2,0,0,0,0,2,2,7,2,7,2
2026-04-27,81e0662479492bf6490bf198fa42cad2a0ba9b0d,IDEA sites scanned,10400,75,469,32,22,11,214,18,205,25,1024,48,1556,54
2026-04-27,81e0662479492bf6490bf198fa42cad2a0ba9b0d,IDEA live sites,6173,71,468,32,22,11,214,18,204,25,1014,48,1543,54
2026-04-27,81e0662479492bf6490bf198fa42cad2a0ba9b0d,"IDEA live, filtered sites",6126,71,466,32,22,11,214,18,203,25,1009,48,1529,54
2026-04-27,81e0662479492bf6490bf198fa42cad2a0ba9b0d,"IDEA live, filtered, non-redirecting sites",5234,68,330,31,20,11,109,18,177,24,805,46,1153,52
2026-04-28,113004aa1c15c29add78a788bf5515daba2b37fd,All sites scanned,31761,145,1041,43,24,10,542,20,405,37,2853,73,4131,82
2026-04-28,113004aa1c15c29add78a788bf5515daba2b37fd,All live sites,14869,134,1001,43,24,10,508,20,400,37,2587,73,3784,82
2026-04-28,113004aa1c15c29add78a788bf5515daba2b37fd,"All live, filtered sites",13658,132,930,43,23,10,484,20,359,37,2386,73,3483,82
2026-04-28,113004aa1c15c29add78a788bf5515daba2b37fd,"All live, filtered, non-redirecting sites",9057,130,465,42,20,10,150,19,268,36,1216,70,1681,80
2026-04-28,113004aa1c15c29add78a788bf5515daba2b37fd,Executive sites scanned,30324,121,1038,41,24,10,542,20,402,35,2838,70,4114,77
2026-04-28,113004aa1c15c29add78a788bf5515daba2b37fd,Executive live sites,13971,113,998,41,24,10,508,20,397,35,2572,70,3767,77
2026-04-28,113004aa1c15c29add78a788bf5515daba2b37fd,"Executive live, filtered sites",12773,113,928,41,23,10,484,20,357,35,2375,70,3470,77
2026-04-28,113004aa1c15c29add78a788bf5515daba2b37fd,"Executive live, filtered, non-redirecting sites",8311,112,463,40,20,10,150,19,266,34,1208,67,1671,75
2026-04-28,113004aa1c15c29add78a788bf5515daba2b37fd,Legislative sites scanned,1061,18,0,0,0,0,0,0,0,0,1,1,3,3
2026-04-28,113004aa1c15c29add78a788bf5515daba2b37fd,Legislative live sites,796,15,0,0,0,0,0,0,0,0,1,1,3,3
2026-04-28,113004aa1c15c29add78a788bf5515daba2b37fd,"Legislative live, filtered sites",791,13,0,0,0,0,0,0,0,0,1,1,3,3
2026-04-28,113004aa1c15c29add78a788bf5515daba2b37fd,"Legislative live, filtered, non-redirecting sites",657,12,0,0,0,0,0,0,0,0,1,1,3,3
2026-04-28,113004aa1c15c29add78a788bf5515daba2b37fd,Judicial sites scanned,370,5,3,2,0,0,0,0,3,2,14,2,14,2
2026-04-28,113004aa1c15c29add78a788bf5515daba2b37fd,Judicial live sites,97,5,3,2,0,0,0,0,3,2,14,2,14,2
2026-04-28,113004aa1c15c29add78a788bf5515daba2b37fd,"Judicial live, filtered sites",90,5,2,2,0,0,0,0,2,2,10,2,10,2
2026-04-28,113004aa1c15c29add78a788bf5515daba2b37fd,"Judicial live, filtered, non-redirecting sites",86,5,2,2,0,0,0,0,2,2,7,2,7,2
2026-04-28,113004aa1c15c29add78a788bf5515daba2b37fd,IDEA sites scanned,10400,75,462,32,19,10,215,18,200,25,1018,48,1542,54
2026-04-28,113004aa1c15c29add78a788bf5515daba2b37fd,IDEA live sites,6157,71,461,32,19,10,215,18,199,25,1009,48,1530,54
2026-04-28,113004aa1c15c29add78a788bf5515daba2b37fd,"IDEA live, filtered sites",6106,71,459,32,19,10,215,18,198,25,1004,48,1516,54
2026-04-28,113004aa1c15c29add78a788bf5515daba2b37fd,"IDEA live, filtered, non-redirecting sites",5222,68,330,31,18,10,114,18,173,24,804,46,1145,52
2026-04-29,cddfdd2564e1d167388caaf04dd01b5e3aee1fb0,All sites scanned,31755,145,1044,44,24,10,546,20,403,38,2858,73,4132,82
2026-04-29,cddfdd2564e1d167388caaf04dd01b5e3aee1fb0,All live sites,14882,134,1004,44,24,10,512,20,398,38,2592,73,3785,82
2026-04-29,cddfdd2564e1d167388caaf04dd01b5e3aee1fb0,"All live, filtered sites",13708,132,932,44,23,10,487,20,357,38,2391,73,3484,82
2026-04-29,cddfdd2564e1d167388caaf04dd01b5e3aee1fb0,"All live, filtered, non-redirecting sites",9105,130,464,42,19,10,152,19,266,36,1221,70,1684,80
2026-04-29,cddfdd2564e1d167388caaf04dd01b5e3aee1fb0,Executive sites scanned,30318,121,1041,42,24,10,546,20,400,36,2843,70,4115,77
2026-04-29,cddfdd2564e1d167388caaf04dd01b5e3aee1fb0,Executive live sites,13983,113,1001,42,24,10,512,20,395,36,2577,70,3768,77
2026-04-29,cddfdd2564e1d167388caaf04dd01b5e3aee1fb0,"Executive live, filtered sites",12821,113,930,42,23,10,487,20,355,36,2380,70,3471,77
2026-04-29,cddfdd2564e1d167388caaf04dd01b5e3aee1fb0,"Executive live, filtered, non-redirecting sites",8357,112,462,40,19,10,152,19,264,34,1213,67,1674,75
2026-04-29,cddfdd2564e1d167388caaf04dd01b5e3aee1fb0,Legislative sites scanned,1061,18,0,0,0,0,0,0,0,0,1,1,3,3
2026-04-29,cddfdd2564e1d167388caaf04dd01b5e3aee1fb0,Legislative live sites,797,15,0,0,0,0,0,0,0,0,1,1,3,3
2026-04-29,cddfdd2564e1d167388caaf04dd01b5e3aee1fb0,"Legislative live, filtered sites",792,13,0,0,0,0,0,0,0,0,1,1,3,3
2026-04-29,cddfdd2564e1d167388caaf04dd01b5e3aee1fb0,"Legislative live, filtered, non-redirecting sites",658,12,0,0,0,0,0,0,0,0,1,1,3,3
2026-04-29,cddfdd2564e1d167388caaf04dd01b5e3aee1fb0,Judicial sites scanned,370,5,3,2,0,0,0,0,3,2,14,2,14,2
2026-04-29,cddfdd2564e1d167388caaf04dd01b5e3aee1fb0,Judicial live sites,97,5,3,2,0,0,0,0,3,2,14,2,14,2
2026-04-29,cddfdd2564e1d167388caaf04dd01b5e3aee1fb0,"Judicial live, filtered sites",90,5,2,2,0,0,0,0,2,2,10,2,10,2
2026-04-29,cddfdd2564e1d167388caaf04dd01b5e3aee1fb0,"Judicial live, filtered, non-redirecting sites",86,5,2,2,0,0,0,0,2,2,7,2,7,2
2026-04-29,cddfdd2564e1d167388caaf04dd01b5e3aee1fb0,IDEA sites scanned,10400,75,463,33,19,10,216,18,200,26,1027,48,1545,54
2026-04-29,cddfdd2564e1d167388caaf04dd01b5e3aee1fb0,IDEA live sites,6168,71,462,33,19,10,216,18,199,26,1018,48,1533,54
2026-04-29,cddfdd2564e1d167388caaf04dd01b5e3aee1fb0,"IDEA live, filtered sites",6120,71,460,33,19,10,216,18,198,26,1013,48,1519,54
2026-04-29,cddfdd2564e1d167388caaf04dd01b5e3aee1fb0,"IDEA live, filtered, non-redirecting sites",5235,68,330,31,17,10,116,18,172,24,811,46,1149,52
2026-04-30,2d31ca3d3126014ada72cef6a79ed29ef301e1d6,All sites scanned,31759,145,1061,43,26,12,547,19,411,37,2872,73,4150,82
2026-04-30,2d31ca3d3126014ada72cef6a79ed29ef301e1d6,All live sites,14944,134,1020,43,26,12,513,19,406,37,2606,73,3803,82
2026-04-30,2d31ca3d3126014ada72cef6a79ed29ef301e1d6,"All live, filtered sites",13727,132,949,43,25,12,490,19,364,37,2403,73,3502,82
2026-04-30,2d31ca3d3126014ada72cef6a79ed29ef301e1d6,"All live, filtered, non-redirecting sites",9111,130,472,42,21,11,153,19,269,36,1226,70,1688,80
2026-04-30,2d31ca3d3126014ada72cef6a79ed29ef301e1d6,Executive sites scanned,30322,121,1058,41,26,12,547,19,408,35,2857,70,4133,77
2026-04-30,2d31ca3d3126014ada72cef6a79ed29ef301e1d6,Executive live sites,14038,113,1017,41,26,12,513,19,403,35,2591,70,3786,77
2026-04-30,2d31ca3d3126014ada72cef6a79ed29ef301e1d6,"Executive live, filtered sites",12836,113,947,41,25,12,490,19,362,35,2392,70,3489,77
2026-04-30,2d31ca3d3126014ada72cef6a79ed29ef301e1d6,"Executive live, filtered, non-redirecting sites",8361,112,470,40,21,11,153,19,267,34,1218,67,1678,75
2026-04-30,2d31ca3d3126014ada72cef6a79ed29ef301e1d6,Legislative sites scanned,1061,18,0,0,0,0,0,0,0,0,1,1,3,3
2026-04-30,2d31ca3d3126014ada72cef6a79ed29ef301e1d6,Legislative live sites,804,15,0,0,0,0,0,0,0,0,1,1,3,3
2026-04-30,2d31ca3d3126014ada72cef6a79ed29ef301e1d6,"Legislative live, filtered sites",799,13,0,0,0,0,0,0,0,0,1,1,3,3
2026-04-30,2d31ca3d3126014ada72cef6a79ed29ef301e1d6,"Legislative live, filtered, non-redirecting sites",662,12,0,0,0,0,0,0,0,0,1,1,3,3
2026-04-30,2d31ca3d3126014ada72cef6a79ed29ef301e1d6,Judicial sites scanned,370,5,3,2,0,0,0,0,3,2,14,2,14,2
2026-04-30,2d31ca3d3126014ada72cef6a79ed29ef301e1d6,Judicial live sites,98,5,3,2,0,0,0,0,3,2,14,2,14,2
2026-04-30,2d31ca3d3126014ada72cef6a79ed29ef301e1d6,"Judicial live, filtered sites",91,5,2,2,0,0,0,0,2,2,10,2,10,2
2026-04-30,2d31ca3d3126014ada72cef6a79ed29ef301e1d6,"Judicial live, filtered, non-redirecting sites",87,5,2,2,0,0,0,0,2,2,7,2,7,2
2026-04-30,2d31ca3d3126014ada72cef6a79ed29ef301e1d6,IDEA sites scanned,10400,75,474,32,20,11,219,18,205,25,1029,48,1550,54
2026-04-30,2d31ca3d3126014ada72cef6a79ed29ef301e1d6,IDEA live sites,6183,71,473,32,20,11,219,18,204,25,1018,48,1536,54
2026-04-30,2d31ca3d3126014ada72cef6a79ed29ef301e1d6,"IDEA live, filtered sites",6130,71,471,32,20,11,219,18,203,25,1013,48,1522,54
2026-04-30,2d31ca3d3126014ada72cef6a79ed29ef301e1d6,"IDEA live, filtered, non-redirecting sites",5243,68,337,31,19,11,117,18,176,24,812,46,1149,52
2026-05-01,9178be1d86f96361f25457c8b76a1dba11647439,All sites scanned,31759,145,1061,43,26,12,547,19,411,37,2872,73,4150,82
2026-05-01,9178be1d86f96361f25457c8b76a1dba11647439,All live sites,14944,134,1020,43,26,12,513,19,406,37,2606,73,3803,82
2026-05-01,9178be1d86f96361f25457c8b76a1dba11647439,"All live, filtered sites",13772,132,949,43,25,12,490,19,364,37,2403,73,3502,82
2026-05-01,9178be1d86f96361f25457c8b76a1dba11647439,"All live, filtered, non-redirecting sites",9148,130,472,42,21,11,153,19,269,36,1226,70,1688,80
2026-05-01,9178be1d86f96361f25457c8b76a1dba11647439,Executive sites scanned,30322,121,1058,41,26,12,547,19,408,35,2857,70,4133,77
2026-05-01,9178be1d86f96361f25457c8b76a1dba11647439,Executive live sites,14038,113,1017,41,26,12,513,19,403,35,2591,70,3786,77
2026-05-01,9178be1d86f96361f25457c8b76a1dba11647439,"Executive live, filtered sites",12878,113,947,41,25,12,490,19,362,35,2392,70,3489,77
2026-05-01,9178be1d86f96361f25457c8b76a1dba11647439,"Executive live, filtered, non-redirecting sites",8395,112,470,40,21,11,153,19,267,34,1218,67,1678,75
2026-05-01,9178be1d86f96361f25457c8b76a1dba11647439,Legislative sites scanned,1061,18,0,0,0,0,0,0,0,0,1,1,3,3
2026-05-01,9178be1d86f96361f25457c8b76a1dba11647439,Legislative live sites,804,15,0,0,0,0,0,0,0,0,1,1,3,3
2026-05-01,9178be1d86f96361f25457c8b76a1dba11647439,"Legislative live, filtered sites",799,13,0,0,0,0,0,0,0,0,1,1,3,3
2026-05-01,9178be1d86f96361f25457c8b76a1dba11647439,"Legislative live, filtered, non-redirecting sites",662,12,0,0,0,0,0,0,0,0,1,1,3,3
2026-05-01,9178be1d86f96361f25457c8b76a1dba11647439,Judicial sites scanned,370,5,3,2,0,0,0,0,3,2,14,2,14,2
2026-05-01,9178be1d86f96361f25457c8b76a1dba11647439,Judicial live sites,98,5,3,2,0,0,0,0,3,2,14,2,14,2
2026-05-01,9178be1d86f96361f25457c8b76a1dba11647439,"Judicial live, filtered sites",91,5,2,2,0,0,0,0,2,2,10,2,10,2
2026-05-01,9178be1d86f96361f25457c8b76a1dba11647439,"Judicial live, filtered, non-redirecting sites",87,5,2,2,0,0,0,0,2,2,7,2,7,2
2026-05-01,9178be1d86f96361f25457c8b76a1dba11647439,IDEA sites scanned,10400,75,474,32,20,11,219,18,205,25,1029,48,1550,54
2026-05-01,9178be1d86f96361f25457c8b76a1dba11647439,IDEA live sites,6183,71,473,32,20,11,219,18,204,25,1018,48,1536,54
2026-05-01,9178be1d86f96361f25457c8b76a1dba11647439,"IDEA live, filtered sites",6133,71,471,32,20,11,219,18,203,25,1013,48,1522,54
2026-05-01,9178be1d86f96361f25457c8b76a1dba11647439,"IDEA live, filtered, non-redirecting sites",5246,68,337,31,19,11,117,18,176,24,812,46,1149,52
2026-05-02,1ff1f6c32ee2bc73701f71cd7bda950c861dd4ec,All sites scanned,31773,145,1051,43,26,12,547,19,401,37,2864,73,4135,82
2026-05-02,1ff1f6c32ee2bc73701f71cd7bda950c861dd4ec,All live sites,14941,134,1009,43,26,12,513,19,396,37,2596,73,3786,82
2026-05-02,1ff1f6c32ee2bc73701f71cd7bda950c861dd4ec,"All live, filtered sites",13625,132,935,43,25,12,487,19,354,37,2384,73,3470,82
2026-05-02,1ff1f6c32ee2bc73701f71cd7bda950c861dd4ec,"All live, filtered, non-redirecting sites",9026,130,466,42,22,11,149,19,267,36,1216,70,1674,80
2026-05-02,1ff1f6c32ee2bc73701f71cd7bda950c861dd4ec,Executive sites scanned,30336,121,1048,41,26,12,547,19,398,35,2849,70,4118,77
2026-05-02,1ff1f6c32ee2bc73701f71cd7bda950c861dd4ec,Executive live sites,14034,113,1006,41,26,12,513,19,393,35,2581,70,3769,77
2026-05-02,1ff1f6c32ee2bc73701f71cd7bda950c861dd4ec,"Executive live, filtered sites",12731,113,933,41,25,12,487,19,352,35,2373,70,3457,77
2026-05-02,1ff1f6c32ee2bc73701f71cd7bda950c861dd4ec,"Executive live, filtered, non-redirecting sites",8275,112,464,40,22,11,149,19,265,34,1208,67,1664,75
2026-05-02,1ff1f6c32ee2bc73701f71cd7bda950c861dd4ec,Legislative sites scanned,1061,18,0,0,0,0,0,0,0,0,1,1,3,3
2026-05-02,1ff1f6c32ee2bc73701f71cd7bda950c861dd4ec,Legislative live sites,804,15,0,0,0,0,0,0,0,0,1,1,3,3
2026-05-02,1ff1f6c32ee2bc73701f71cd7bda950c861dd4ec,"Legislative live, filtered sites",799,13,0,0,0,0,0,0,0,0,1,1,3,3
2026-05-02,1ff1f6c32ee2bc73701f71cd7bda950c861dd4ec,"Legislative live, filtered, non-redirecting sites",661,12,0,0,0,0,0,0,0,0,1,1,3,3
2026-05-02,1ff1f6c32ee2bc73701f71cd7bda950c861dd4ec,Judicial sites scanned,370,5,3,2,0,0,0,0,3,2,14,2,14,2
2026-05-02,1ff1f6c32ee2bc73701f71cd7bda950c861dd4ec,Judicial live sites,98,5,3,2,0,0,0,0,3,2,14,2,14,2
2026-05-02,1ff1f6c32ee2bc73701f71cd7bda950c861dd4ec,"Judicial live, filtered sites",91,5,2,2,0,0,0,0,2,2,10,2,10,2
2026-05-02,1ff1f6c32ee2bc73701f71cd7bda950c861dd4ec,"Judicial live, filtered, non-redirecting sites",87,5,2,2,0,0,0,0,2,2,7,2,7,2
2026-05-02,1ff1f6c32ee2bc73701f71cd7bda950c861dd4ec,IDEA sites scanned,10400,75,474,32,21,11,218,18,204,25,1027,48,1545,54
2026-05-02,1ff1f6c32ee2bc73701f71cd7bda950c861dd4ec,IDEA live sites,6175,71,473,32,21,11,218,18,203,25,1018,48,1533,54
2026-05-02,1ff1f6c32ee2bc73701f71cd7bda950c861dd4ec,"IDEA live, filtered sites",6016,71,467,32,21,11,215,18,201,25,1004,48,1505,54
2026-05-02,1ff1f6c32ee2bc73701f71cd7bda950c861dd4ec,"IDEA live, filtered, non-redirecting sites",5143,68,333,31,20,11,113,18,174,24,806,46,1140,52
2026-05-03,af04f7d0f0ea897643a7312be4d3609661ca981c,All sites scanned,31770,145,1045,43,27,12,545,19,396,37,2866,73,4130,82
2026-05-03,af04f7d0f0ea897643a7312be4d3609661ca981c,All live sites,14931,134,1003,43,27,12,511,19,391,37,2597,73,3780,82
2026-05-03,af04f7d0f0ea897643a7312be4d3609661ca981c,"All live, filtered sites",13650,132,929,43,26,12,485,19,349,37,2383,73,3462,82
2026-05-03,af04f7d0f0ea897643a7312be4d3609661ca981c,"All live, filtered, non-redirecting sites",9051,130,463,42,22,11,148,19,265,36,1214,70,1669,80
2026-05-03,af04f7d0f0ea897643a7312be4d3609661ca981c,Executive sites scanned,30333,121,1042,41,27,12,545,19,393,35,2851,70,4113,77
2026-05-03,af04f7d0f0ea897643a7312be4d3609661ca981c,Executive live sites,14024,113,1000,41,27,12,511,19,388,35,2582,70,3763,77
2026-05-03,af04f7d0f0ea897643a7312be4d3609661ca981c,"Executive live, filtered sites",12755,113,927,41,26,12,485,19,347,35,2372,70,3449,77
2026-05-03,af04f7d0f0ea897643a7312be4d3609661ca981c,"Executive live, filtered, non-redirecting sites",8299,112,461,40,22,11,148,19,263,34,1206,67,1659,75
2026-05-03,af04f7d0f0ea897643a7312be4d3609661ca981c,Legislative sites scanned,1061,18,0,0,0,0,0,0,0,0,1,1,3,3
2026-05-03,af04f7d0f0ea897643a7312be4d3609661ca981c,Legislative live sites,804,15,0,0,0,0,0,0,0,0,1,1,3,3
2026-05-03,af04f7d0f0ea897643a7312be4d3609661ca981c,"Legislative live, filtered sites",799,13,0,0,0,0,0,0,0,0,1,1,3,3
2026-05-03,af04f7d0f0ea897643a7312be4d3609661ca981c,"Legislative live, filtered, non-redirecting sites",661,12,0,0,0,0,0,0,0,0,1,1,3,3
2026-05-03,af04f7d0f0ea897643a7312be4d3609661ca981c,Judicial sites scanned,370,5,3,2,0,0,0,0,3,2,14,2,14,2
2026-05-03,af04f7d0f0ea897643a7312be4d3609661ca981c,Judicial live sites,98,5,3,2,0,0,0,0,3,2,14,2,14,2
2026-05-03,af04f7d0f0ea897643a7312be4d3609661ca981c,"Judicial live, filtered sites",91,5,2,2,0,0,0,0,2,2,10,2,10,2
2026-05-03,af04f7d0f0ea897643a7312be4d3609661ca981c,"Judicial live, filtered, non-redirecting sites",87,5,2,2,0,0,0,0,2,2,7,2,7,2
2026-05-03,af04f7d0f0ea897643a7312be4d3609661ca981c,IDEA sites scanned,10400,75,472,32,22,11,217,18,201,25,1028,48,1542,54
2026-05-03,af04f7d0f0ea897643a7312be4d3609661ca981c,IDEA live sites,6177,71,471,32,22,11,217,18,200,25,1019,48,1530,54
2026-05-03,af04f7d0f0ea897643a7312be4d3609661ca981c,"IDEA live, filtered sites",6021,71,465,32,22,11,214,18,198,25,1005,48,1502,54
2026-05-03,af04f7d0f0ea897643a7312be4d3609661ca981c,"IDEA live, filtered, non-redirecting sites",5149,68,330,31,20,11,112,18,172,24,805,46,1137,52
2026-05-04,f2ee90df0af4f15c547275d7ac1dc9beed55c2e1,All sites scanned,31764,145,1045,43,27,12,545,19,396,37,2866,73,4130,82
2026-05-04,f2ee90df0af4f15c547275d7ac1dc9beed55c2e1,All live sites,14929,134,1003,43,27,12,511,19,391,37,2597,73,3780,82
2026-05-04,f2ee90df0af4f15c547275d7ac1dc9beed55c2e1,"All live, filtered sites",13648,132,929,43,26,12,485,19,349,37,2383,73,3462,82
2026-05-04,f2ee90df0af4f15c547275d7ac1dc9beed55c2e1,"All live, filtered, non-redirecting sites",9051,130,463,42,22,11,148,19,265,36,1214,70,1669,80
2026-05-04,f2ee90df0af4f15c547275d7ac1dc9beed55c2e1,Executive sites scanned,30327,121,1042,41,27,12,545,19,393,35,2851,70,4113,77
2026-05-04,f2ee90df0af4f15c547275d7ac1dc9beed55c2e1,Executive live sites,14022,113,1000,41,27,12,511,19,388,35,2582,70,3763,77
2026-05-04,f2ee90df0af4f15c547275d7ac1dc9beed55c2e1,"Executive live, filtered sites",12753,113,927,41,26,12,485,19,347,35,2372,70,3449,77
2026-05-04,f2ee90df0af4f15c547275d7ac1dc9beed55c2e1,"Executive live, filtered, non-redirecting sites",8299,112,461,40,22,11,148,19,263,34,1206,67,1659,75
2026-05-04,f2ee90df0af4f15c547275d7ac1dc9beed55c2e1,Legislative sites scanned,1061,18,0,0,0,0,0,0,0,0,1,1,3,3
2026-05-04,f2ee90df0af4f15c547275d7ac1dc9beed55c2e1,Legislative live sites,804,15,0,0,0,0,0,0,0,0,1,1,3,3
2026-05-04,f2ee90df0af4f15c547275d7ac1dc9beed55c2e1,"Legislative live, filtered sites",799,13,0,0,0,0,0,0,0,0,1,1,3,3
2026-05-04,f2ee90df0af4f15c547275d7ac1dc9beed55c2e1,"Legislative live, filtered, non-redirecting sites",661,12,0,0,0,0,0,0,0,0,1,1,3,3
2026-05-04,f2ee90df0af4f15c547275d7ac1dc9beed55c2e1,Judicial sites scanned,370,5,3,2,0,0,0,0,3,2,14,2,14,2
2026-05-04,f2ee90df0af4f15c547275d7ac1dc9beed55c2e1,Judicial live sites,98,5,3,2,0,0,0,0,3,2,14,2,14,2
2026-05-04,f2ee90df0af4f15c547275d7ac1dc9beed55c2e1,"Judicial live, filtered sites",91,5,2,2,0,0,0,0,2,2,10,2,10,2
2026-05-04,f2ee90df0af4f15c547275d7ac1dc9beed55c2e1,"Judicial live, filtered, non-redirecting sites",87,5,2,2,0,0,0,0,2,2,7,2,7,2
2026-05-04,f2ee90df0af4f15c547275d7ac1dc9beed55c2e1,IDEA sites scanned,10400,75,472,32,22,11,217,18,201,25,1028,48,1542,54
2026-05-04,f2ee90df0af4f15c547275d7ac1dc9beed55c2e1,IDEA live sites,6177,71,471,32,22,11,217,18,200,25,1019,48,1530,54
2026-05-04,f2ee90df0af4f15c547275d7ac1dc9beed55c2e1,"IDEA live, filtered sites",6021,71,465,32,22,11,214,18,198,25,1005,48,1502,54
2026-05-04,f2ee90df0af4f15c547275d7ac1dc9beed55c2e1,"IDEA live, filtered, non-redirecting sites",5149,68,330,31,20,11,112,18,172,24,805,46,1137,52
2026-05-06,5e1e065dd9bd38ef8472c537af07b93cc78175a4,All sites scanned,31806,145,1056,43,26,12,546,20,415,37,2868,73,4152,82
2026-05-06,5e1e065dd9bd38ef8472c537af07b93cc78175a4,All live sites,14881,134,1015,43,26,12,512,20,411,37,2599,73,3800,82
2026-05-06,5e1e065dd9bd38ef8472c537af07b93cc78175a4,"All live, filtered sites",13595,132,942,43,25,12,485,20,371,37,2383,73,3478,82
2026-05-06,5e1e065dd9bd38ef8472c537af07b93cc78175a4,"All live, filtered, non-redirecting sites",9008,130,479,41,21,11,149,18,282,36,1213,69,1681,80
2026-05-06,5e1e065dd9bd38ef8472c537af07b93cc78175a4,Executive sites scanned,30369,121,1053,41,26,12,546,20,412,35,2853,70,4135,77
2026-05-06,5e1e065dd9bd38ef8472c537af07b93cc78175a4,Executive live sites,13977,113,1012,41,26,12,512,20,408,35,2584,70,3783,77
2026-05-06,5e1e065dd9bd38ef8472c537af07b93cc78175a4,"Executive live, filtered sites",12703,113,940,41,25,12,485,20,369,35,2372,70,3465,77
2026-05-06,5e1e065dd9bd38ef8472c537af07b93cc78175a4,"Executive live, filtered, non-redirecting sites",8256,112,477,39,21,11,149,18,280,34,1205,66,1671,75
2026-05-06,5e1e065dd9bd38ef8472c537af07b93cc78175a4,Legislative sites scanned,1061,18,0,0,0,0,0,0,0,0,1,1,3,3
2026-05-06,5e1e065dd9bd38ef8472c537af07b93cc78175a4,Legislative live sites,801,15,0,0,0,0,0,0,0,0,1,1,3,3
2026-05-06,5e1e065dd9bd38ef8472c537af07b93cc78175a4,"Legislative live, filtered sites",796,13,0,0,0,0,0,0,0,0,1,1,3,3
2026-05-06,5e1e065dd9bd38ef8472c537af07b93cc78175a4,"Legislative live, filtered, non-redirecting sites",661,12,0,0,0,0,0,0,0,0,1,1,3,3
2026-05-06,5e1e065dd9bd38ef8472c537af07b93cc78175a4,Judicial sites scanned,370,5,3,2,0,0,0,0,3,2,14,2,14,2
2026-05-06,5e1e065dd9bd38ef8472c537af07b93cc78175a4,Judicial live sites,98,5,3,2,0,0,0,0,3,2,14,2,14,2
2026-05-06,5e1e065dd9bd38ef8472c537af07b93cc78175a4,"Judicial live, filtered sites",91,5,2,2,0,0,0,0,2,2,10,2,10,2
2026-05-06,5e1e065dd9bd38ef8472c537af07b93cc78175a4,"Judicial live, filtered, non-redirecting sites",87,5,2,2,0,0,0,0,2,2,7,2,7,2
2026-05-06,5e1e065dd9bd38ef8472c537af07b93cc78175a4,IDEA sites scanned,10400,75,484,31,20,11,218,17,217,25,1025,47,1556,54
2026-05-06,5e1e065dd9bd38ef8472c537af07b93cc78175a4,IDEA live sites,6151,71,483,31,20,11,218,17,216,25,1017,47,1544,54
2026-05-06,5e1e065dd9bd38ef8472c537af07b93cc78175a4,"IDEA live, filtered sites",5994,71,477,31,20,11,215,17,214,25,1003,47,1516,54
2026-05-06,5e1e065dd9bd38ef8472c537af07b93cc78175a4,"IDEA live, filtered, non-redirecting sites",5117,68,345,30,19,11,114,17,187,24,803,45,1149,52
2026-05-07,658b7ca1d875e8f3f5688ef7525b0a0b8c533a6b,All sites scanned,31824,145,1069,44,28,12,538,20,436,38,2865,73,4170,82
2026-05-07,658b7ca1d875e8f3f5688ef7525b0a0b8c533a6b,All live sites,14934,134,1030,44,28,12,504,20,432,38,2598,73,3822,82
2026-05-07,658b7ca1d875e8f3f5688ef7525b0a0b8c533a6b,"All live, filtered sites",13608,132,954,44,27,12,475,20,391,38,2382,73,3497,82
2026-05-07,658b7ca1d875e8f3f5688ef7525b0a0b8c533a6b,"All live, filtered, non-redirecting sites",9009,130,495,43,24,12,144,19,302,37,1216,70,1706,80
2026-05-07,658b7ca1d875e8f3f5688ef7525b0a0b8c533a6b,Executive sites scanned,30387,121,1066,42,28,12,538,20,433,36,2850,70,4153,77
2026-05-07,658b7ca1d875e8f3f5688ef7525b0a0b8c533a6b,Executive live sites,14027,113,1027,42,28,12,504,20,429,36,2583,70,3805,77
2026-05-07,658b7ca1d875e8f3f5688ef7525b0a0b8c533a6b,"Executive live, filtered sites",12714,113,952,42,27,12,475,20,389,36,2371,70,3484,77
2026-05-07,658b7ca1d875e8f3f5688ef7525b0a0b8c533a6b,"Executive live, filtered, non-redirecting sites",8258,112,493,41,24,12,144,19,300,35,1208,67,1696,75
2026-05-07,658b7ca1d875e8f3f5688ef7525b0a0b8c533a6b,Legislative sites scanned,1061,18,0,0,0,0,0,0,0,0,1,1,3,3
2026-05-07,658b7ca1d875e8f3f5688ef7525b0a0b8c533a6b,Legislative live sites,804,15,0,0,0,0,0,0,0,0,1,1,3,3
2026-05-07,658b7ca1d875e8f3f5688ef7525b0a0b8c533a6b,"Legislative live, filtered sites",799,13,0,0,0,0,0,0,0,0,1,1,3,3
2026-05-07,658b7ca1d875e8f3f5688ef7525b0a0b8c533a6b,"Legislative live, filtered, non-redirecting sites",661,12,0,0,0,0,0,0,0,0,1,1,3,3
2026-05-07,658b7ca1d875e8f3f5688ef7525b0a0b8c533a6b,Judicial sites scanned,370,5,3,2,0,0,0,0,3,2,14,2,14,2
2026-05-07,658b7ca1d875e8f3f5688ef7525b0a0b8c533a6b,Judicial live sites,98,5,3,2,0,0,0,0,3,2,14,2,14,2
2026-05-07,658b7ca1d875e8f3f5688ef7525b0a0b8c533a6b,"Judicial live, filtered sites",91,5,2,2,0,0,0,0,2,2,10,2,10,2
2026-05-07,658b7ca1d875e8f3f5688ef7525b0a0b8c533a6b,"Judicial live, filtered, non-redirecting sites",87,5,2,2,0,0,0,0,2,2,7,2,7,2
2026-05-07,658b7ca1d875e8f3f5688ef7525b0a0b8c533a6b,IDEA sites scanned,10400,75,496,33,23,12,214,18,232,26,1028,48,1578,54
2026-05-07,658b7ca1d875e8f3f5688ef7525b0a0b8c533a6b,IDEA live sites,6159,71,495,33,23,12,214,18,231,26,1019,48,1566,54
2026-05-07,658b7ca1d875e8f3f5688ef7525b0a0b8c533a6b,"IDEA live, filtered sites",6000,71,489,33,23,12,211,18,229,26,1005,48,1538,54
2026-05-07,658b7ca1d875e8f3f5688ef7525b0a0b8c533a6b,"IDEA live, filtered, non-redirecting sites",5122,68,360,32,22,12,111,18,204,25,805,46,1170,52
2026-05-08,04602bb29d6c9ebb802885b841c5fd16c51f9816,All sites scanned,31824,145,1073,44,28,12,539,20,436,38,2865,73,4178,82
2026-05-08,04602bb29d6c9ebb802885b841c5fd16c51f9816,All live sites,14933,134,1033,44,28,12,505,20,431,38,2597,73,3829,82
2026-05-08,04602bb29d6c9ebb802885b841c5fd16c51f9816,"All live, filtered sites",13643,132,956,44,27,12,476,20,389,38,2382,73,3505,82
2026-05-08,04602bb29d6c9ebb802885b841c5fd16c51f9816,"All live, filtered, non-redirecting sites",9037,130,494,43,24,12,145,19,300,37,1214,70,1709,80
2026-05-08,04602bb29d6c9ebb802885b841c5fd16c51f9816,Executive sites scanned,30387,121,1070,42,28,12,539,20,433,36,2850,70,4161,77
2026-05-08,04602bb29d6c9ebb802885b841c5fd16c51f9816,Executive live sites,14026,113,1030,42,28,12,505,20,428,36,2582,70,3812,77
2026-05-08,04602bb29d6c9ebb802885b841c5fd16c51f9816,"Executive live, filtered sites",12748,113,954,42,27,12,476,20,387,36,2371,70,3492,77
2026-05-08,04602bb29d6c9ebb802885b841c5fd16c51f9816,"Executive live, filtered, non-redirecting sites",8285,112,492,41,24,12,145,19,298,35,1206,67,1699,75
2026-05-08,04602bb29d6c9ebb802885b841c5fd16c51f9816,Legislative sites scanned,1061,18,0,0,0,0,0,0,0,0,1,1,3,3
2026-05-08,04602bb29d6c9ebb802885b841c5fd16c51f9816,Legislative live sites,804,15,0,0,0,0,0,0,0,0,1,1,3,3
2026-05-08,04602bb29d6c9ebb802885b841c5fd16c51f9816,"Legislative live, filtered sites",799,13,0,0,0,0,0,0,0,0,1,1,3,3
2026-05-08,04602bb29d6c9ebb802885b841c5fd16c51f9816,"Legislative live, filtered, non-redirecting sites",661,12,0,0,0,0,0,0,0,0,1,1,3,3
2026-05-08,04602bb29d6c9ebb802885b841c5fd16c51f9816,Judicial sites scanned,370,5,3,2,0,0,0,0,3,2,14,2,14,2
2026-05-08,04602bb29d6c9ebb802885b841c5fd16c51f9816,Judicial live sites,98,5,3,2,0,0,0,0,3,2,14,2,14,2
2026-05-08,04602bb29d6c9ebb802885b841c5fd16c51f9816,"Judicial live, filtered sites",91,5,2,2,0,0,0,0,2,2,10,2,10,2
2026-05-08,04602bb29d6c9ebb802885b841c5fd16c51f9816,"Judicial live, filtered, non-redirecting sites",87,5,2,2,0,0,0,0,2,2,7,2,7,2
2026-05-08,04602bb29d6c9ebb802885b841c5fd16c51f9816,IDEA sites scanned,10400,75,497,33,23,12,216,18,230,26,1030,48,1586,54
2026-05-08,04602bb29d6c9ebb802885b841c5fd16c51f9816,IDEA live sites,6163,71,496,33,23,12,216,18,229,26,1020,48,1573,54
2026-05-08,04602bb29d6c9ebb802885b841c5fd16c51f9816,"IDEA live, filtered sites",6007,71,490,33,23,12,213,18,227,26,1006,48,1545,54
2026-05-08,04602bb29d6c9ebb802885b841c5fd16c51f9816,"IDEA live, filtered, non-redirecting sites",5126,68,359,32,22,12,112,18,202,25,804,46,1173,52
2026-05-09,c59ff4f2bb83ae3569ede67ea36e5f73de993a42,All sites scanned,31826,145,1064,42,26,12,540,19,420,36,2858,73,4157,82
2026-05-09,c59ff4f2bb83ae3569ede67ea36e5f73de993a42,All live sites,14862,134,1023,42,26,12,506,19,415,36,2588,73,3806,82
2026-05-09,c59ff4f2bb83ae3569ede67ea36e5f73de993a42,"All live, filtered sites",13559,132,951,42,25,12,480,19,375,36,2379,73,3490,82
2026-05-09,c59ff4f2bb83ae3569ede67ea36e5f73de993a42,"All live, filtered, non-redirecting sites",8979,130,492,41,21,12,148,19,296,35,1210,70,1696,80
2026-05-09,c59ff4f2bb83ae3569ede67ea36e5f73de993a42,Executive sites scanned,30389,121,1061,40,26,12,540,19,417,34,2843,70,4140,77
2026-05-09,c59ff4f2bb83ae3569ede67ea36e5f73de993a42,Executive live sites,13955,113,1020,40,26,12,506,19,412,34,2573,70,3789,77
2026-05-09,c59ff4f2bb83ae3569ede67ea36e5f73de993a42,"Executive live, filtered sites",12665,113,949,40,25,12,480,19,373,34,2368,70,3477,77
2026-05-09,c59ff4f2bb83ae3569ede67ea36e5f73de993a42,"Executive live, filtered, non-redirecting sites",8228,112,490,39,21,12,148,19,294,33,1202,67,1686,75
2026-05-09,c59ff4f2bb83ae3569ede67ea36e5f73de993a42,Legislative sites scanned,1061,18,0,0,0,0,0,0,0,0,1,1,3,3
2026-05-09,c59ff4f2bb83ae3569ede67ea36e5f73de993a42,Legislative live sites,805,15,0,0,0,0,0,0,0,0,1,1,3,3
2026-05-09,c59ff4f2bb83ae3569ede67ea36e5f73de993a42,"Legislative live, filtered sites",800,13,0,0,0,0,0,0,0,0,1,1,3,3
2026-05-09,c59ff4f2bb83ae3569ede67ea36e5f73de993a42,"Legislative live, filtered, non-redirecting sites",662,12,0,0,0,0,0,0,0,0,1,1,3,3
2026-05-09,c59ff4f2bb83ae3569ede67ea36e5f73de993a42,Judicial sites scanned,370,5,3,2,0,0,0,0,3,2,14,2,14,2
2026-05-09,c59ff4f2bb83ae3569ede67ea36e5f73de993a42,Judicial live sites,98,5,3,2,0,0,0,0,3,2,14,2,14,2
2026-05-09,c59ff4f2bb83ae3569ede67ea36e5f73de993a42,"Judicial live, filtered sites",91,5,2,2,0,0,0,0,2,2,10,2,10,2
2026-05-09,c59ff4f2bb83ae3569ede67ea36e5f73de993a42,"Judicial live, filtered, non-redirecting sites",87,5,2,2,0,0,0,0,2,2,7,2,7,2
2026-05-09,c59ff4f2bb83ae3569ede67ea36e5f73de993a42,IDEA sites scanned,10400,75,496,31,20,12,217,18,229,24,1027,48,1576,54
2026-05-09,c59ff4f2bb83ae3569ede67ea36e5f73de993a42,IDEA live sites,6152,71,495,31,20,12,217,18,228,24,1017,48,1563,54
2026-05-09,c59ff4f2bb83ae3569ede67ea36e5f73de993a42,"IDEA live, filtered sites",5999,71,490,31,20,12,215,18,226,24,1003,48,1535,54
2026-05-09,c59ff4f2bb83ae3569ede67ea36e5f73de993a42,"IDEA live, filtered, non-redirecting sites",5117,68,357,30,19,12,114,18,199,23,799,46,1163,52
2026-05-10,85d451369e5acedabb71c21eb307b18bd1d97184,All sites scanned,31804,145,1064,42,25,12,539,19,425,36,2858,73,4159,82
2026-05-10,85d451369e5acedabb71c21eb307b18bd1d97184,All live sites,14865,134,1023,42,25,12,505,19,420,36,2589,73,3809,82
2026-05-10,85d451369e5acedabb71c21eb307b18bd1d97184,"All live, filtered sites",13597,132,951,42,24,12,479,19,380,36,2380,73,3493,82
2026-05-10,85d451369e5acedabb71c21eb307b18bd1d97184,"All live, filtered, non-redirecting sites",9015,130,494,41,20,11,146,19,301,35,1212,70,1698,80
2026-05-10,85d451369e5acedabb71c21eb307b18bd1d97184,Executive sites scanned,30367,121,1061,40,25,12,539,19,422,34,2843,70,4142,77
2026-05-10,85d451369e5acedabb71c21eb307b18bd1d97184,Executive live sites,13958,113,1020,40,25,12,505,19,417,34,2574,70,3792,77
2026-05-10,85d451369e5acedabb71c21eb307b18bd1d97184,"Executive live, filtered sites",12702,113,949,40,24,12,479,19,378,34,2369,70,3480,77
2026-05-10,85d451369e5acedabb71c21eb307b18bd1d97184,"Executive live, filtered, non-redirecting sites",8263,112,492,39,20,11,146,19,299,33,1204,67,1688,75
2026-05-10,85d451369e5acedabb71c21eb307b18bd1d97184,Legislative sites scanned,1061,18,0,0,0,0,0,0,0,0,1,1,3,3
2026-05-10,85d451369e5acedabb71c21eb307b18bd1d97184,Legislative live sites,805,15,0,0,0,0,0,0,0,0,1,1,3,3
2026-05-10,85d451369e5acedabb71c21eb307b18bd1d97184,"Legislative live, filtered sites",800,13,0,0,0,0,0,0,0,0,1,1,3,3
2026-05-10,85d451369e5acedabb71c21eb307b18bd1d97184,"Legislative live, filtered, non-redirecting sites",662,12,0,0,0,0,0,0,0,0,1,1,3,3
2026-05-10,85d451369e5acedabb71c21eb307b18bd1d97184,Judicial sites scanned,370,5,3,2,0,0,0,0,3,2,14,2,14,2
2026-05-10,85d451369e5acedabb71c21eb307b18bd1d97184,Judicial live sites,98,5,3,2,0,0,0,0,3,2,14,2,14,2
2026-05-10,85d451369e5acedabb71c21eb307b18bd1d97184,"Judicial live, filtered sites",91,5,2,2,0,0,0,0,2,2,10,2,10,2
2026-05-10,85d451369e5acedabb71c21eb307b18bd1d97184,"Judicial live, filtered, non-redirecting sites",87,5,2,2,0,0,0,0,2,2,7,2,7,2
2026-05-10,85d451369e5acedabb71c21eb307b18bd1d97184,IDEA sites scanned,10400,75,496,31,19,11,215,18,233,24,1026,48,1576,54
2026-05-10,85d451369e5acedabb71c21eb307b18bd1d97184,IDEA live sites,6154,71,495,31,19,11,215,18,232,24,1017,48,1564,54
2026-05-10,85d451369e5acedabb71c21eb307b18bd1d97184,"IDEA live, filtered sites",6001,71,490,31,19,11,213,18,230,24,1003,48,1536,54
2026-05-10,85d451369e5acedabb71c21eb307b18bd1d97184,"IDEA live, filtered, non-redirecting sites",5120,68,358,30,18,11,112,18,203,23,800,46,1164,52
2026-05-11,cb5b1c0d0b53d884ade934d8110fecdccb508f28,All sites scanned,31799,145,1064,42,25,12,539,19,425,36,2858,73,4159,82
2026-05-11,cb5b1c0d0b53d884ade934d8110fecdccb508f28,All live sites,14865,134,1023,42,25,12,505,19,420,36,2589,73,3809,82
2026-05-11,cb5b1c0d0b53d884ade934d8110fecdccb508f28,"All live, filtered sites",13597,132,951,42,24,12,479,19,380,36,2380,73,3493,82
2026-05-11,cb5b1c0d0b53d884ade934d8110fecdccb508f28,"All live, filtered, non-redirecting sites",9015,130,494,41,20,11,146,19,301,35,1212,70,1698,80
2026-05-11,cb5b1c0d0b53d884ade934d8110fecdccb508f28,Executive sites scanned,30362,121,1061,40,25,12,539,19,422,34,2843,70,4142,77
2026-05-11,cb5b1c0d0b53d884ade934d8110fecdccb508f28,Executive live sites,13958,113,1020,40,25,12,505,19,417,34,2574,70,3792,77
2026-05-11,cb5b1c0d0b53d884ade934d8110fecdccb508f28,"Executive live, filtered sites",12702,113,949,40,24,12,479,19,378,34,2369,70,3480,77
2026-05-11,cb5b1c0d0b53d884ade934d8110fecdccb508f28,"Executive live, filtered, non-redirecting sites",8263,112,492,39,20,11,146,19,299,33,1204,67,1688,75
2026-05-11,cb5b1c0d0b53d884ade934d8110fecdccb508f28,Legislative sites scanned,1061,18,0,0,0,0,0,0,0,0,1,1,3,3
2026-05-11,cb5b1c0d0b53d884ade934d8110fecdccb508f28,Legislative live sites,805,15,0,0,0,0,0,0,0,0,1,1,3,3
2026-05-11,cb5b1c0d0b53d884ade934d8110fecdccb508f28,"Legislative live, filtered sites",800,13,0,0,0,0,0,0,0,0,1,1,3,3
2026-05-11,cb5b1c0d0b53d884ade934d8110fecdccb508f28,"Legislative live, filtered, non-redirecting sites",662,12,0,0,0,0,0,0,0,0,1,1,3,3
2026-05-11,cb5b1c0d0b53d884ade934d8110fecdccb508f28,Judicial sites scanned,370,5,3,2,0,0,0,0,3,2,14,2,14,2
2026-05-11,cb5b1c0d0b53d884ade934d8110fecdccb508f28,Judicial live sites,98,5,3,2,0,0,0,0,3,2,14,2,14,2
2026-05-11,cb5b1c0d0b53d884ade934d8110fecdccb508f28,"Judicial live, filtered sites",91,5,2,2,0,0,0,0,2,2,10,2,10,2
2026-05-11,cb5b1c0d0b53d884ade934d8110fecdccb508f28,"Judicial live, filtered, non-redirecting sites",87,5,2,2,0,0,0,0,2,2,7,2,7,2
2026-05-11,cb5b1c0d0b53d884ade934d8110fecdccb508f28,IDEA sites scanned,10400,75,496,31,19,11,215,18,233,24,1026,48,1576,54
2026-05-11,cb5b1c0d0b53d884ade934d8110fecdccb508f28,IDEA live sites,6154,71,495,31,19,11,215,18,232,24,1017,48,1564,54
2026-05-11,cb5b1c0d0b53d884ade934d8110fecdccb508f28,"IDEA live, filtered sites",6001,71,490,31,19,11,213,18,230,24,1003,48,1536,54
2026-05-11,cb5b1c0d0b53d884ade934d8110fecdccb508f28,"IDEA live, filtered, non-redirecting sites",5120,68,358,30,18,11,112,18,203,23,800,46,1164,52
2026-05-12,2a3f01fd073fc6b16f7e88ac04c801ea2a0ca01e,All sites scanned,31842,145,1081,43,26,11,534,19,445,37,2863,73,4185,82
2026-05-12,2a3f01fd073fc6b16f7e88ac04c801ea2a0ca01e,All live sites,14954,134,1040,43,26,11,500,19,440,37,2595,73,3836,82
2026-05-12,2a3f01fd073fc6b16f7e88ac04c801ea2a0ca01e,"All live, filtered sites",13628,132,966,43,25,11,472,19,401,37,2379,73,3511,82
2026-05-12,2a3f01fd073fc6b16f7e88ac04c801ea2a0ca01e,"All live, filtered, non-redirecting sites",9017,130,505,41,20,10,141,18,316,36,1217,69,1721,80
2026-05-12,2a3f01fd073fc6b16f7e88ac04c801ea2a0ca01e,Executive sites scanned,30405,121,1078,41,26,11,534,19,442,35,2848,70,4168,77
2026-05-12,2a3f01fd073fc6b16f7e88ac04c801ea2a0ca01e,Executive live sites,14052,113,1037,41,26,11,500,19,437,35,2580,70,3819,77
2026-05-12,2a3f01fd073fc6b16f7e88ac04c801ea2a0ca01e,"Executive live, filtered sites",12739,113,964,41,25,11,472,19,399,35,2368,70,3498,77
2026-05-12,2a3f01fd073fc6b16f7e88ac04c801ea2a0ca01e,"Executive live, filtered, non-redirecting sites",8269,112,503,39,20,10,141,18,314,34,1209,66,1711,75
2026-05-12,2a3f01fd073fc6b16f7e88ac04c801ea2a0ca01e,Legislative sites scanned,1061,18,0,0,0,0,0,0,0,0,1,1,3,3
2026-05-12,2a3f01fd073fc6b16f7e88ac04c801ea2a0ca01e,Legislative live sites,800,15,0,0,0,0,0,0,0,0,1,1,3,3
2026-05-12,2a3f01fd073fc6b16f7e88ac04c801ea2a0ca01e,"Legislative live, filtered sites",795,13,0,0,0,0,0,0,0,0,1,1,3,3
2026-05-12,2a3f01fd073fc6b16f7e88ac04c801ea2a0ca01e,"Legislative live, filtered, non-redirecting sites",659,12,0,0,0,0,0,0,0,0,1,1,3,3
2026-05-12,2a3f01fd073fc6b16f7e88ac04c801ea2a0ca01e,Judicial sites scanned,370,5,3,2,0,0,0,0,3,2,14,2,14,2
2026-05-12,2a3f01fd073fc6b16f7e88ac04c801ea2a0ca01e,Judicial live sites,97,5,3,2,0,0,0,0,3,2,14,2,14,2
2026-05-12,2a3f01fd073fc6b16f7e88ac04c801ea2a0ca01e,"Judicial live, filtered sites",90,5,2,2,0,0,0,0,2,2,10,2,10,2
2026-05-12,2a3f01fd073fc6b16f7e88ac04c801ea2a0ca01e,"Judicial live, filtered, non-redirecting sites",86,5,2,2,0,0,0,0,2,2,7,2,7,2
2026-05-12,2a3f01fd073fc6b16f7e88ac04c801ea2a0ca01e,IDEA sites scanned,10400,75,505,31,20,10,210,17,244,25,1028,47,1593,54
2026-05-12,2a3f01fd073fc6b16f7e88ac04c801ea2a0ca01e,IDEA live sites,6184,71,504,31,20,10,210,17,243,25,1019,47,1581,54
2026-05-12,2a3f01fd073fc6b16f7e88ac04c801ea2a0ca01e,"IDEA live, filtered sites",6025,71,498,31,20,10,207,17,241,25,1005,47,1553,54
2026-05-12,2a3f01fd073fc6b16f7e88ac04c801ea2a0ca01e,"IDEA live, filtered, non-redirecting sites",5135,68,365,30,18,10,107,17,214,24,801,45,1177,52
2026-05-14,08ce3dc1986a3004be7ff5754cd7ccda1c02e858,All sites scanned,31825,145,1120,43,26,11,536,20,471,37,2860,73,4198,82
2026-05-14,08ce3dc1986a3004be7ff5754cd7ccda1c02e858,All live sites,14884,135,1080,43,26,11,503,20,466,37,2593,73,3850,82
2026-05-14,08ce3dc1986a3004be7ff5754cd7ccda1c02e858,"All live, filtered sites",13570,133,1011,43,25,11,479,20,428,37,2380,73,3530,82
2026-05-14,08ce3dc1986a3004be7ff5754cd7ccda1c02e858,"All live, filtered, non-redirecting sites",8991,131,538,42,20,11,146,19,341,36,1206,70,1730,80
2026-05-14,08ce3dc1986a3004be7ff5754cd7ccda1c02e858,Executive sites scanned,30388,121,1117,41,26,11,536,20,468,35,2845,70,4181,77
2026-05-14,08ce3dc1986a3004be7ff5754cd7ccda1c02e858,Executive live sites,13980,113,1077,41,26,11,503,20,463,35,2578,70,3833,77
2026-05-14,08ce3dc1986a3004be7ff5754cd7ccda1c02e858,"Executive live, filtered sites",12679,113,1009,41,25,11,479,20,426,35,2369,70,3517,77
2026-05-14,08ce3dc1986a3004be7ff5754cd7ccda1c02e858,"Executive live, filtered, non-redirecting sites",8239,112,536,40,20,11,146,19,339,34,1198,67,1720,75
2026-05-14,08ce3dc1986a3004be7ff5754cd7ccda1c02e858,Legislative sites scanned,1061,18,0,0,0,0,0,0,0,0,1,1,3,3
2026-05-14,08ce3dc1986a3004be7ff5754cd7ccda1c02e858,Legislative live sites,802,16,0,0,0,0,0,0,0,0,1,1,3,3
2026-05-14,08ce3dc1986a3004be7ff5754cd7ccda1c02e858,"Legislative live, filtered sites",797,14,0,0,0,0,0,0,0,0,1,1,3,3
2026-05-14,08ce3dc1986a3004be7ff5754cd7ccda1c02e858,"Legislative live, filtered, non-redirecting sites",662,13,0,0,0,0,0,0,0,0,1,1,3,3
2026-05-14,08ce3dc1986a3004be7ff5754cd7ccda1c02e858,Judicial sites scanned,370,5,3,2,0,0,0,0,3,2,14,2,14,2
2026-05-14,08ce3dc1986a3004be7ff5754cd7ccda1c02e858,Judicial live sites,98,5,3,2,0,0,0,0,3,2,14,2,14,2
2026-05-14,08ce3dc1986a3004be7ff5754cd7ccda1c02e858,"Judicial live, filtered sites",91,5,2,2,0,0,0,0,2,2,10,2,10,2
2026-05-14,08ce3dc1986a3004be7ff5754cd7ccda1c02e858,"Judicial live, filtered, non-redirecting sites",87,5,2,2,0,0,0,0,2,2,7,2,7,2
2026-05-14,08ce3dc1986a3004be7ff5754cd7ccda1c02e858,IDEA sites scanned,10400,75,532,32,21,11,209,18,269,25,1029,48,1608,54
2026-05-14,08ce3dc1986a3004be7ff5754cd7ccda1c02e858,IDEA live sites,6163,71,531,32,21,11,209,18,268,25,1020,48,1596,54
2026-05-14,08ce3dc1986a3004be7ff5754cd7ccda1c02e858,"IDEA live, filtered sites",6005,71,526,32,21,11,207,18,266,25,1006,48,1568,54
2026-05-14,08ce3dc1986a3004be7ff5754cd7ccda1c02e858,"IDEA live, filtered, non-redirecting sites",5127,68,392,31,18,11,107,18,239,24,802,46,1197,52
2026-05-15,a6907631cd565f30a0b8a567a2f0e6e4357458c7,All sites scanned,31823,145,1118,43,25,11,538,20,468,37,2858,73,4197,82
2026-05-15,a6907631cd565f30a0b8a567a2f0e6e4357458c7,All live sites,14864,134,1078,43,25,11,505,20,463,37,2590,73,3848,82
2026-05-15,a6907631cd565f30a0b8a567a2f0e6e4357458c7,"All live, filtered sites",13586,132,1008,43,24,11,480,20,425,37,2377,73,3528,82
2026-05-15,a6907631cd565f30a0b8a567a2f0e6e4357458c7,"All live, filtered, non-redirecting sites",9000,130,536,42,20,11,146,19,339,36,1203,70,1726,80
2026-05-15,a6907631cd565f30a0b8a567a2f0e6e4357458c7,Executive sites scanned,30386,121,1115,41,25,11,538,20,465,35,2843,70,4180,77
2026-05-15,a6907631cd565f30a0b8a567a2f0e6e4357458c7,Executive live sites,13960,112,1075,41,25,11,505,20,460,35,2575,70,3831,77
2026-05-15,a6907631cd565f30a0b8a567a2f0e6e4357458c7,"Executive live, filtered sites",12694,112,1006,41,24,11,480,20,423,35,2366,70,3515,77
2026-05-15,a6907631cd565f30a0b8a567a2f0e6e4357458c7,"Executive live, filtered, non-redirecting sites",8247,111,534,40,20,11,146,19,337,34,1195,67,1716,75
2026-05-15,a6907631cd565f30a0b8a567a2f0e6e4357458c7,Legislative sites scanned,1061,18,0,0,0,0,0,0,0,0,1,1,3,3
2026-05-15,a6907631cd565f30a0b8a567a2f0e6e4357458c7,Legislative live sites,802,16,0,0,0,0,0,0,0,0,1,1,3,3
2026-05-15,a6907631cd565f30a0b8a567a2f0e6e4357458c7,"Legislative live, filtered sites",797,14,0,0,0,0,0,0,0,0,1,1,3,3
2026-05-15,a6907631cd565f30a0b8a567a2f0e6e4357458c7,"Legislative live, filtered, non-redirecting sites",662,13,0,0,0,0,0,0,0,0,1,1,3,3
2026-05-15,a6907631cd565f30a0b8a567a2f0e6e4357458c7,Judicial sites scanned,370,5,3,2,0,0,0,0,3,2,14,2,14,2
2026-05-15,a6907631cd565f30a0b8a567a2f0e6e4357458c7,Judicial live sites,98,5,3,2,0,0,0,0,3,2,14,2,14,2
2026-05-15,a6907631cd565f30a0b8a567a2f0e6e4357458c7,"Judicial live, filtered sites",91,5,2,2,0,0,0,0,2,2,10,2,10,2
2026-05-15,a6907631cd565f30a0b8a567a2f0e6e4357458c7,"Judicial live, filtered, non-redirecting sites",87,5,2,2,0,0,0,0,2,2,7,2,7,2
2026-05-15,a6907631cd565f30a0b8a567a2f0e6e4357458c7,IDEA sites scanned,10400,75,532,32,20,11,211,18,268,25,1028,48,1607,54
2026-05-15,a6907631cd565f30a0b8a567a2f0e6e4357458c7,IDEA live sites,6156,70,531,32,20,11,211,18,267,25,1019,48,1595,54
2026-05-15,a6907631cd565f30a0b8a567a2f0e6e4357458c7,"IDEA live, filtered sites",6000,70,526,32,20,11,209,18,265,25,1005,48,1567,54
2026-05-15,a6907631cd565f30a0b8a567a2f0e6e4357458c7,"IDEA live, filtered, non-redirecting sites",5120,67,392,31,18,11,108,18,238,24,802,46,1196,52
2026-05-16,48966641b678f06d3d59cd62d803563a8fc2fd27,All sites scanned,31840,145,1118,43,24,11,538,19,477,37,2849,73,4195,82
2026-05-16,48966641b678f06d3d59cd62d803563a8fc2fd27,All live sites,14857,135,1078,43,24,11,505,19,472,37,2579,73,3843,82
2026-05-16,48966641b678f06d3d59cd62d803563a8fc2fd27,"All live, filtered sites",13531,133,1004,43,23,11,478,19,432,37,2362,73,3517,82
2026-05-16,48966641b678f06d3d59cd62d803563a8fc2fd27,"All live, filtered, non-redirecting sites",8968,131,537,42,20,11,146,19,345,36,1198,70,1727,80
2026-05-16,48966641b678f06d3d59cd62d803563a8fc2fd27,Executive sites scanned,30403,121,1115,41,24,11,538,19,474,35,2834,70,4178,77
2026-05-16,48966641b678f06d3d59cd62d803563a8fc2fd27,Executive live sites,13955,113,1075,41,24,11,505,19,469,35,2564,70,3826,77
2026-05-16,48966641b678f06d3d59cd62d803563a8fc2fd27,"Executive live, filtered sites",12642,113,1002,41,23,11,478,19,430,35,2351,70,3504,77
2026-05-16,48966641b678f06d3d59cd62d803563a8fc2fd27,"Executive live, filtered, non-redirecting sites",8218,112,535,40,20,11,146,19,343,34,1190,67,1717,75
2026-05-16,48966641b678f06d3d59cd62d803563a8fc2fd27,Legislative sites scanned,1061,18,0,0,0,0,0,0,0,0,1,1,3,3
2026-05-16,48966641b678f06d3d59cd62d803563a8fc2fd27,Legislative live sites,801,16,0,0,0,0,0,0,0,0,1,1,3,3
2026-05-16,48966641b678f06d3d59cd62d803563a8fc2fd27,"Legislative live, filtered sites",796,14,0,0,0,0,0,0,0,0,1,1,3,3
2026-05-16,48966641b678f06d3d59cd62d803563a8fc2fd27,"Legislative live, filtered, non-redirecting sites",661,13,0,0,0,0,0,0,0,0,1,1,3,3
2026-05-16,48966641b678f06d3d59cd62d803563a8fc2fd27,Judicial sites scanned,370,5,3,2,0,0,0,0,3,2,14,2,14,2
2026-05-16,48966641b678f06d3d59cd62d803563a8fc2fd27,Judicial live sites,97,5,3,2,0,0,0,0,3,2,14,2,14,2
2026-05-16,48966641b678f06d3d59cd62d803563a8fc2fd27,"Judicial live, filtered sites",90,5,2,2,0,0,0,0,2,2,10,2,10,2
2026-05-16,48966641b678f06d3d59cd62d803563a8fc2fd27,"Judicial live, filtered, non-redirecting sites",86,5,2,2,0,0,0,0,2,2,7,2,7,2
2026-05-16,48966641b678f06d3d59cd62d803563a8fc2fd27,IDEA sites scanned,10400,75,535,32,19,11,216,18,272,25,1025,48,1609,54
2026-05-16,48966641b678f06d3d59cd62d803563a8fc2fd27,IDEA live sites,6153,70,534,32,19,11,216,18,271,25,1014,48,1594,54
2026-05-16,48966641b678f06d3d59cd62d803563a8fc2fd27,"IDEA live, filtered sites",5994,70,528,32,19,11,213,18,269,25,1000,48,1566,54
2026-05-16,48966641b678f06d3d59cd62d803563a8fc2fd27,"IDEA live, filtered, non-redirecting sites",5119,67,395,31,18,11,111,18,242,24,800,46,1198,52
2026-05-17,1ece60a198e5e5ddbac225ae3e9c85bcf4bf6e71,All sites scanned,31828,145,1125,44,25,11,540,19,482,38,2846,73,4194,82
2026-05-17,1ece60a198e5e5ddbac225ae3e9c85bcf4bf6e71,All live sites,14844,135,1085,44,25,11,507,19,477,38,2575,73,3841,82
2026-05-17,1ece60a198e5e5ddbac225ae3e9c85bcf4bf6e71,"All live, filtered sites",13549,133,1010,44,24,11,479,19,437,38,2358,73,3515,82
2026-05-17,1ece60a198e5e5ddbac225ae3e9c85bcf4bf6e71,"All live, filtered, non-redirecting sites",8990,131,540,42,20,11,146,19,348,36,1199,70,1728,80
2026-05-17,1ece60a198e5e5ddbac225ae3e9c85bcf4bf6e71,Executive sites scanned,30391,121,1122,42,25,11,540,19,479,36,2831,70,4177,77
2026-05-17,1ece60a198e5e5ddbac225ae3e9c85bcf4bf6e71,Executive live sites,13942,113,1082,42,25,11,507,19,474,36,2560,70,3824,77
2026-05-17,1ece60a198e5e5ddbac225ae3e9c85bcf4bf6e71,"Executive live, filtered sites",12659,113,1008,42,24,11,479,19,435,36,2347,70,3502,77
2026-05-17,1ece60a198e5e5ddbac225ae3e9c85bcf4bf6e71,"Executive live, filtered, non-redirecting sites",8239,112,538,40,20,11,146,19,346,34,1191,67,1718,75
2026-05-17,1ece60a198e5e5ddbac225ae3e9c85bcf4bf6e71,Legislative sites scanned,1061,18,0,0,0,0,0,0,0,0,1,1,3,3
2026-05-17,1ece60a198e5e5ddbac225ae3e9c85bcf4bf6e71,Legislative live sites,801,16,0,0,0,0,0,0,0,0,1,1,3,3
2026-05-17,1ece60a198e5e5ddbac225ae3e9c85bcf4bf6e71,"Legislative live, filtered sites",796,14,0,0,0,0,0,0,0,0,1,1,3,3
2026-05-17,1ece60a198e5e5ddbac225ae3e9c85bcf4bf6e71,"Legislative live, filtered, non-redirecting sites",661,13,0,0,0,0,0,0,0,0,1,1,3,3
2026-05-17,1ece60a198e5e5ddbac225ae3e9c85bcf4bf6e71,Judicial sites scanned,370,5,3,2,0,0,0,0,3,2,14,2,14,2
2026-05-17,1ece60a198e5e5ddbac225ae3e9c85bcf4bf6e71,Judicial live sites,97,5,3,2,0,0,0,0,3,2,14,2,14,2
2026-05-17,1ece60a198e5e5ddbac225ae3e9c85bcf4bf6e71,"Judicial live, filtered sites",90,5,2,2,0,0,0,0,2,2,10,2,10,2
2026-05-17,1ece60a198e5e5ddbac225ae3e9c85bcf4bf6e71,"Judicial live, filtered, non-redirecting sites",86,5,2,2,0,0,0,0,2,2,7,2,7,2
2026-05-17,1ece60a198e5e5ddbac225ae3e9c85bcf4bf6e71,IDEA sites scanned,10400,75,539,33,20,11,216,18,275,26,1027,48,1613,54
2026-05-17,1ece60a198e5e5ddbac225ae3e9c85bcf4bf6e71,IDEA live sites,6153,71,538,33,20,11,216,18,274,26,1015,48,1597,54
2026-05-17,1ece60a198e5e5ddbac225ae3e9c85bcf4bf6e71,"IDEA live, filtered sites",5996,71,532,33,20,11,213,18,272,26,1001,48,1569,54
2026-05-17,1ece60a198e5e5ddbac225ae3e9c85bcf4bf6e71,"IDEA live, filtered, non-redirecting sites",5120,68,397,31,18,11,111,18,244,24,801,46,1200,52
2026-05-19,493aa3f900f44471fd4704dda3802258aa16b651,All sites scanned,31859,145,1074,44,26,11,538,19,428,38,2828,71,4137,80
2026-05-19,493aa3f900f44471fd4704dda3802258aa16b651,All live sites,14920,134,1033,44,26,11,505,19,423,38,2559,71,3785,80
2026-05-19,493aa3f900f44471fd4704dda3802258aa16b651,"All live, filtered sites",13566,132,958,44,25,11,478,19,382,38,2343,71,3460,80
2026-05-19,493aa3f900f44471fd4704dda3802258aa16b651,"All live, filtered, non-redirecting sites",8951,131,492,42,20,11,148,19,295,36,1184,67,1663,78
2026-05-19,493aa3f900f44471fd4704dda3802258aa16b651,Executive sites scanned,30421,121,1071,42,26,11,538,19,425,36,2816,69,4123,76
2026-05-19,493aa3f900f44471fd4704dda3802258aa16b651,Executive live sites,14014,112,1030,42,26,11,505,19,420,36,2547,69,3771,76
2026-05-19,493aa3f900f44471fd4704dda3802258aa16b651,"Executive live, filtered sites",12673,112,956,42,25,11,478,19,380,36,2335,69,3450,76
2026-05-19,493aa3f900f44471fd4704dda3802258aa16b651,"Executive live, filtered, non-redirecting sites",8198,111,490,40,20,11,148,19,293,34,1179,65,1656,74
2026-05-19,493aa3f900f44471fd4704dda3802258aa16b651,Legislative sites scanned,1062,18,0,0,0,0,0,0,0,0,0,0,2,2
2026-05-19,493aa3f900f44471fd4704dda3802258aa16b651,Legislative live sites,807,16,0,0,0,0,0,0,0,0,0,0,2,2
2026-05-19,493aa3f900f44471fd4704dda3802258aa16b651,"Legislative live, filtered sites",802,14,0,0,0,0,0,0,0,0,0,0,2,2
2026-05-19,493aa3f900f44471fd4704dda3802258aa16b651,"Legislative live, filtered, non-redirecting sites",666,14,0,0,0,0,0,0,0,0,0,0,2,2
2026-05-19,493aa3f900f44471fd4704dda3802258aa16b651,Judicial sites scanned,370,5,3,2,0,0,0,0,3,2,12,2,12,2
2026-05-19,493aa3f900f44471fd4704dda3802258aa16b651,Judicial live sites,95,5,3,2,0,0,0,0,3,2,12,2,12,2
2026-05-19,493aa3f900f44471fd4704dda3802258aa16b651,"Judicial live, filtered sites",88,5,2,2,0,0,0,0,2,2,8,2,8,2
2026-05-19,493aa3f900f44471fd4704dda3802258aa16b651,"Judicial live, filtered, non-redirecting sites",84,5,2,2,0,0,0,0,2,2,5,2,5,2
2026-05-19,493aa3f900f44471fd4704dda3802258aa16b651,IDEA sites scanned,10400,75,497,33,21,11,216,18,228,26,1032,47,1570,54
2026-05-19,493aa3f900f44471fd4704dda3802258aa16b651,IDEA live sites,6183,71,496,33,21,11,216,18,227,26,1023,47,1558,54
2026-05-19,493aa3f900f44471fd4704dda3802258aa16b651,"IDEA live, filtered sites",6024,71,490,33,21,11,213,18,225,26,1009,47,1530,54
2026-05-19,493aa3f900f44471fd4704dda3802258aa16b651,"IDEA live, filtered, non-redirecting sites",5126,68,353,31,18,11,111,18,197,24,806,45,1158,52
2026-05-20,a4c965f5e8a2b6163e968f4fa94f0e86b535c547,All sites scanned,31879,145,1078,43,27,11,540,19,427,37,2835,71,4148,80
2026-05-20,a4c965f5e8a2b6163e968f4fa94f0e86b535c547,All live sites,14976,134,1037,43,27,11,507,19,422,37,2566,71,3796,80
2026-05-20,a4c965f5e8a2b6163e968f4fa94f0e86b535c547,"All live, filtered sites",13649,132,961,43,26,11,480,19,380,37,2349,71,3470,80
2026-05-20,a4c965f5e8a2b6163e968f4fa94f0e86b535c547,"All live, filtered, non-redirecting sites",9009,131,493,42,21,11,148,19,295,36,1183,67,1664,78
2026-05-20,a4c965f5e8a2b6163e968f4fa94f0e86b535c547,Executive sites scanned,30441,121,1075,41,27,11,540,19,424,35,2823,69,4134,76
2026-05-20,a4c965f5e8a2b6163e968f4fa94f0e86b535c547,Executive live sites,14070,112,1034,41,27,11,507,19,419,35,2554,69,3782,76
2026-05-20,a4c965f5e8a2b6163e968f4fa94f0e86b535c547,"Executive live, filtered sites",12755,112,959,41,26,11,480,19,378,35,2341,69,3460,76
2026-05-20,a4c965f5e8a2b6163e968f4fa94f0e86b535c547,"Executive live, filtered, non-redirecting sites",8255,111,491,40,21,11,148,19,293,34,1178,65,1657,74
2026-05-20,a4c965f5e8a2b6163e968f4fa94f0e86b535c547,Legislative sites scanned,1062,18,0,0,0,0,0,0,0,0,0,0,2,2
2026-05-20,a4c965f5e8a2b6163e968f4fa94f0e86b535c547,Legislative live sites,807,16,0,0,0,0,0,0,0,0,0,0,2,2
2026-05-20,a4c965f5e8a2b6163e968f4fa94f0e86b535c547,"Legislative live, filtered sites",802,14,0,0,0,0,0,0,0,0,0,0,2,2
2026-05-20,a4c965f5e8a2b6163e968f4fa94f0e86b535c547,"Legislative live, filtered, non-redirecting sites",666,14,0,0,0,0,0,0,0,0,0,0,2,2
2026-05-20,a4c965f5e8a2b6163e968f4fa94f0e86b535c547,Judicial sites scanned,370,5,3,2,0,0,0,0,3,2,12,2,12,2
2026-05-20,a4c965f5e8a2b6163e968f4fa94f0e86b535c547,Judicial live sites,95,5,3,2,0,0,0,0,3,2,12,2,12,2
2026-05-20,a4c965f5e8a2b6163e968f4fa94f0e86b535c547,"Judicial live, filtered sites",88,5,2,2,0,0,0,0,2,2,8,2,8,2
2026-05-20,a4c965f5e8a2b6163e968f4fa94f0e86b535c547,"Judicial live, filtered, non-redirecting sites",84,5,2,2,0,0,0,0,2,2,5,2,5,2
2026-05-20,a4c965f5e8a2b6163e968f4fa94f0e86b535c547,IDEA sites scanned,10400,75,498,32,22,11,216,18,227,25,1038,47,1575,54
2026-05-20,a4c965f5e8a2b6163e968f4fa94f0e86b535c547,IDEA live sites,6209,71,497,32,22,11,216,18,226,25,1029,47,1563,54
2026-05-20,a4c965f5e8a2b6163e968f4fa94f0e86b535c547,"IDEA live, filtered sites",6051,71,491,32,22,11,213,18,224,25,1015,47,1535,54
2026-05-20,a4c965f5e8a2b6163e968f4fa94f0e86b535c547,"IDEA live, filtered, non-redirecting sites",5151,68,354,31,19,11,111,18,197,24,810,45,1162,52
2026-05-21,79a05480f8cff8ca536ac8530b455bc5be01fe72,All sites scanned,31887,145,1129,43,28,11,546,19,478,37,2842,72,4220,81
2026-05-21,79a05480f8cff8ca536ac8530b455bc5be01fe72,All live sites,15254,133,1088,43,28,11,513,19,473,37,2572,72,3866,81
2026-05-21,79a05480f8cff8ca536ac8530b455bc5be01fe72,"All live, filtered sites",13879,131,1015,43,27,11,487,19,433,37,2361,72,3546,81
2026-05-21,79a05480f8cff8ca536ac8530b455bc5be01fe72,"All live, filtered, non-redirecting sites",9345,129,546,42,22,11,149,19,348,36,1189,68,1719,79
2026-05-21,79a05480f8cff8ca536ac8530b455bc5be01fe72,Executive sites scanned,30449,121,1126,41,28,11,546,19,475,35,2828,69,4204,76
2026-05-21,79a05480f8cff8ca536ac8530b455bc5be01fe72,Executive live sites,14355,112,1085,41,28,11,513,19,470,35,2558,69,3850,76
2026-05-21,79a05480f8cff8ca536ac8530b455bc5be01fe72,"Executive live, filtered sites",12993,112,1013,41,27,11,487,19,431,35,2351,69,3534,76
2026-05-21,79a05480f8cff8ca536ac8530b455bc5be01fe72,"Executive live, filtered, non-redirecting sites",8598,111,544,40,22,11,149,19,346,34,1182,65,1710,74
2026-05-21,79a05480f8cff8ca536ac8530b455bc5be01fe72,Legislative sites scanned,1062,18,0,0,0,0,0,0,0,0,1,1,3,3
2026-05-21,79a05480f8cff8ca536ac8530b455bc5be01fe72,Legislative live sites,799,15,0,0,0,0,0,0,0,0,1,1,3,3
2026-05-21,79a05480f8cff8ca536ac8530b455bc5be01fe72,"Legislative live, filtered sites",794,13,0,0,0,0,0,0,0,0,1,1,3,3
2026-05-21,79a05480f8cff8ca536ac8530b455bc5be01fe72,"Legislative live, filtered, non-redirecting sites",659,12,0,0,0,0,0,0,0,0,1,1,3,3
2026-05-21,79a05480f8cff8ca536ac8530b455bc5be01fe72,Judicial sites scanned,370,5,3,2,0,0,0,0,3,2,13,2,13,2
2026-05-21,79a05480f8cff8ca536ac8530b455bc5be01fe72,Judicial live sites,97,5,3,2,0,0,0,0,3,2,13,2,13,2
2026-05-21,79a05480f8cff8ca536ac8530b455bc5be01fe72,"Judicial live, filtered sites",90,5,2,2,0,0,0,0,2,2,9,2,9,2
2026-05-21,79a05480f8cff8ca536ac8530b455bc5be01fe72,"Judicial live, filtered, non-redirecting sites",86,5,2,2,0,0,0,0,2,2,6,2,6,2
2026-05-21,79a05480f8cff8ca536ac8530b455bc5be01fe72,IDEA sites scanned,10400,75,543,32,23,11,216,18,275,25,1044,47,1625,54
2026-05-21,79a05480f8cff8ca536ac8530b455bc5be01fe72,IDEA live sites,6326,71,542,32,23,11,216,18,274,25,1035,47,1613,54
2026-05-21,79a05480f8cff8ca536ac8530b455bc5be01fe72,"IDEA live, filtered sites",6162,71,537,32,23,11,214,18,272,25,1021,47,1585,54
2026-05-21,79a05480f8cff8ca536ac8530b455bc5be01fe72,"IDEA live, filtered, non-redirecting sites",5259,68,402,31,20,11,113,18,244,24,815,45,1210,52
2026-05-22,3d95dc82cbff8d3ef2dcf615ca3399cebccee5d3,All sites scanned,31885,145,1125,43,27,11,547,19,475,37,2835,72,4211,81
2026-05-22,3d95dc82cbff8d3ef2dcf615ca3399cebccee5d3,All live sites,15272,133,1084,43,27,11,514,19,470,37,2566,72,3858,81
2026-05-22,3d95dc82cbff8d3ef2dcf615ca3399cebccee5d3,"All live, filtered sites",13932,131,1012,43,26,11,487,19,432,37,2356,72,3539,81
2026-05-22,3d95dc82cbff8d3ef2dcf615ca3399cebccee5d3,"All live, filtered, non-redirecting sites",9399,129,543,42,21,11,150,19,345,36,1186,68,1716,79
2026-05-22,3d95dc82cbff8d3ef2dcf615ca3399cebccee5d3,Executive sites scanned,30447,121,1122,41,27,11,547,19,472,35,2821,69,4195,76
2026-05-22,3d95dc82cbff8d3ef2dcf615ca3399cebccee5d3,Executive live sites,14373,112,1081,41,27,11,514,19,467,35,2552,69,3842,76
2026-05-22,3d95dc82cbff8d3ef2dcf615ca3399cebccee5d3,"Executive live, filtered sites",13045,112,1010,41,26,11,487,19,430,35,2346,69,3527,76
2026-05-22,3d95dc82cbff8d3ef2dcf615ca3399cebccee5d3,"Executive live, filtered, non-redirecting sites",8651,111,541,40,21,11,150,19,343,34,1179,65,1707,74
2026-05-22,3d95dc82cbff8d3ef2dcf615ca3399cebccee5d3,Legislative sites scanned,1062,18,0,0,0,0,0,0,0,0,1,1,3,3
2026-05-22,3d95dc82cbff8d3ef2dcf615ca3399cebccee5d3,Legislative live sites,799,15,0,0,0,0,0,0,0,0,1,1,3,3
2026-05-22,3d95dc82cbff8d3ef2dcf615ca3399cebccee5d3,"Legislative live, filtered sites",794,13,0,0,0,0,0,0,0,0,1,1,3,3
2026-05-22,3d95dc82cbff8d3ef2dcf615ca3399cebccee5d3,"Legislative live, filtered, non-redirecting sites",659,12,0,0,0,0,0,0,0,0,1,1,3,3
2026-05-22,3d95dc82cbff8d3ef2dcf615ca3399cebccee5d3,Judicial sites scanned,370,5,3,2,0,0,0,0,3,2,13,2,13,2
2026-05-22,3d95dc82cbff8d3ef2dcf615ca3399cebccee5d3,Judicial live sites,97,5,3,2,0,0,0,0,3,2,13,2,13,2
2026-05-22,3d95dc82cbff8d3ef2dcf615ca3399cebccee5d3,"Judicial live, filtered sites",90,5,2,2,0,0,0,0,2,2,9,2,9,2
2026-05-22,3d95dc82cbff8d3ef2dcf615ca3399cebccee5d3,"Judicial live, filtered, non-redirecting sites",86,5,2,2,0,0,0,0,2,2,6,2,6,2
2026-05-22,3d95dc82cbff8d3ef2dcf615ca3399cebccee5d3,IDEA sites scanned,10400,75,543,32,22,11,217,18,275,25,1043,47,1624,54
2026-05-22,3d95dc82cbff8d3ef2dcf615ca3399cebccee5d3,IDEA live sites,6332,71,542,32,22,11,217,18,274,25,1035,47,1613,54
2026-05-22,3d95dc82cbff8d3ef2dcf615ca3399cebccee5d3,"IDEA live, filtered sites",6171,71,537,32,22,11,215,18,272,25,1021,47,1585,54
2026-05-22,3d95dc82cbff8d3ef2dcf615ca3399cebccee5d3,"IDEA live, filtered, non-redirecting sites",5265,68,401,31,19,11,114,18,243,24,813,45,1208,52
2026-05-23,672fc06f9852c7f4c04a48e914dfffe8021ea062,All sites scanned,31890,145,1131,43,26,11,547,19,479,37,2832,71,4211,80
2026-05-23,672fc06f9852c7f4c04a48e914dfffe8021ea062,All live sites,14973,134,1090,43,26,11,514,19,474,37,2562,71,3859,80
2026-05-23,672fc06f9852c7f4c04a48e914dfffe8021ea062,"All live, filtered sites",13642,132,1014,43,25,11,486,19,433,37,2346,71,3536,80
2026-05-23,672fc06f9852c7f4c04a48e914dfffe8021ea062,"All live, filtered, non-redirecting sites",9247,129,545,42,20,11,155,19,343,36,1183,66,1720,77
2026-05-23,672fc06f9852c7f4c04a48e914dfffe8021ea062,Executive sites scanned,30453,121,1128,41,26,11,547,19,476,35,2818,68,4195,75
2026-05-23,672fc06f9852c7f4c04a48e914dfffe8021ea062,Executive live sites,14072,112,1087,41,26,11,514,19,471,35,2548,68,3843,75
2026-05-23,672fc06f9852c7f4c04a48e914dfffe8021ea062,"Executive live, filtered sites",12754,112,1012,41,25,11,486,19,431,35,2336,68,3524,75
2026-05-23,672fc06f9852c7f4c04a48e914dfffe8021ea062,"Executive live, filtered, non-redirecting sites",8498,110,543,40,20,11,155,19,341,34,1176,63,1711,72
2026-05-23,672fc06f9852c7f4c04a48e914dfffe8021ea062,Legislative sites scanned,1061,18,0,0,0,0,0,0,0,0,1,1,3,3
2026-05-23,672fc06f9852c7f4c04a48e914dfffe8021ea062,Legislative live sites,801,16,0,0,0,0,0,0,0,0,1,1,3,3
2026-05-23,672fc06f9852c7f4c04a48e914dfffe8021ea062,"Legislative live, filtered sites",796,14,0,0,0,0,0,0,0,0,1,1,3,3
2026-05-23,672fc06f9852c7f4c04a48e914dfffe8021ea062,"Legislative live, filtered, non-redirecting sites",661,13,0,0,0,0,0,0,0,0,1,1,3,3
2026-05-23,672fc06f9852c7f4c04a48e914dfffe8021ea062,Judicial sites scanned,370,5,3,2,0,0,0,0,3,2,13,2,13,2
2026-05-23,672fc06f9852c7f4c04a48e914dfffe8021ea062,Judicial live sites,97,5,3,2,0,0,0,0,3,2,13,2,13,2
2026-05-23,672fc06f9852c7f4c04a48e914dfffe8021ea062,"Judicial live, filtered sites",90,5,2,2,0,0,0,0,2,2,9,2,9,2
2026-05-23,672fc06f9852c7f4c04a48e914dfffe8021ea062,"Judicial live, filtered, non-redirecting sites",86,5,2,2,0,0,0,0,2,2,6,2,6,2
2026-05-23,672fc06f9852c7f4c04a48e914dfffe8021ea062,IDEA sites scanned,10400,75,548,32,21,11,220,18,277,25,1041,47,1630,54
2026-05-23,672fc06f9852c7f4c04a48e914dfffe8021ea062,IDEA live sites,6234,71,547,32,21,11,220,18,276,25,1033,47,1619,54
2026-05-23,672fc06f9852c7f4c04a48e914dfffe8021ea062,"IDEA live, filtered sites",6076,71,541,32,21,11,217,18,274,25,1019,47,1591,54
2026-05-23,672fc06f9852c7f4c04a48e914dfffe8021ea062,"IDEA live, filtered, non-redirecting sites",5184,68,401,31,18,11,115,18,243,24,814,45,1216,52
2026-05-24,49752cb278cadeac8cf00cad6c12e021dd260075,All sites scanned,31882,145,1130,43,26,11,546,19,480,37,2833,70,4209,80
2026-05-24,49752cb278cadeac8cf00cad6c12e021dd260075,All live sites,14902,134,1089,43,26,11,513,19,475,37,2561,70,3855,80
2026-05-24,49752cb278cadeac8cf00cad6c12e021dd260075,"All live, filtered sites",13620,132,1014,43,25,11,486,19,434,37,2348,70,3536,80
2026-05-24,49752cb278cadeac8cf00cad6c12e021dd260075,"All live, filtered, non-redirecting sites",9238,129,547,42,21,11,154,19,345,36,1188,65,1723,77
2026-05-24,49752cb278cadeac8cf00cad6c12e021dd260075,Executive sites scanned,30445,121,1127,41,26,11,546,19,477,35,2819,67,4193,75
2026-05-24,49752cb278cadeac8cf00cad6c12e021dd260075,Executive live sites,14001,112,1086,41,26,11,513,19,472,35,2547,67,3839,75
2026-05-24,49752cb278cadeac8cf00cad6c12e021dd260075,"Executive live, filtered sites",12731,112,1012,41,25,11,486,19,432,35,2338,67,3524,75
2026-05-24,49752cb278cadeac8cf00cad6c12e021dd260075,"Executive live, filtered, non-redirecting sites",8488,110,545,40,21,11,154,19,343,34,1181,62,1714,72
2026-05-24,49752cb278cadeac8cf00cad6c12e021dd260075,Legislative sites scanned,1061,18,0,0,0,0,0,0,0,0,1,1,3,3
2026-05-24,49752cb278cadeac8cf00cad6c12e021dd260075,Legislative live sites,801,16,0,0,0,0,0,0,0,0,1,1,3,3
2026-05-24,49752cb278cadeac8cf00cad6c12e021dd260075,"Legislative live, filtered sites",796,14,0,0,0,0,0,0,0,0,1,1,3,3
2026-05-24,49752cb278cadeac8cf00cad6c12e021dd260075,"Legislative live, filtered, non-redirecting sites",661,13,0,0,0,0,0,0,0,0,1,1,3,3
2026-05-24,49752cb278cadeac8cf00cad6c12e021dd260075,Judicial sites scanned,370,5,3,2,0,0,0,0,3,2,13,2,13,2
2026-05-24,49752cb278cadeac8cf00cad6c12e021dd260075,Judicial live sites,97,5,3,2,0,0,0,0,3,2,13,2,13,2
2026-05-24,49752cb278cadeac8cf00cad6c12e021dd260075,"Judicial live, filtered sites",90,5,2,2,0,0,0,0,2,2,9,2,9,2
2026-05-24,49752cb278cadeac8cf00cad6c12e021dd260075,"Judicial live, filtered, non-redirecting sites",86,5,2,2,0,0,0,0,2,2,6,2,6,2
2026-05-24,49752cb278cadeac8cf00cad6c12e021dd260075,IDEA sites scanned,10400,75,547,32,21,11,219,18,278,25,1039,46,1627,54
2026-05-24,49752cb278cadeac8cf00cad6c12e021dd260075,IDEA live sites,6210,71,546,32,21,11,219,18,277,25,1030,46,1615,54
2026-05-24,49752cb278cadeac8cf00cad6c12e021dd260075,"IDEA live, filtered sites",6056,71,540,32,21,11,216,18,275,25,1016,46,1588,54
2026-05-24,49752cb278cadeac8cf00cad6c12e021dd260075,"IDEA live, filtered, non-redirecting sites",5165,68,402,31,19,11,114,18,244,24,813,44,1214,52
2026-05-25,9adc867d48611e16d7591c768e7a2048fc46c444,All sites scanned,31866,145,1130,43,26,11,546,19,480,37,2833,70,4209,80
2026-05-25,9adc867d48611e16d7591c768e7a2048fc46c444,All live sites,14901,134,1089,43,26,11,513,19,475,37,2561,70,3855,80
2026-05-25,9adc867d48611e16d7591c768e7a2048fc46c444,"All live, filtered sites",13619,132,1014,43,25,11,486,19,434,37,2348,70,3536,80
2026-05-25,9adc867d48611e16d7591c768e7a2048fc46c444,"All live, filtered, non-redirecting sites",9238,129,547,42,21,11,154,19,345,36,1188,65,1723,77
2026-05-25,9adc867d48611e16d7591c768e7a2048fc46c444,Executive sites scanned,30429,121,1127,41,26,11,546,19,477,35,2819,67,4193,75
2026-05-25,9adc867d48611e16d7591c768e7a2048fc46c444,Executive live sites,14000,112,1086,41,26,11,513,19,472,35,2547,67,3839,75
2026-05-25,9adc867d48611e16d7591c768e7a2048fc46c444,"Executive live, filtered sites",12730,112,1012,41,25,11,486,19,432,35,2338,67,3524,75
2026-05-25,9adc867d48611e16d7591c768e7a2048fc46c444,"Executive live, filtered, non-redirecting sites",8488,110,545,40,21,11,154,19,343,34,1181,62,1714,72
2026-05-25,9adc867d48611e16d7591c768e7a2048fc46c444,Legislative sites scanned,1061,18,0,0,0,0,0,0,0,0,1,1,3,3
2026-05-25,9adc867d48611e16d7591c768e7a2048fc46c444,Legislative live sites,801,16,0,0,0,0,0,0,0,0,1,1,3,3
2026-05-25,9adc867d48611e16d7591c768e7a2048fc46c444,"Legislative live, filtered sites",796,14,0,0,0,0,0,0,0,0,1,1,3,3
2026-05-25,9adc867d48611e16d7591c768e7a2048fc46c444,"Legislative live, filtered, non-redirecting sites",661,13,0,0,0,0,0,0,0,0,1,1,3,3
2026-05-25,9adc867d48611e16d7591c768e7a2048fc46c444,Judicial sites scanned,370,5,3,2,0,0,0,0,3,2,13,2,13,2
2026-05-25,9adc867d48611e16d7591c768e7a2048fc46c444,Judicial live sites,97,5,3,2,0,0,0,0,3,2,13,2,13,2
2026-05-25,9adc867d48611e16d7591c768e7a2048fc46c444,"Judicial live, filtered sites",90,5,2,2,0,0,0,0,2,2,9,2,9,2
2026-05-25,9adc867d48611e16d7591c768e7a2048fc46c444,"Judicial live, filtered, non-redirecting sites",86,5,2,2,0,0,0,0,2,2,6,2,6,2
2026-05-25,9adc867d48611e16d7591c768e7a2048fc46c444,IDEA sites scanned,10400,75,547,32,21,11,219,18,278,25,1039,46,1627,54
2026-05-25,9adc867d48611e16d7591c768e7a2048fc46c444,IDEA live sites,6210,71,546,32,21,11,219,18,277,25,1030,46,1615,54
2026-05-25,9adc867d48611e16d7591c768e7a2048fc46c444,"IDEA live, filtered sites",6056,71,540,32,21,11,216,18,275,25,1016,46,1588,54
2026-05-25,9adc867d48611e16d7591c768e7a2048fc46c444,"IDEA live, filtered, non-redirecting sites",5165,68,402,31,19,11,114,18,244,24,813,44,1214,52
2026-05-26,24d2890906149aa79a9203456e035654f2f504c2,All sites scanned,31907,145,1108,43,26,11,531,19,478,37,2848,72,4227,82
2026-05-26,24d2890906149aa79a9203456e035654f2f504c2,All live sites,14948,135,1069,43,26,11,499,19,473,37,2576,72,3872,82
2026-05-26,24d2890906149aa79a9203456e035654f2f504c2,"All live, filtered sites",13635,133,997,43,25,11,474,19,433,37,2366,72,3555,82
2026-05-26,24d2890906149aa79a9203456e035654f2f504c2,"All live, filtered, non-redirecting sites",9238,131,541,42,22,11,148,19,346,36,1212,69,1742,80
2026-05-26,24d2890906149aa79a9203456e035654f2f504c2,Executive sites scanned,30469,121,1105,41,26,11,531,19,475,35,2832,68,4209,76
2026-05-26,24d2890906149aa79a9203456e035654f2f504c2,Executive live sites,14039,113,1066,41,26,11,499,19,470,35,2560,68,3854,76
2026-05-26,24d2890906149aa79a9203456e035654f2f504c2,"Executive live, filtered sites",12739,113,995,41,25,11,474,19,431,35,2354,68,3541,76
2026-05-26,24d2890906149aa79a9203456e035654f2f504c2,"Executive live, filtered, non-redirecting sites",8484,112,539,40,22,11,148,19,344,34,1203,65,1731,74
2026-05-26,24d2890906149aa79a9203456e035654f2f504c2,Legislative sites scanned,1061,18,0,0,0,0,0,0,0,0,2,2,4,4
2026-05-26,24d2890906149aa79a9203456e035654f2f504c2,Legislative live sites,808,16,0,0,0,0,0,0,0,0,2,2,4,4
2026-05-26,24d2890906149aa79a9203456e035654f2f504c2,"Legislative live, filtered sites",803,14,0,0,0,0,0,0,0,0,2,2,4,4
2026-05-26,24d2890906149aa79a9203456e035654f2f504c2,"Legislative live, filtered, non-redirecting sites",665,13,0,0,0,0,0,0,0,0,2,2,4,4
2026-05-26,24d2890906149aa79a9203456e035654f2f504c2,Judicial sites scanned,371,5,3,2,0,0,0,0,3,2,14,2,14,2
2026-05-26,24d2890906149aa79a9203456e035654f2f504c2,Judicial live sites,98,5,3,2,0,0,0,0,3,2,14,2,14,2
2026-05-26,24d2890906149aa79a9203456e035654f2f504c2,"Judicial live, filtered sites",91,5,2,2,0,0,0,0,2,2,10,2,10,2
2026-05-26,24d2890906149aa79a9203456e035654f2f504c2,"Judicial live, filtered, non-redirecting sites",87,5,2,2,0,0,0,0,2,2,7,2,7,2
2026-05-26,24d2890906149aa79a9203456e035654f2f504c2,IDEA sites scanned,10400,75,541,32,21,11,214,18,278,25,1044,47,1628,54
2026-05-26,24d2890906149aa79a9203456e035654f2f504c2,IDEA live sites,6207,71,540,32,21,11,214,18,277,25,1034,47,1615,54
2026-05-26,24d2890906149aa79a9203456e035654f2f504c2,"IDEA live, filtered sites",6050,71,536,32,21,11,213,18,275,25,1020,47,1588,54
2026-05-26,24d2890906149aa79a9203456e035654f2f504c2,"IDEA live, filtered, non-redirecting sites",5153,68,398,31,20,11,112,18,243,24,812,45,1210,52
2026-05-27,a7b5fb991623cc9cbf1e283541c89d63bf452523,All sites scanned,31902,145,1108,44,26,11,531,19,478,38,2856,73,4237,82
2026-05-27,a7b5fb991623cc9cbf1e283541c89d63bf452523,All live sites,14957,135,1069,44,26,11,499,19,473,38,2584,73,3883,82
2026-05-27,a7b5fb991623cc9cbf1e283541c89d63bf452523,"All live, filtered sites",13671,133,997,44,25,11,474,19,433,38,2371,73,3563,82
2026-05-27,a7b5fb991623cc9cbf1e283541c89d63bf452523,"All live, filtered, non-redirecting sites",9266,131,541,43,21,11,149,19,346,37,1215,70,1745,80
2026-05-27,a7b5fb991623cc9cbf1e283541c89d63bf452523,Executive sites scanned,30464,121,1105,42,26,11,531,19,475,36,2840,69,4219,76
2026-05-27,a7b5fb991623cc9cbf1e283541c89d63bf452523,Executive live sites,14048,113,1066,42,26,11,499,19,470,36,2568,69,3865,76
2026-05-27,a7b5fb991623cc9cbf1e283541c89d63bf452523,"Executive live, filtered sites",12774,113,995,42,25,11,474,19,431,36,2359,69,3549,76
2026-05-27,a7b5fb991623cc9cbf1e283541c89d63bf452523,"Executive live, filtered, non-redirecting sites",8511,112,539,41,21,11,149,19,344,35,1206,66,1734,74
2026-05-27,a7b5fb991623cc9cbf1e283541c89d63bf452523,Legislative sites scanned,1061,18,0,0,0,0,0,0,0,0,2,2,4,4
2026-05-27,a7b5fb991623cc9cbf1e283541c89d63bf452523,Legislative live sites,808,16,0,0,0,0,0,0,0,0,2,2,4,4
2026-05-27,a7b5fb991623cc9cbf1e283541c89d63bf452523,"Legislative live, filtered sites",803,14,0,0,0,0,0,0,0,0,2,2,4,4
2026-05-27,a7b5fb991623cc9cbf1e283541c89d63bf452523,"Legislative live, filtered, non-redirecting sites",665,13,0,0,0,0,0,0,0,0,2,2,4,4
2026-05-27,a7b5fb991623cc9cbf1e283541c89d63bf452523,Judicial sites scanned,371,5,3,2,0,0,0,0,3,2,14,2,14,2
2026-05-27,a7b5fb991623cc9cbf1e283541c89d63bf452523,Judicial live sites,98,5,3,2,0,0,0,0,3,2,14,2,14,2
2026-05-27,a7b5fb991623cc9cbf1e283541c89d63bf452523,"Judicial live, filtered sites",91,5,2,2,0,0,0,0,2,2,10,2,10,2
2026-05-27,a7b5fb991623cc9cbf1e283541c89d63bf452523,"Judicial live, filtered, non-redirecting sites",87,5,2,2,0,0,0,0,2,2,7,2,7,2
2026-05-27,a7b5fb991623cc9cbf1e283541c89d63bf452523,IDEA sites scanned,10400,75,542,33,21,11,215,18,278,26,1046,48,1629,54
2026-05-27,a7b5fb991623cc9cbf1e283541c89d63bf452523,IDEA live sites,6202,71,541,33,21,11,215,18,277,26,1037,48,1617,54
2026-05-27,a7b5fb991623cc9cbf1e283541c89d63bf452523,"IDEA live, filtered sites",6046,71,537,33,21,11,214,18,275,26,1023,48,1590,54
2026-05-27,a7b5fb991623cc9cbf1e283541c89d63bf452523,"IDEA live, filtered, non-redirecting sites",5151,68,398,32,19,11,113,18,243,25,813,46,1211,52
2026-05-28,adb71448b8dc96f4336b5758b34be80749ceaae3,All sites scanned,30228,145,1121,44,29,12,532,19,484,38,2717,69,4033,79
2026-05-28,adb71448b8dc96f4336b5758b34be80749ceaae3,All live sites,14153,133,1080,44,29,12,499,19,479,38,2450,69,3690,79
2026-05-28,adb71448b8dc96f4336b5758b34be80749ceaae3,"All live, filtered sites",12936,132,1005,44,28,12,472,19,438,38,2261,69,3402,79
2026-05-28,adb71448b8dc96f4336b5758b34be80749ceaae3,"All live, filtered, non-redirecting sites",9098,130,546,43,22,11,148,19,349,37,1169,65,1702,76
2026-05-28,adb71448b8dc96f4336b5758b34be80749ceaae3,Executive sites scanned,28895,121,1118,42,29,12,532,19,481,36,2707,67,4021,75
2026-05-28,adb71448b8dc96f4336b5758b34be80749ceaae3,Executive live sites,13314,112,1077,42,29,12,499,19,476,36,2440,67,3678,75
2026-05-28,adb71448b8dc96f4336b5758b34be80749ceaae3,"Executive live, filtered sites",12106,112,1003,42,28,12,472,19,436,36,2254,67,3393,75
2026-05-28,adb71448b8dc96f4336b5758b34be80749ceaae3,"Executive live, filtered, non-redirecting sites",8350,110,544,41,22,11,148,19,347,35,1163,63,1694,72
2026-05-28,adb71448b8dc96f4336b5758b34be80749ceaae3,Legislative sites scanned,965,18,0,0,0,0,0,0,0,0,0,0,2,2
2026-05-28,adb71448b8dc96f4336b5758b34be80749ceaae3,Legislative live sites,743,15,0,0,0,0,0,0,0,0,0,0,2,2
2026-05-28,adb71448b8dc96f4336b5758b34be80749ceaae3,"Legislative live, filtered sites",741,14,0,0,0,0,0,0,0,0,0,0,2,2
2026-05-28,adb71448b8dc96f4336b5758b34be80749ceaae3,"Legislative live, filtered, non-redirecting sites",660,14,0,0,0,0,0,0,0,0,0,0,2,2
2026-05-28,adb71448b8dc96f4336b5758b34be80749ceaae3,Judicial sites scanned,362,5,3,2,0,0,0,0,3,2,10,2,10,2
2026-05-28,adb71448b8dc96f4336b5758b34be80749ceaae3,Judicial live sites,93,5,3,2,0,0,0,0,3,2,10,2,10,2
2026-05-28,adb71448b8dc96f4336b5758b34be80749ceaae3,"Judicial live, filtered sites",87,5,2,2,0,0,0,0,2,2,7,2,7,2
2026-05-28,adb71448b8dc96f4336b5758b34be80749ceaae3,"Judicial live, filtered, non-redirecting sites",86,5,2,2,0,0,0,0,2,2,6,2,6,2
2026-05-28,adb71448b8dc96f4336b5758b34be80749ceaae3,IDEA sites scanned,10400,75,552,33,23,11,219,18,279,26,1036,47,1627,54
2026-05-28,adb71448b8dc96f4336b5758b34be80749ceaae3,IDEA live sites,6147,71,551,33,23,11,219,18,278,26,1026,47,1614,54
2026-05-28,adb71448b8dc96f4336b5758b34be80749ceaae3,"IDEA live, filtered sites",5989,71,545,33,23,11,216,18,276,26,1012,47,1587,54
2026-05-28,adb71448b8dc96f4336b5758b34be80749ceaae3,"IDEA live, filtered, non-redirecting sites",5096,68,402,32,20,11,111,18,246,25,802,45,1205,52
2026-05-29,0718e6ca060b5b2eea5f8a315b3cbd7d6a8eaacb,All sites scanned,30202,145,1121,44,29,12,532,19,484,38,2716,69,4032,79
2026-05-29,0718e6ca060b5b2eea5f8a315b3cbd7d6a8eaacb,All live sites,14145,133,1080,44,29,12,499,19,479,38,2449,69,3689,79
2026-05-29,0718e6ca060b5b2eea5f8a315b3cbd7d6a8eaacb,"All live, filtered sites",12975,132,1005,44,28,12,472,19,438,38,2261,69,3402,79
2026-05-29,0718e6ca060b5b2eea5f8a315b3cbd7d6a8eaacb,"All live, filtered, non-redirecting sites",9130,130,546,43,22,11,148,19,349,37,1169,65,1702,76
2026-05-29,0718e6ca060b5b2eea5f8a315b3cbd7d6a8eaacb,Executive sites scanned,28869,121,1118,42,29,12,532,19,481,36,2706,67,4020,75
2026-05-29,0718e6ca060b5b2eea5f8a315b3cbd7d6a8eaacb,Executive live sites,13306,112,1077,42,29,12,499,19,476,36,2439,67,3677,75
2026-05-29,0718e6ca060b5b2eea5f8a315b3cbd7d6a8eaacb,"Executive live, filtered sites",12144,112,1003,42,28,12,472,19,436,36,2254,67,3393,75
2026-05-29,0718e6ca060b5b2eea5f8a315b3cbd7d6a8eaacb,"Executive live, filtered, non-redirecting sites",8381,110,544,41,22,11,148,19,347,35,1163,63,1694,72
2026-05-29,0718e6ca060b5b2eea5f8a315b3cbd7d6a8eaacb,Legislative sites scanned,965,18,0,0,0,0,0,0,0,0,0,0,2,2
2026-05-29,0718e6ca060b5b2eea5f8a315b3cbd7d6a8eaacb,Legislative live sites,743,15,0,0,0,0,0,0,0,0,0,0,2,2
2026-05-29,0718e6ca060b5b2eea5f8a315b3cbd7d6a8eaacb,"Legislative live, filtered sites",741,14,0,0,0,0,0,0,0,0,0,0,2,2
2026-05-29,0718e6ca060b5b2eea5f8a315b3cbd7d6a8eaacb,"Legislative live, filtered, non-redirecting sites",660,14,0,0,0,0,0,0,0,0,0,0,2,2
2026-05-29,0718e6ca060b5b2eea5f8a315b3cbd7d6a8eaacb,Judicial sites scanned,362,5,3,2,0,0,0,0,3,2,10,2,10,2
2026-05-29,0718e6ca060b5b2eea5f8a315b3cbd7d6a8eaacb,Judicial live sites,93,5,3,2,0,0,0,0,3,2,10,2,10,2
2026-05-29,0718e6ca060b5b2eea5f8a315b3cbd7d6a8eaacb,"Judicial live, filtered sites",87,5,2,2,0,0,0,0,2,2,7,2,7,2
2026-05-29,0718e6ca060b5b2eea5f8a315b3cbd7d6a8eaacb,"Judicial live, filtered, non-redirecting sites",86,5,2,2,0,0,0,0,2,2,6,2,6,2
2026-05-29,0718e6ca060b5b2eea5f8a315b3cbd7d6a8eaacb,IDEA sites scanned,10400,75,552,33,23,11,219,18,279,26,1036,47,1627,54
2026-05-29,0718e6ca060b5b2eea5f8a315b3cbd7d6a8eaacb,IDEA live sites,6147,71,551,33,23,11,219,18,278,26,1026,47,1614,54
2026-05-29,0718e6ca060b5b2eea5f8a315b3cbd7d6a8eaacb,"IDEA live, filtered sites",5993,71,545,33,23,11,216,18,276,26,1012,47,1587,54
2026-05-29,0718e6ca060b5b2eea5f8a315b3cbd7d6a8eaacb,"IDEA live, filtered, non-redirecting sites",5100,68,402,32,20,11,111,18,246,25,802,45,1205,52
2026-05-30,7d1f03c73aada1357e71587c2f6f3b8e210f6912,All sites scanned,30216,145,1135,43,26,12,533,20,497,37,2712,69,4048,79
2026-05-30,7d1f03c73aada1357e71587c2f6f3b8e210f6912,All live sites,14097,132,1095,43,26,12,500,20,492,37,2446,69,3705,79
2026-05-30,7d1f03c73aada1357e71587c2f6f3b8e210f6912,"All live, filtered sites",12884,131,1019,43,25,12,472,20,451,37,2258,69,3417,79
2026-05-30,7d1f03c73aada1357e71587c2f6f3b8e210f6912,"All live, filtered, non-redirecting sites",9054,129,557,42,19,11,148,19,362,36,1172,66,1717,77
2026-05-30,7d1f03c73aada1357e71587c2f6f3b8e210f6912,Executive sites scanned,28883,121,1131,41,26,12,533,20,493,35,2702,67,4035,75
2026-05-30,7d1f03c73aada1357e71587c2f6f3b8e210f6912,Executive live sites,13259,112,1091,41,26,12,500,20,488,35,2436,67,3692,75
2026-05-30,7d1f03c73aada1357e71587c2f6f3b8e210f6912,"Executive live, filtered sites",12054,112,1017,41,25,12,472,20,449,35,2251,67,3408,75
2026-05-30,7d1f03c73aada1357e71587c2f6f3b8e210f6912,"Executive live, filtered, non-redirecting sites",8306,111,555,40,19,11,148,19,360,34,1166,64,1709,73
2026-05-30,7d1f03c73aada1357e71587c2f6f3b8e210f6912,Legislative sites scanned,965,18,0,0,0,0,0,0,0,0,0,0,2,2
2026-05-30,7d1f03c73aada1357e71587c2f6f3b8e210f6912,Legislative live sites,743,14,0,0,0,0,0,0,0,0,0,0,2,2
2026-05-30,7d1f03c73aada1357e71587c2f6f3b8e210f6912,"Legislative live, filtered sites",741,13,0,0,0,0,0,0,0,0,0,0,2,2
2026-05-30,7d1f03c73aada1357e71587c2f6f3b8e210f6912,"Legislative live, filtered, non-redirecting sites",660,12,0,0,0,0,0,0,0,0,0,0,2,2
2026-05-30,7d1f03c73aada1357e71587c2f6f3b8e210f6912,Judicial sites scanned,362,5,4,2,0,0,0,0,4,2,10,2,11,2
2026-05-30,7d1f03c73aada1357e71587c2f6f3b8e210f6912,Judicial live sites,92,5,4,2,0,0,0,0,4,2,10,2,11,2
2026-05-30,7d1f03c73aada1357e71587c2f6f3b8e210f6912,"Judicial live, filtered sites",87,5,2,2,0,0,0,0,2,2,7,2,7,2
2026-05-30,7d1f03c73aada1357e71587c2f6f3b8e210f6912,"Judicial live, filtered, non-redirecting sites",86,5,2,2,0,0,0,0,2,2,6,2,6,2
2026-05-30,7d1f03c73aada1357e71587c2f6f3b8e210f6912,IDEA sites scanned,10400,75,555,32,20,11,217,18,287,25,1030,47,1631,54
2026-05-30,7d1f03c73aada1357e71587c2f6f3b8e210f6912,IDEA live sites,6102,71,554,32,20,11,217,18,286,25,1021,47,1618,54
2026-05-30,7d1f03c73aada1357e71587c2f6f3b8e210f6912,"IDEA live, filtered sites",5943,71,548,32,20,11,214,18,284,25,1007,47,1591,54
2026-05-30,7d1f03c73aada1357e71587c2f6f3b8e210f6912,"IDEA live, filtered, non-redirecting sites",5053,68,407,31,17,11,111,18,253,24,801,45,1212,52
2026-05-31,18838768e06bf67d64d1f4ef4cdc73c041473d03,All sites scanned,30195,145,1135,43,26,12,533,20,497,37,2712,69,4047,79
2026-05-31,18838768e06bf67d64d1f4ef4cdc73c041473d03,All live sites,14091,132,1095,43,26,12,500,20,492,37,2446,69,3704,79
2026-05-31,18838768e06bf67d64d1f4ef4cdc73c041473d03,"All live, filtered sites",12923,131,1019,43,25,12,472,20,451,37,2258,69,3416,79
2026-05-31,18838768e06bf67d64d1f4ef4cdc73c041473d03,"All live, filtered, non-redirecting sites",9086,129,557,42,19,11,148,19,362,36,1172,66,1717,77
2026-05-31,18838768e06bf67d64d1f4ef4cdc73c041473d03,Executive sites scanned,28862,121,1131,41,26,12,533,20,493,35,2702,67,4034,75
2026-05-31,18838768e06bf67d64d1f4ef4cdc73c041473d03,Executive live sites,13253,112,1091,41,26,12,500,20,488,35,2436,67,3691,75
2026-05-31,18838768e06bf67d64d1f4ef4cdc73c041473d03,"Executive live, filtered sites",12092,112,1017,41,25,12,472,20,449,35,2251,67,3407,75
2026-05-31,18838768e06bf67d64d1f4ef4cdc73c041473d03,"Executive live, filtered, non-redirecting sites",8337,111,555,40,19,11,148,19,360,34,1166,64,1709,73
2026-05-31,18838768e06bf67d64d1f4ef4cdc73c041473d03,Legislative sites scanned,965,18,0,0,0,0,0,0,0,0,0,0,2,2
2026-05-31,18838768e06bf67d64d1f4ef4cdc73c041473d03,Legislative live sites,743,14,0,0,0,0,0,0,0,0,0,0,2,2
2026-05-31,18838768e06bf67d64d1f4ef4cdc73c041473d03,"Legislative live, filtered sites",741,13,0,0,0,0,0,0,0,0,0,0,2,2
2026-05-31,18838768e06bf67d64d1f4ef4cdc73c041473d03,"Legislative live, filtered, non-redirecting sites",660,12,0,0,0,0,0,0,0,0,0,0,2,2
2026-05-31,18838768e06bf67d64d1f4ef4cdc73c041473d03,Judicial sites scanned,362,5,4,2,0,0,0,0,4,2,10,2,11,2
2026-05-31,18838768e06bf67d64d1f4ef4cdc73c041473d03,Judicial live sites,92,5,4,2,0,0,0,0,4,2,10,2,11,2
2026-05-31,18838768e06bf67d64d1f4ef4cdc73c041473d03,"Judicial live, filtered sites",87,5,2,2,0,0,0,0,2,2,7,2,7,2
2026-05-31,18838768e06bf67d64d1f4ef4cdc73c041473d03,"Judicial live, filtered, non-redirecting sites",86,5,2,2,0,0,0,0,2,2,6,2,6,2
2026-05-31,18838768e06bf67d64d1f4ef4cdc73c041473d03,IDEA sites scanned,10400,75,555,32,20,11,217,18,287,25,1030,47,1631,54
2026-05-31,18838768e06bf67d64d1f4ef4cdc73c041473d03,IDEA live sites,6102,71,554,32,20,11,217,18,286,25,1021,47,1618,54
2026-05-31,18838768e06bf67d64d1f4ef4cdc73c041473d03,"IDEA live, filtered sites",5947,71,548,32,20,11,214,18,284,25,1007,47,1591,54
2026-05-31,18838768e06bf67d64d1f4ef4cdc73c041473d03,"IDEA live, filtered, non-redirecting sites",5057,68,407,31,17,11,111,18,253,24,801,45,1212,52
2026-06-01,84a7ae12439fbe46406e80fd041456fae3aa02fb,All sites scanned,30173,145,1135,43,26,12,533,20,497,37,2712,69,4047,79
2026-06-01,84a7ae12439fbe46406e80fd041456fae3aa02fb,All live sites,14091,132,1095,43,26,12,500,20,492,37,2446,69,3704,79
2026-06-01,84a7ae12439fbe46406e80fd041456fae3aa02fb,"All live, filtered sites",12923,131,1019,43,25,12,472,20,451,37,2258,69,3416,79
2026-06-01,84a7ae12439fbe46406e80fd041456fae3aa02fb,"All live, filtered, non-redirecting sites",9086,129,557,42,19,11,148,19,362,36,1172,66,1717,77
2026-06-01,84a7ae12439fbe46406e80fd041456fae3aa02fb,Executive sites scanned,28840,121,1131,41,26,12,533,20,493,35,2702,67,4034,75
2026-06-01,84a7ae12439fbe46406e80fd041456fae3aa02fb,Executive live sites,13253,112,1091,41,26,12,500,20,488,35,2436,67,3691,75
2026-06-01,84a7ae12439fbe46406e80fd041456fae3aa02fb,"Executive live, filtered sites",12092,112,1017,41,25,12,472,20,449,35,2251,67,3407,75
2026-06-01,84a7ae12439fbe46406e80fd041456fae3aa02fb,"Executive live, filtered, non-redirecting sites",8337,111,555,40,19,11,148,19,360,34,1166,64,1709,73
2026-06-01,84a7ae12439fbe46406e80fd041456fae3aa02fb,Legislative sites scanned,965,18,0,0,0,0,0,0,0,0,0,0,2,2
2026-06-01,84a7ae12439fbe46406e80fd041456fae3aa02fb,Legislative live sites,743,14,0,0,0,0,0,0,0,0,0,0,2,2
2026-06-01,84a7ae12439fbe46406e80fd041456fae3aa02fb,"Legislative live, filtered sites",741,13,0,0,0,0,0,0,0,0,0,0,2,2
2026-06-01,84a7ae12439fbe46406e80fd041456fae3aa02fb,"Legislative live, filtered, non-redirecting sites",660,12,0,0,0,0,0,0,0,0,0,0,2,2
2026-06-01,84a7ae12439fbe46406e80fd041456fae3aa02fb,Judicial sites scanned,362,5,4,2,0,0,0,0,4,2,10,2,11,2
2026-06-01,84a7ae12439fbe46406e80fd041456fae3aa02fb,Judicial live sites,92,5,4,2,0,0,0,0,4,2,10,2,11,2
2026-06-01,84a7ae12439fbe46406e80fd041456fae3aa02fb,"Judicial live, filtered sites",87,5,2,2,0,0,0,0,2,2,7,2,7,2
2026-06-01,84a7ae12439fbe46406e80fd041456fae3aa02fb,"Judicial live, filtered, non-redirecting sites",86,5,2,2,0,0,0,0,2,2,6,2,6,2
2026-06-01,84a7ae12439fbe46406e80fd041456fae3aa02fb,IDEA sites scanned,10400,75,555,32,20,11,217,18,287,25,1030,47,1631,54
2026-06-01,84a7ae12439fbe46406e80fd041456fae3aa02fb,IDEA live sites,6102,71,554,32,20,11,217,18,286,25,1021,47,1618,54
2026-06-01,84a7ae12439fbe46406e80fd041456fae3aa02fb,"IDEA live, filtered sites",5947,71,548,32,20,11,214,18,284,25,1007,47,1591,54
2026-06-01,84a7ae12439fbe46406e80fd041456fae3aa02fb,"IDEA live, filtered, non-redirecting sites",5057,68,407,31,17,11,111,18,253,24,801,45,1212,52
2026-06-02,d85cd481d0e9102a48179b94824de6187fd5e5f0,All sites scanned,30197,145,1156,43,26,12,528,19,527,37,2720,69,4089,79
2026-06-02,d85cd481d0e9102a48179b94824de6187fd5e5f0,All live sites,14084,133,1117,43,26,12,495,19,522,37,2456,69,3748,79
2026-06-02,d85cd481d0e9102a48179b94824de6187fd5e5f0,"All live, filtered sites",12874,132,1042,43,25,12,467,19,482,37,2271,69,3461,79
2026-06-02,d85cd481d0e9102a48179b94824de6187fd5e5f0,"All live, filtered, non-redirecting sites",9082,130,590,42,21,11,146,19,395,36,1177,66,1755,77
2026-06-02,d85cd481d0e9102a48179b94824de6187fd5e5f0,Executive sites scanned,28864,121,1151,41,26,12,528,19,522,35,2710,67,4075,75
2026-06-02,d85cd481d0e9102a48179b94824de6187fd5e5f0,Executive live sites,13243,112,1112,41,26,12,495,19,517,35,2446,67,3734,75
2026-06-02,d85cd481d0e9102a48179b94824de6187fd5e5f0,"Executive live, filtered sites",12043,112,1040,41,25,12,467,19,480,35,2264,67,3452,75
2026-06-02,d85cd481d0e9102a48179b94824de6187fd5e5f0,"Executive live, filtered, non-redirecting sites",8334,111,588,40,21,11,146,19,393,34,1171,64,1747,73
2026-06-02,d85cd481d0e9102a48179b94824de6187fd5e5f0,Legislative sites scanned,965,18,0,0,0,0,0,0,0,0,0,0,2,2
2026-06-02,d85cd481d0e9102a48179b94824de6187fd5e5f0,Legislative live sites,745,15,0,0,0,0,0,0,0,0,0,0,2,2
2026-06-02,d85cd481d0e9102a48179b94824de6187fd5e5f0,"Legislative live, filtered sites",743,14,0,0,0,0,0,0,0,0,0,0,2,2
2026-06-02,d85cd481d0e9102a48179b94824de6187fd5e5f0,"Legislative live, filtered, non-redirecting sites",661,13,0,0,0,0,0,0,0,0,0,0,2,2
2026-06-02,d85cd481d0e9102a48179b94824de6187fd5e5f0,Judicial sites scanned,362,5,5,2,0,0,0,0,5,2,10,2,12,2
2026-06-02,d85cd481d0e9102a48179b94824de6187fd5e5f0,Judicial live sites,93,5,5,2,0,0,0,0,5,2,10,2,12,2
2026-06-02,d85cd481d0e9102a48179b94824de6187fd5e5f0,"Judicial live, filtered sites",87,5,2,2,0,0,0,0,2,2,7,2,7,2
2026-06-02,d85cd481d0e9102a48179b94824de6187fd5e5f0,"Judicial live, filtered, non-redirecting sites",86,5,2,2,0,0,0,0,2,2,6,2,6,2
2026-06-02,d85cd481d0e9102a48179b94824de6187fd5e5f0,IDEA sites scanned,10400,75,588,32,20,11,214,18,322,25,1028,47,1658,54
2026-06-02,d85cd481d0e9102a48179b94824de6187fd5e5f0,IDEA live sites,6119,71,587,32,20,11,214,18,321,25,1020,47,1647,54
2026-06-02,d85cd481d0e9102a48179b94824de6187fd5e5f0,"IDEA live, filtered sites",5960,71,582,32,20,11,212,18,319,25,1006,47,1620,54
2026-06-02,d85cd481d0e9102a48179b94824de6187fd5e5f0,"IDEA live, filtered, non-redirecting sites",5080,68,441,31,19,11,109,18,287,24,797,45,1239,52
2026-06-03,b31287f52d64f0168982fbbeb6ffe4f674adda20,All sites scanned,30197,145,1158,43,26,12,530,19,526,37,2725,69,4088,79
2026-06-03,b31287f52d64f0168982fbbeb6ffe4f674adda20,All live sites,14115,133,1119,43,26,12,497,19,521,37,2461,69,3747,79
2026-06-03,b31287f52d64f0168982fbbeb6ffe4f674adda20,"All live, filtered sites",12938,132,1044,43,25,12,469,19,481,37,2272,69,3459,79
2026-06-03,b31287f52d64f0168982fbbeb6ffe4f674adda20,"All live, filtered, non-redirecting sites",9125,130,590,42,21,11,146,19,395,36,1180,66,1755,77
2026-06-03,b31287f52d64f0168982fbbeb6ffe4f674adda20,Executive sites scanned,28864,121,1153,41,26,12,530,19,521,35,2714,67,4074,75
2026-06-03,b31287f52d64f0168982fbbeb6ffe4f674adda20,Executive live sites,13276,112,1114,41,26,12,497,19,516,35,2450,67,3733,75
2026-06-03,b31287f52d64f0168982fbbeb6ffe4f674adda20,"Executive live, filtered sites",12108,112,1042,41,25,12,469,19,479,35,2265,67,3450,75
2026-06-03,b31287f52d64f0168982fbbeb6ffe4f674adda20,"Executive live, filtered, non-redirecting sites",8378,111,588,40,21,11,146,19,393,34,1174,64,1747,73
2026-06-03,b31287f52d64f0168982fbbeb6ffe4f674adda20,Legislative sites scanned,965,18,0,0,0,0,0,0,0,0,0,0,2,2
2026-06-03,b31287f52d64f0168982fbbeb6ffe4f674adda20,Legislative live sites,745,15,0,0,0,0,0,0,0,0,0,0,2,2
2026-06-03,b31287f52d64f0168982fbbeb6ffe4f674adda20,"Legislative live, filtered sites",743,14,0,0,0,0,0,0,0,0,0,0,2,2
2026-06-03,b31287f52d64f0168982fbbeb6ffe4f674adda20,"Legislative live, filtered, non-redirecting sites",661,13,0,0,0,0,0,0,0,0,0,0,2,2
2026-06-03,b31287f52d64f0168982fbbeb6ffe4f674adda20,Judicial sites scanned,362,5,5,2,0,0,0,0,5,2,11,2,12,2
2026-06-03,b31287f52d64f0168982fbbeb6ffe4f674adda20,Judicial live sites,91,5,5,2,0,0,0,0,5,2,11,2,12,2
2026-06-03,b31287f52d64f0168982fbbeb6ffe4f674adda20,"Judicial live, filtered sites",85,5,2,2,0,0,0,0,2,2,7,2,7,2
2026-06-03,b31287f52d64f0168982fbbeb6ffe4f674adda20,"Judicial live, filtered, non-redirecting sites",84,5,2,2,0,0,0,0,2,2,6,2,6,2
2026-06-03,b31287f52d64f0168982fbbeb6ffe4f674adda20,IDEA sites scanned,10400,75,587,32,20,11,215,18,321,25,1024,47,1653,54
2026-06-03,b31287f52d64f0168982fbbeb6ffe4f674adda20,IDEA live sites,6120,71,586,32,20,11,215,18,320,25,1016,47,1642,54
2026-06-03,b31287f52d64f0168982fbbeb6ffe4f674adda20,"IDEA live, filtered sites",5965,71,581,32,20,11,213,18,318,25,1002,47,1615,54
2026-06-03,b31287f52d64f0168982fbbeb6ffe4f674adda20,"IDEA live, filtered, non-redirecting sites",5087,68,441,31,19,11,109,18,287,24,796,45,1237,52
2026-06-04,7cae03fcd647befae8a750c0246ad63058d86d69,All sites scanned,30146,145,1126,43,28,12,519,18,506,38,2720,68,4052,78
2026-06-04,7cae03fcd647befae8a750c0246ad63058d86d69,All live sites,14025,133,1084,43,28,12,486,18,500,38,2454,68,3711,78
2026-06-04,7cae03fcd647befae8a750c0246ad63058d86d69,"All live, filtered sites",12812,132,1009,43,27,12,460,18,458,38,2266,68,3428,78
2026-06-04,7cae03fcd647befae8a750c0246ad63058d86d69,"All live, filtered, non-redirecting sites",9031,131,565,41,22,12,142,18,375,36,1181,65,1740,76
2026-06-04,7cae03fcd647befae8a750c0246ad63058d86d69,Executive sites scanned,28815,121,1121,41,28,12,519,18,501,36,2708,66,4038,74
2026-06-04,7cae03fcd647befae8a750c0246ad63058d86d69,Executive live sites,13184,112,1079,41,28,12,486,18,495,36,2442,66,3697,74
2026-06-04,7cae03fcd647befae8a750c0246ad63058d86d69,"Executive live, filtered sites",11980,112,1007,41,27,12,460,18,456,36,2259,66,3419,74
2026-06-04,7cae03fcd647befae8a750c0246ad63058d86d69,"Executive live, filtered, non-redirecting sites",8282,111,563,39,22,12,142,18,373,34,1175,63,1732,72
2026-06-04,7cae03fcd647befae8a750c0246ad63058d86d69,Legislative sites scanned,963,18,0,0,0,0,0,0,0,0,0,0,2,2
2026-06-04,7cae03fcd647befae8a750c0246ad63058d86d69,Legislative live sites,745,15,0,0,0,0,0,0,0,0,0,0,2,2
2026-06-04,7cae03fcd647befae8a750c0246ad63058d86d69,"Legislative live, filtered sites",743,14,0,0,0,0,0,0,0,0,0,0,2,2
2026-06-04,7cae03fcd647befae8a750c0246ad63058d86d69,"Legislative live, filtered, non-redirecting sites",661,14,0,0,0,0,0,0,0,0,0,0,2,2
2026-06-04,7cae03fcd647befae8a750c0246ad63058d86d69,Judicial sites scanned,362,5,5,2,0,0,0,0,5,2,12,2,12,2
2026-06-04,7cae03fcd647befae8a750c0246ad63058d86d69,Judicial live sites,93,5,5,2,0,0,0,0,5,2,12,2,12,2
2026-06-04,7cae03fcd647befae8a750c0246ad63058d86d69,"Judicial live, filtered sites",87,5,2,2,0,0,0,0,2,2,7,2,7,2
2026-06-04,7cae03fcd647befae8a750c0246ad63058d86d69,"Judicial live, filtered, non-redirecting sites",86,5,2,2,0,0,0,0,2,2,6,2,6,2
2026-06-04,7cae03fcd647befae8a750c0246ad63058d86d69,IDEA sites scanned,10400,75,564,32,22,12,211,17,302,26,1028,46,1637,53
2026-06-04,7cae03fcd647befae8a750c0246ad63058d86d69,IDEA live sites,6070,71,563,32,22,12,211,17,301,26,1019,46,1625,53
2026-06-04,7cae03fcd647befae8a750c0246ad63058d86d69,"IDEA live, filtered sites",5910,71,558,32,22,12,209,17,299,26,1005,46,1598,53
2026-06-04,7cae03fcd647befae8a750c0246ad63058d86d69,"IDEA live, filtered, non-redirecting sites",5030,68,420,30,20,12,106,17,270,24,797,44,1219,51
2026-06-05,24f0b03bfc86112920d539edda783b6356b7753f,All sites scanned,30143,145,1128,43,26,12,518,19,506,37,2726,69,4058,80
2026-06-05,24f0b03bfc86112920d539edda783b6356b7753f,All live sites,14034,133,1085,43,26,12,485,19,500,37,2458,69,3714,80
2026-06-05,24f0b03bfc86112920d539edda783b6356b7753f,"All live, filtered sites",12866,132,1012,43,25,12,461,19,458,37,2268,69,3433,80
2026-06-05,24f0b03bfc86112920d539edda783b6356b7753f,"All live, filtered, non-redirecting sites",9076,131,568,42,20,11,144,19,376,36,1183,66,1743,78
2026-06-05,24f0b03bfc86112920d539edda783b6356b7753f,Executive sites scanned,28812,121,1123,41,26,12,518,19,501,35,2714,67,4043,75
2026-06-05,24f0b03bfc86112920d539edda783b6356b7753f,Executive live sites,13193,112,1080,41,26,12,485,19,495,35,2446,67,3699,75
2026-06-05,24f0b03bfc86112920d539edda783b6356b7753f,"Executive live, filtered sites",12033,112,1010,41,25,12,461,19,456,35,2261,67,3423,75
2026-06-05,24f0b03bfc86112920d539edda783b6356b7753f,"Executive live, filtered, non-redirecting sites",8326,111,566,40,20,11,144,19,374,34,1177,64,1734,73
2026-06-05,24f0b03bfc86112920d539edda783b6356b7753f,Legislative sites scanned,963,18,0,0,0,0,0,0,0,0,0,0,3,3
2026-06-05,24f0b03bfc86112920d539edda783b6356b7753f,Legislative live sites,746,15,0,0,0,0,0,0,0,0,0,0,3,3
2026-06-05,24f0b03bfc86112920d539edda783b6356b7753f,"Legislative live, filtered sites",744,14,0,0,0,0,0,0,0,0,0,0,3,3
2026-06-05,24f0b03bfc86112920d539edda783b6356b7753f,"Legislative live, filtered, non-redirecting sites",662,14,0,0,0,0,0,0,0,0,0,0,3,3
2026-06-05,24f0b03bfc86112920d539edda783b6356b7753f,Judicial sites scanned,362,5,5,2,0,0,0,0,5,2,12,2,12,2
2026-06-05,24f0b03bfc86112920d539edda783b6356b7753f,Judicial live sites,92,5,5,2,0,0,0,0,5,2,12,2,12,2
2026-06-05,24f0b03bfc86112920d539edda783b6356b7753f,"Judicial live, filtered sites",86,5,2,2,0,0,0,0,2,2,7,2,7,2
2026-06-05,24f0b03bfc86112920d539edda783b6356b7753f,"Judicial live, filtered, non-redirecting sites",85,5,2,2,0,0,0,0,2,2,6,2,6,2
2026-06-05,24f0b03bfc86112920d539edda783b6356b7753f,IDEA sites scanned,10400,75,565,32,20,11,213,18,302,25,1029,47,1636,54
2026-06-05,24f0b03bfc86112920d539edda783b6356b7753f,IDEA live sites,6068,71,564,32,20,11,213,18,301,25,1019,47,1623,54
2026-06-05,24f0b03bfc86112920d539edda783b6356b7753f,"IDEA live, filtered sites",5914,71,559,32,20,11,211,18,299,25,1005,47,1597,54
2026-06-05,24f0b03bfc86112920d539edda783b6356b7753f,"IDEA live, filtered, non-redirecting sites",5035,68,421,31,18,11,108,18,270,24,798,45,1220,52
2026-06-06,853937e8fc325cf001e046c976deb307becd88d4,All sites scanned,30174,145,1139,43,27,11,525,19,517,37,2713,68,4064,79
2026-06-06,853937e8fc325cf001e046c976deb307becd88d4,All live sites,14046,132,1097,43,27,11,492,19,511,37,2446,68,3720,79
2026-06-06,853937e8fc325cf001e046c976deb307becd88d4,"All live, filtered sites",12842,131,1022,43,26,11,465,19,470,37,2261,68,3438,79
2026-06-06,853937e8fc325cf001e046c976deb307becd88d4,"All live, filtered, non-redirecting sites",9063,130,581,42,22,11,147,19,386,36,1182,65,1748,77
2026-06-06,853937e8fc325cf001e046c976deb307becd88d4,Executive sites scanned,28843,121,1134,41,27,11,525,19,512,35,2701,66,4048,74
2026-06-06,853937e8fc325cf001e046c976deb307becd88d4,Executive live sites,13204,111,1092,41,27,11,492,19,506,35,2434,66,3704,74
2026-06-06,853937e8fc325cf001e046c976deb307becd88d4,"Executive live, filtered sites",12009,111,1020,41,26,11,465,19,468,35,2254,66,3427,74
2026-06-06,853937e8fc325cf001e046c976deb307becd88d4,"Executive live, filtered, non-redirecting sites",8314,110,579,40,22,11,147,19,384,34,1176,63,1739,72
2026-06-06,853937e8fc325cf001e046c976deb307becd88d4,Legislative sites scanned,963,18,0,0,0,0,0,0,0,0,0,0,4,3
2026-06-06,853937e8fc325cf001e046c976deb307becd88d4,Legislative live sites,747,15,0,0,0,0,0,0,0,0,0,0,4,3
2026-06-06,853937e8fc325cf001e046c976deb307becd88d4,"Legislative live, filtered sites",745,14,0,0,0,0,0,0,0,0,0,0,4,3
2026-06-06,853937e8fc325cf001e046c976deb307becd88d4,"Legislative live, filtered, non-redirecting sites",662,14,0,0,0,0,0,0,0,0,0,0,3,3
2026-06-06,853937e8fc325cf001e046c976deb307becd88d4,Judicial sites scanned,362,5,5,2,0,0,0,0,5,2,12,2,12,2
2026-06-06,853937e8fc325cf001e046c976deb307becd88d4,Judicial live sites,92,5,5,2,0,0,0,0,5,2,12,2,12,2
2026-06-06,853937e8fc325cf001e046c976deb307becd88d4,"Judicial live, filtered sites",86,5,2,2,0,0,0,0,2,2,7,2,7,2
2026-06-06,853937e8fc325cf001e046c976deb307becd88d4,"Judicial live, filtered, non-redirecting sites",85,5,2,2,0,0,0,0,2,2,6,2,6,2
2026-06-06,853937e8fc325cf001e046c976deb307becd88d4,IDEA sites scanned,10400,75,570,32,22,11,213,18,308,25,1024,46,1640,53
2026-06-06,853937e8fc325cf001e046c976deb307becd88d4,IDEA live sites,6086,70,568,32,22,11,213,18,306,25,1015,46,1627,53
2026-06-06,853937e8fc325cf001e046c976deb307becd88d4,"IDEA live, filtered sites",5933,70,564,32,22,11,211,18,305,25,1002,46,1601,53
2026-06-06,853937e8fc325cf001e046c976deb307becd88d4,"IDEA live, filtered, non-redirecting sites",5059,67,426,31,20,11,107,18,276,24,797,44,1224,51
2026-06-07,867a66ddd9257fb525669002f1638e7e0ed59392,All sites scanned,30174,145,1137,43,27,11,524,19,517,37,2708,68,4062,79
2026-06-07,867a66ddd9257fb525669002f1638e7e0ed59392,All live sites,14048,132,1095,43,27,11,491,19,511,37,2442,68,3719,79
2026-06-07,867a66ddd9257fb525669002f1638e7e0ed59392,"All live, filtered sites",12878,131,1020,43,26,11,464,19,470,37,2256,68,3436,79
2026-06-07,867a66ddd9257fb525669002f1638e7e0ed59392,"All live, filtered, non-redirecting sites",9091,130,579,42,22,11,146,19,385,36,1180,65,1748,77
2026-06-07,867a66ddd9257fb525669002f1638e7e0ed59392,Executive sites scanned,28843,121,1132,41,27,11,524,19,512,35,2696,66,4046,74
2026-06-07,867a66ddd9257fb525669002f1638e7e0ed59392,Executive live sites,13205,111,1090,41,27,11,491,19,506,35,2430,66,3703,74
2026-06-07,867a66ddd9257fb525669002f1638e7e0ed59392,"Executive live, filtered sites",12043,111,1018,41,26,11,464,19,468,35,2249,66,3425,74
2026-06-07,867a66ddd9257fb525669002f1638e7e0ed59392,"Executive live, filtered, non-redirecting sites",8340,110,577,40,22,11,146,19,383,34,1174,63,1739,72
2026-06-07,867a66ddd9257fb525669002f1638e7e0ed59392,Legislative sites scanned,963,18,0,0,0,0,0,0,0,0,0,0,4,3
2026-06-07,867a66ddd9257fb525669002f1638e7e0ed59392,Legislative live sites,747,15,0,0,0,0,0,0,0,0,0,0,4,3
2026-06-07,867a66ddd9257fb525669002f1638e7e0ed59392,"Legislative live, filtered sites",745,14,0,0,0,0,0,0,0,0,0,0,4,3
2026-06-07,867a66ddd9257fb525669002f1638e7e0ed59392,"Legislative live, filtered, non-redirecting sites",662,14,0,0,0,0,0,0,0,0,0,0,3,3
2026-06-07,867a66ddd9257fb525669002f1638e7e0ed59392,Judicial sites scanned,362,5,5,2,0,0,0,0,5,2,12,2,12,2
2026-06-07,867a66ddd9257fb525669002f1638e7e0ed59392,Judicial live sites,93,5,5,2,0,0,0,0,5,2,12,2,12,2
2026-06-07,867a66ddd9257fb525669002f1638e7e0ed59392,"Judicial live, filtered sites",87,5,2,2,0,0,0,0,2,2,7,2,7,2
2026-06-07,867a66ddd9257fb525669002f1638e7e0ed59392,"Judicial live, filtered, non-redirecting sites",86,5,2,2,0,0,0,0,2,2,6,2,6,2
2026-06-07,867a66ddd9257fb525669002f1638e7e0ed59392,IDEA sites scanned,10400,75,568,32,22,11,212,18,308,25,1020,46,1639,53
2026-06-07,867a66ddd9257fb525669002f1638e7e0ed59392,IDEA live sites,6086,70,566,32,22,11,212,18,306,25,1012,46,1627,53
2026-06-07,867a66ddd9257fb525669002f1638e7e0ed59392,"IDEA live, filtered sites",5934,70,562,32,22,11,210,18,305,25,999,46,1601,53
2026-06-07,867a66ddd9257fb525669002f1638e7e0ed59392,"IDEA live, filtered, non-redirecting sites",5060,67,425,31,20,11,106,18,276,24,795,44,1224,51
2026-06-08,94661624c1328bff9ded8fe495da88356e20d209,All sites scanned,30151,145,1136,43,27,11,523,19,517,37,2707,68,4061,79
2026-06-08,94661624c1328bff9ded8fe495da88356e20d209,All live sites,14046,132,1094,43,27,11,490,19,511,37,2441,68,3718,79
2026-06-08,94661624c1328bff9ded8fe495da88356e20d209,"All live, filtered sites",12876,131,1019,43,26,11,463,19,470,37,2255,68,3435,79
2026-06-08,94661624c1328bff9ded8fe495da88356e20d209,"All live, filtered, non-redirecting sites",9091,130,579,42,22,11,146,19,385,36,1180,65,1748,77
2026-06-08,94661624c1328bff9ded8fe495da88356e20d209,Executive sites scanned,28822,121,1131,41,27,11,523,19,512,35,2695,66,4045,74
2026-06-08,94661624c1328bff9ded8fe495da88356e20d209,Executive live sites,13203,111,1089,41,27,11,490,19,506,35,2429,66,3702,74
2026-06-08,94661624c1328bff9ded8fe495da88356e20d209,"Executive live, filtered sites",12041,111,1017,41,26,11,463,19,468,35,2248,66,3424,74
2026-06-08,94661624c1328bff9ded8fe495da88356e20d209,"Executive live, filtered, non-redirecting sites",8340,110,577,40,22,11,146,19,383,34,1174,63,1739,72
2026-06-08,94661624c1328bff9ded8fe495da88356e20d209,Legislative sites scanned,963,18,0,0,0,0,0,0,0,0,0,0,4,3
2026-06-08,94661624c1328bff9ded8fe495da88356e20d209,Legislative live sites,747,15,0,0,0,0,0,0,0,0,0,0,4,3
2026-06-08,94661624c1328bff9ded8fe495da88356e20d209,"Legislative live, filtered sites",745,14,0,0,0,0,0,0,0,0,0,0,4,3
2026-06-08,94661624c1328bff9ded8fe495da88356e20d209,"Legislative live, filtered, non-redirecting sites",662,14,0,0,0,0,0,0,0,0,0,0,3,3
2026-06-08,94661624c1328bff9ded8fe495da88356e20d209,Judicial sites scanned,360,5,5,2,0,0,0,0,5,2,12,2,12,2
2026-06-08,94661624c1328bff9ded8fe495da88356e20d209,Judicial live sites,93,5,5,2,0,0,0,0,5,2,12,2,12,2
2026-06-08,94661624c1328bff9ded8fe495da88356e20d209,"Judicial live, filtered sites",87,5,2,2,0,0,0,0,2,2,7,2,7,2
2026-06-08,94661624c1328bff9ded8fe495da88356e20d209,"Judicial live, filtered, non-redirecting sites",86,5,2,2,0,0,0,0,2,2,6,2,6,2
2026-06-08,94661624c1328bff9ded8fe495da88356e20d209,IDEA sites scanned,10400,75,568,32,22,11,212,18,308,25,1020,46,1639,53
2026-06-08,94661624c1328bff9ded8fe495da88356e20d209,IDEA live sites,6086,70,566,32,22,11,212,18,306,25,1012,46,1627,53
2026-06-08,94661624c1328bff9ded8fe495da88356e20d209,"IDEA live, filtered sites",5934,70,562,32,22,11,210,18,305,25,999,46,1601,53
2026-06-08,94661624c1328bff9ded8fe495da88356e20d209,"IDEA live, filtered, non-redirecting sites",5060,67,425,31,20,11,106,18,276,24,795,44,1224,51
2026-06-09,21cfc2e3535558fda3f3f9cec7a287dbf841b4b4,All sites scanned,30178,145,1163,43,25,11,530,19,529,37,2726,68,4103,79
2026-06-09,21cfc2e3535558fda3f3f9cec7a287dbf841b4b4,All live sites,14103,131,1121,43,25,11,497,19,524,37,2459,68,3760,79
2026-06-09,21cfc2e3535558fda3f3f9cec7a287dbf841b4b4,"All live, filtered sites",12881,130,1042,43,24,11,468,19,481,37,2267,68,3467,79
2026-06-09,21cfc2e3535558fda3f3f9cec7a287dbf841b4b4,"All live, filtered, non-redirecting sites",9086,129,595,42,20,11,148,19,396,36,1188,65,1771,77
2026-06-09,21cfc2e3535558fda3f3f9cec7a287dbf841b4b4,Executive sites scanned,28849,121,1158,41,25,11,530,19,524,35,2714,66,4087,74
2026-06-09,21cfc2e3535558fda3f3f9cec7a287dbf841b4b4,Executive live sites,13259,110,1116,41,25,11,497,19,519,35,2447,66,3744,74
2026-06-09,21cfc2e3535558fda3f3f9cec7a287dbf841b4b4,"Executive live, filtered sites",12046,110,1040,41,24,11,468,19,479,35,2260,66,3456,74
2026-06-09,21cfc2e3535558fda3f3f9cec7a287dbf841b4b4,"Executive live, filtered, non-redirecting sites",8335,109,593,40,20,11,148,19,394,34,1182,63,1762,72
2026-06-09,21cfc2e3535558fda3f3f9cec7a287dbf841b4b4,Legislative sites scanned,963,18,0,0,0,0,0,0,0,0,0,0,4,3
2026-06-09,21cfc2e3535558fda3f3f9cec7a287dbf841b4b4,Legislative live sites,747,15,0,0,0,0,0,0,0,0,0,0,4,3
2026-06-09,21cfc2e3535558fda3f3f9cec7a287dbf841b4b4,"Legislative live, filtered sites",745,14,0,0,0,0,0,0,0,0,0,0,4,3
2026-06-09,21cfc2e3535558fda3f3f9cec7a287dbf841b4b4,"Legislative live, filtered, non-redirecting sites",663,14,0,0,0,0,0,0,0,0,0,0,3,3
2026-06-09,21cfc2e3535558fda3f3f9cec7a287dbf841b4b4,Judicial sites scanned,360,5,5,2,0,0,0,0,5,2,12,2,12,2
2026-06-09,21cfc2e3535558fda3f3f9cec7a287dbf841b4b4,Judicial live sites,93,5,5,2,0,0,0,0,5,2,12,2,12,2
2026-06-09,21cfc2e3535558fda3f3f9cec7a287dbf841b4b4,"Judicial live, filtered sites",87,5,2,2,0,0,0,0,2,2,7,2,7,2
2026-06-09,21cfc2e3535558fda3f3f9cec7a287dbf841b4b4,"Judicial live, filtered, non-redirecting sites",86,5,2,2,0,0,0,0,2,2,6,2,6,2
2026-06-09,21cfc2e3535558fda3f3f9cec7a287dbf841b4b4,IDEA sites scanned,10400,75,587,32,20,11,216,18,320,25,1021,46,1654,53
2026-06-09,21cfc2e3535558fda3f3f9cec7a287dbf841b4b4,IDEA live sites,6117,70,586,32,20,11,216,18,319,25,1013,46,1643,53
2026-06-09,21cfc2e3535558fda3f3f9cec7a287dbf841b4b4,"IDEA live, filtered sites",5958,70,580,32,20,11,213,18,317,25,999,46,1616,53
2026-06-09,21cfc2e3535558fda3f3f9cec7a287dbf841b4b4,"IDEA live, filtered, non-redirecting sites",5074,67,440,31,18,11,107,18,287,24,795,44,1239,51
2026-06-10,e8d5439fabb569003b66d6c7b82ef32d2585db79,All sites scanned,30178,145,1165,43,25,11,530,19,530,37,2726,68,4103,79
2026-06-10,e8d5439fabb569003b66d6c7b82ef32d2585db79,All live sites,14099,131,1123,43,25,11,497,19,525,37,2459,68,3760,79
2026-06-10,e8d5439fabb569003b66d6c7b82ef32d2585db79,"All live, filtered sites",12916,130,1044,43,24,11,468,19,482,37,2267,68,3467,79
2026-06-10,e8d5439fabb569003b66d6c7b82ef32d2585db79,"All live, filtered, non-redirecting sites",9114,129,596,42,20,11,148,19,397,36,1187,65,1770,77
2026-06-10,e8d5439fabb569003b66d6c7b82ef32d2585db79,Executive sites scanned,28849,121,1160,41,25,11,530,19,525,35,2714,66,4087,74
2026-06-10,e8d5439fabb569003b66d6c7b82ef32d2585db79,Executive live sites,13255,110,1118,41,25,11,497,19,520,35,2447,66,3744,74
2026-06-10,e8d5439fabb569003b66d6c7b82ef32d2585db79,"Executive live, filtered sites",12080,110,1042,41,24,11,468,19,480,35,2260,66,3456,74
2026-06-10,e8d5439fabb569003b66d6c7b82ef32d2585db79,"Executive live, filtered, non-redirecting sites",8362,109,594,40,20,11,148,19,395,34,1181,63,1761,72
2026-06-10,e8d5439fabb569003b66d6c7b82ef32d2585db79,Legislative sites scanned,963,18,0,0,0,0,0,0,0,0,0,0,4,3
2026-06-10,e8d5439fabb569003b66d6c7b82ef32d2585db79,Legislative live sites,747,15,0,0,0,0,0,0,0,0,0,0,4,3
2026-06-10,e8d5439fabb569003b66d6c7b82ef32d2585db79,"Legislative live, filtered sites",745,14,0,0,0,0,0,0,0,0,0,0,4,3
2026-06-10,e8d5439fabb569003b66d6c7b82ef32d2585db79,"Legislative live, filtered, non-redirecting sites",663,14,0,0,0,0,0,0,0,0,0,0,3,3
2026-06-10,e8d5439fabb569003b66d6c7b82ef32d2585db79,Judicial sites scanned,360,5,5,2,0,0,0,0,5,2,12,2,12,2
2026-06-10,e8d5439fabb569003b66d6c7b82ef32d2585db79,Judicial live sites,93,5,5,2,0,0,0,0,5,2,12,2,12,2
2026-06-10,e8d5439fabb569003b66d6c7b82ef32d2585db79,"Judicial live, filtered sites",87,5,2,2,0,0,0,0,2,2,7,2,7,2
2026-06-10,e8d5439fabb569003b66d6c7b82ef32d2585db79,"Judicial live, filtered, non-redirecting sites",86,5,2,2,0,0,0,0,2,2,6,2,6,2
2026-06-10,e8d5439fabb569003b66d6c7b82ef32d2585db79,IDEA sites scanned,10400,75,589,32,20,11,216,18,321,25,1022,46,1655,53
2026-06-10,e8d5439fabb569003b66d6c7b82ef32d2585db79,IDEA live sites,6119,70,588,32,20,11,216,18,320,25,1014,46,1644,53
2026-06-10,e8d5439fabb569003b66d6c7b82ef32d2585db79,"IDEA live, filtered sites",5963,70,582,32,20,11,213,18,318,25,1000,46,1617,53
2026-06-10,e8d5439fabb569003b66d6c7b82ef32d2585db79,"IDEA live, filtered, non-redirecting sites",5077,67,441,31,18,11,107,18,288,24,795,44,1239,51
2026-06-11,a2b884fa7ba0d80b8ca2df5e3cdfcb4350d3ec5e,All sites scanned,30167,145,1148,43,27,11,527,19,522,37,2723,68,4104,79
2026-06-11,a2b884fa7ba0d80b8ca2df5e3cdfcb4350d3ec5e,All live sites,14090,132,1107,43,27,11,494,19,517,37,2457,68,3762,79
2026-06-11,a2b884fa7ba0d80b8ca2df5e3cdfcb4350d3ec5e,"All live, filtered sites",12872,131,1032,43,26,11,469,19,474,37,2266,68,3469,79
2026-06-11,a2b884fa7ba0d80b8ca2df5e3cdfcb4350d3ec5e,"All live, filtered, non-redirecting sites",9076,130,586,41,22,11,145,18,393,36,1186,64,1771,77
2026-06-11,a2b884fa7ba0d80b8ca2df5e3cdfcb4350d3ec5e,Executive sites scanned,28838,121,1143,41,27,11,527,19,517,35,2711,66,4088,74
2026-06-11,a2b884fa7ba0d80b8ca2df5e3cdfcb4350d3ec5e,Executive live sites,13246,111,1102,41,27,11,494,19,512,35,2445,66,3746,74
2026-06-11,a2b884fa7ba0d80b8ca2df5e3cdfcb4350d3ec5e,"Executive live, filtered sites",12037,111,1030,41,26,11,469,19,472,35,2259,66,3458,74
2026-06-11,a2b884fa7ba0d80b8ca2df5e3cdfcb4350d3ec5e,"Executive live, filtered, non-redirecting sites",8325,110,584,39,22,11,145,18,391,34,1180,62,1762,72
2026-06-11,a2b884fa7ba0d80b8ca2df5e3cdfcb4350d3ec5e,Legislative sites scanned,963,18,0,0,0,0,0,0,0,0,0,0,4,3
2026-06-11,a2b884fa7ba0d80b8ca2df5e3cdfcb4350d3ec5e,Legislative live sites,747,15,0,0,0,0,0,0,0,0,0,0,4,3
2026-06-11,a2b884fa7ba0d80b8ca2df5e3cdfcb4350d3ec5e,"Legislative live, filtered sites",745,14,0,0,0,0,0,0,0,0,0,0,4,3
2026-06-11,a2b884fa7ba0d80b8ca2df5e3cdfcb4350d3ec5e,"Legislative live, filtered, non-redirecting sites",663,14,0,0,0,0,0,0,0,0,0,0,3,3
2026-06-11,a2b884fa7ba0d80b8ca2df5e3cdfcb4350d3ec5e,Judicial sites scanned,360,5,5,2,0,0,0,0,5,2,12,2,12,2
2026-06-11,a2b884fa7ba0d80b8ca2df5e3cdfcb4350d3ec5e,Judicial live sites,93,5,5,2,0,0,0,0,5,2,12,2,12,2
2026-06-11,a2b884fa7ba0d80b8ca2df5e3cdfcb4350d3ec5e,"Judicial live, filtered sites",87,5,2,2,0,0,0,0,2,2,7,2,7,2
2026-06-11,a2b884fa7ba0d80b8ca2df5e3cdfcb4350d3ec5e,"Judicial live, filtered, non-redirecting sites",86,5,2,2,0,0,0,0,2,2,6,2,6,2
2026-06-11,a2b884fa7ba0d80b8ca2df5e3cdfcb4350d3ec5e,IDEA sites scanned,10400,75,580,31,22,11,213,17,316,25,1023,45,1657,53
2026-06-11,a2b884fa7ba0d80b8ca2df5e3cdfcb4350d3ec5e,IDEA live sites,6108,70,579,31,22,11,213,17,315,25,1015,45,1646,53
2026-06-11,a2b884fa7ba0d80b8ca2df5e3cdfcb4350d3ec5e,"IDEA live, filtered sites",5949,70,574,31,22,11,211,17,313,25,1001,45,1619,53
2026-06-11,a2b884fa7ba0d80b8ca2df5e3cdfcb4350d3ec5e,"IDEA live, filtered, non-redirecting sites",5064,67,435,30,20,11,107,17,284,24,792,43,1237,51
2026-06-12,2253f4358581cc1bceb21e6d00f4b1fd2538933b,All sites scanned,30166,145,1148,43,27,11,527,19,522,37,2725,68,4108,79
2026-06-12,2253f4358581cc1bceb21e6d00f4b1fd2538933b,All live sites,14091,132,1107,43,27,11,494,19,517,37,2459,68,3766,79
2026-06-12,2253f4358581cc1bceb21e6d00f4b1fd2538933b,"All live, filtered sites",12912,131,1032,43,26,11,469,19,474,37,2268,68,3473,79
2026-06-12,2253f4358581cc1bceb21e6d00f4b1fd2538933b,"All live, filtered, non-redirecting sites",9109,130,587,41,22,11,145,18,394,36,1187,64,1774,77
2026-06-12,2253f4358581cc1bceb21e6d00f4b1fd2538933b,Executive sites scanned,28837,121,1143,41,27,11,527,19,517,35,2713,66,4092,74
2026-06-12,2253f4358581cc1bceb21e6d00f4b1fd2538933b,Executive live sites,13247,111,1102,41,27,11,494,19,512,35,2447,66,3750,74
2026-06-12,2253f4358581cc1bceb21e6d00f4b1fd2538933b,"Executive live, filtered sites",12076,111,1030,41,26,11,469,19,472,35,2261,66,3462,74
2026-06-12,2253f4358581cc1bceb21e6d00f4b1fd2538933b,"Executive live, filtered, non-redirecting sites",8357,110,585,39,22,11,145,18,392,34,1181,62,1765,72
2026-06-12,2253f4358581cc1bceb21e6d00f4b1fd2538933b,Legislative sites scanned,963,18,0,0,0,0,0,0,0,0,0,0,4,3
2026-06-12,2253f4358581cc1bceb21e6d00f4b1fd2538933b,Legislative live sites,747,15,0,0,0,0,0,0,0,0,0,0,4,3
2026-06-12,2253f4358581cc1bceb21e6d00f4b1fd2538933b,"Legislative live, filtered sites",745,14,0,0,0,0,0,0,0,0,0,0,4,3
2026-06-12,2253f4358581cc1bceb21e6d00f4b1fd2538933b,"Legislative live, filtered, non-redirecting sites",663,14,0,0,0,0,0,0,0,0,0,0,3,3
2026-06-12,2253f4358581cc1bceb21e6d00f4b1fd2538933b,Judicial sites scanned,360,5,5,2,0,0,0,0,5,2,12,2,12,2
2026-06-12,2253f4358581cc1bceb21e6d00f4b1fd2538933b,Judicial live sites,93,5,5,2,0,0,0,0,5,2,12,2,12,2
2026-06-12,2253f4358581cc1bceb21e6d00f4b1fd2538933b,"Judicial live, filtered sites",87,5,2,2,0,0,0,0,2,2,7,2,7,2
2026-06-12,2253f4358581cc1bceb21e6d00f4b1fd2538933b,"Judicial live, filtered, non-redirecting sites",86,5,2,2,0,0,0,0,2,2,6,2,6,2
2026-06-12,2253f4358581cc1bceb21e6d00f4b1fd2538933b,IDEA sites scanned,10400,75,581,31,22,11,213,17,317,25,1023,45,1659,53
2026-06-12,2253f4358581cc1bceb21e6d00f4b1fd2538933b,IDEA live sites,6105,70,580,31,22,11,213,17,316,25,1015,45,1648,53
2026-06-12,2253f4358581cc1bceb21e6d00f4b1fd2538933b,"IDEA live, filtered sites",5949,70,575,31,22,11,211,17,314,25,1001,45,1621,53
2026-06-12,2253f4358581cc1bceb21e6d00f4b1fd2538933b,"IDEA live, filtered, non-redirecting sites",5065,67,436,30,20,11,107,17,285,24,792,43,1239,51
2026-06-13,071c7d711c10c05deb1bbb9bfe9f6cf9f01b7c3f,All sites scanned,30201,145,1149,43,25,11,537,19,516,37,2720,68,4085,79
2026-06-13,071c7d711c10c05deb1bbb9bfe9f6cf9f01b7c3f,All live sites,14086,132,1108,43,25,11,504,19,510,37,2454,68,3741,79
2026-06-13,071c7d711c10c05deb1bbb9bfe9f6cf9f01b7c3f,"All live, filtered sites",12862,131,1030,43,24,11,477,19,467,37,2263,68,3448,79
2026-06-13,071c7d711c10c05deb1bbb9bfe9f6cf9f01b7c3f,"All live, filtered, non-redirecting sites",9070,130,572,42,20,11,148,19,379,36,1186,65,1757,77
2026-06-13,071c7d711c10c05deb1bbb9bfe9f6cf9f01b7c3f,Executive sites scanned,28872,121,1144,41,25,11,537,19,511,35,2708,66,4069,74
2026-06-13,071c7d711c10c05deb1bbb9bfe9f6cf9f01b7c3f,Executive live sites,13242,111,1103,41,25,11,504,19,505,35,2442,66,3725,74
2026-06-13,071c7d711c10c05deb1bbb9bfe9f6cf9f01b7c3f,"Executive live, filtered sites",12027,111,1028,41,24,11,477,19,465,35,2256,66,3437,74
2026-06-13,071c7d711c10c05deb1bbb9bfe9f6cf9f01b7c3f,"Executive live, filtered, non-redirecting sites",8319,110,570,40,20,11,148,19,377,34,1180,63,1748,72
2026-06-13,071c7d711c10c05deb1bbb9bfe9f6cf9f01b7c3f,Legislative sites scanned,963,18,0,0,0,0,0,0,0,0,0,0,4,3
2026-06-13,071c7d711c10c05deb1bbb9bfe9f6cf9f01b7c3f,Legislative live sites,746,15,0,0,0,0,0,0,0,0,0,0,4,3
2026-06-13,071c7d711c10c05deb1bbb9bfe9f6cf9f01b7c3f,"Legislative live, filtered sites",744,14,0,0,0,0,0,0,0,0,0,0,4,3
2026-06-13,071c7d711c10c05deb1bbb9bfe9f6cf9f01b7c3f,"Legislative live, filtered, non-redirecting sites",662,14,0,0,0,0,0,0,0,0,0,0,3,3
2026-06-13,071c7d711c10c05deb1bbb9bfe9f6cf9f01b7c3f,Judicial sites scanned,360,5,5,2,0,0,0,0,5,2,12,2,12,2
2026-06-13,071c7d711c10c05deb1bbb9bfe9f6cf9f01b7c3f,Judicial live sites,94,5,5,2,0,0,0,0,5,2,12,2,12,2
2026-06-13,071c7d711c10c05deb1bbb9bfe9f6cf9f01b7c3f,"Judicial live, filtered sites",88,5,2,2,0,0,0,0,2,2,7,2,7,2
2026-06-13,071c7d711c10c05deb1bbb9bfe9f6cf9f01b7c3f,"Judicial live, filtered, non-redirecting sites",87,5,2,2,0,0,0,0,2,2,6,2,6,2
2026-06-13,071c7d711c10c05deb1bbb9bfe9f6cf9f01b7c3f,IDEA sites scanned,10399,75,568,32,20,11,220,18,299,25,1018,46,1637,53
2026-06-13,071c7d711c10c05deb1bbb9bfe9f6cf9f01b7c3f,IDEA live sites,6072,70,566,32,20,11,220,18,297,25,1010,46,1625,53
2026-06-13,071c7d711c10c05deb1bbb9bfe9f6cf9f01b7c3f,"IDEA live, filtered sites",5915,70,560,32,20,11,217,18,295,25,996,46,1598,53
2026-06-13,071c7d711c10c05deb1bbb9bfe9f6cf9f01b7c3f,"IDEA live, filtered, non-redirecting sites",5034,67,415,31,18,11,108,18,266,24,790,44,1218,51
2026-06-14,5b24fb93778d03d16cc3a4457a9f89e2b2f352dc,All sites scanned,30200,145,1146,43,25,11,536,19,514,37,2719,68,4082,79
2026-06-14,5b24fb93778d03d16cc3a4457a9f89e2b2f352dc,All live sites,14089,132,1105,43,25,11,503,19,508,37,2453,68,3738,79
2026-06-14,5b24fb93778d03d16cc3a4457a9f89e2b2f352dc,"All live, filtered sites",12903,131,1027,43,24,11,476,19,465,37,2262,68,3445,79
2026-06-14,5b24fb93778d03d16cc3a4457a9f89e2b2f352dc,"All live, filtered, non-redirecting sites",9100,130,570,42,20,11,148,19,377,36,1186,65,1755,77
2026-06-14,5b24fb93778d03d16cc3a4457a9f89e2b2f352dc,Executive sites scanned,28871,121,1141,41,25,11,536,19,509,35,2707,66,4066,74
2026-06-14,5b24fb93778d03d16cc3a4457a9f89e2b2f352dc,Executive live sites,13245,111,1100,41,25,11,503,19,503,35,2441,66,3722,74
2026-06-14,5b24fb93778d03d16cc3a4457a9f89e2b2f352dc,"Executive live, filtered sites",12067,111,1025,41,24,11,476,19,463,35,2255,66,3434,74
2026-06-14,5b24fb93778d03d16cc3a4457a9f89e2b2f352dc,"Executive live, filtered, non-redirecting sites",8348,110,568,40,20,11,148,19,375,34,1180,63,1746,72
2026-06-14,5b24fb93778d03d16cc3a4457a9f89e2b2f352dc,Legislative sites scanned,963,18,0,0,0,0,0,0,0,0,0,0,4,3
2026-06-14,5b24fb93778d03d16cc3a4457a9f89e2b2f352dc,Legislative live sites,746,15,0,0,0,0,0,0,0,0,0,0,4,3
2026-06-14,5b24fb93778d03d16cc3a4457a9f89e2b2f352dc,"Legislative live, filtered sites",744,14,0,0,0,0,0,0,0,0,0,0,4,3
2026-06-14,5b24fb93778d03d16cc3a4457a9f89e2b2f352dc,"Legislative live, filtered, non-redirecting sites",662,14,0,0,0,0,0,0,0,0,0,0,3,3
2026-06-14,5b24fb93778d03d16cc3a4457a9f89e2b2f352dc,Judicial sites scanned,360,5,5,2,0,0,0,0,5,2,12,2,12,2
2026-06-14,5b24fb93778d03d16cc3a4457a9f89e2b2f352dc,Judicial live sites,94,5,5,2,0,0,0,0,5,2,12,2,12,2
2026-06-14,5b24fb93778d03d16cc3a4457a9f89e2b2f352dc,"Judicial live, filtered sites",88,5,2,2,0,0,0,0,2,2,7,2,7,2
2026-06-14,5b24fb93778d03d16cc3a4457a9f89e2b2f352dc,"Judicial live, filtered, non-redirecting sites",87,5,2,2,0,0,0,0,2,2,6,2,6,2
2026-06-14,5b24fb93778d03d16cc3a4457a9f89e2b2f352dc,IDEA sites scanned,10399,75,566,32,20,11,220,18,297,25,1017,46,1635,53
2026-06-14,5b24fb93778d03d16cc3a4457a9f89e2b2f352dc,IDEA live sites,6075,70,564,32,20,11,220,18,295,25,1009,46,1623,53
2026-06-14,5b24fb93778d03d16cc3a4457a9f89e2b2f352dc,"IDEA live, filtered sites",5920,70,558,32,20,11,217,18,293,25,995,46,1596,53
2026-06-14,5b24fb93778d03d16cc3a4457a9f89e2b2f352dc,"IDEA live, filtered, non-redirecting sites",5039,67,413,31,18,11,108,18,264,24,789,44,1216,51
2026-06-15,e06deb7f211eeb9fb33ae7f39cb826b8e17d62ab,All sites scanned,30183,145,1146,43,25,11,536,19,514,37,2719,68,4082,79
2026-06-15,e06deb7f211eeb9fb33ae7f39cb826b8e17d62ab,All live sites,14089,132,1105,43,25,11,503,19,508,37,2453,68,3738,79
2026-06-15,e06deb7f211eeb9fb33ae7f39cb826b8e17d62ab,"All live, filtered sites",12903,131,1027,43,24,11,476,19,465,37,2262,68,3445,79
2026-06-15,e06deb7f211eeb9fb33ae7f39cb826b8e17d62ab,"All live, filtered, non-redirecting sites",9100,130,570,42,20,11,148,19,377,36,1186,65,1755,77
2026-06-15,e06deb7f211eeb9fb33ae7f39cb826b8e17d62ab,Executive sites scanned,28854,121,1141,41,25,11,536,19,509,35,2707,66,4066,74
2026-06-15,e06deb7f211eeb9fb33ae7f39cb826b8e17d62ab,Executive live sites,13245,111,1100,41,25,11,503,19,503,35,2441,66,3722,74
2026-06-15,e06deb7f211eeb9fb33ae7f39cb826b8e17d62ab,"Executive live, filtered sites",12067,111,1025,41,24,11,476,19,463,35,2255,66,3434,74
2026-06-15,e06deb7f211eeb9fb33ae7f39cb826b8e17d62ab,"Executive live, filtered, non-redirecting sites",8348,110,568,40,20,11,148,19,375,34,1180,63,1746,72
2026-06-15,e06deb7f211eeb9fb33ae7f39cb826b8e17d62ab,Legislative sites scanned,963,18,0,0,0,0,0,0,0,0,0,0,4,3
2026-06-15,e06deb7f211eeb9fb33ae7f39cb826b8e17d62ab,Legislative live sites,746,15,0,0,0,0,0,0,0,0,0,0,4,3
2026-06-15,e06deb7f211eeb9fb33ae7f39cb826b8e17d62ab,"Legislative live, filtered sites",744,14,0,0,0,0,0,0,0,0,0,0,4,3
2026-06-15,e06deb7f211eeb9fb33ae7f39cb826b8e17d62ab,"Legislative live, filtered, non-redirecting sites",662,14,0,0,0,0,0,0,0,0,0,0,3,3
2026-06-15,e06deb7f211eeb9fb33ae7f39cb826b8e17d62ab,Judicial sites scanned,360,5,5,2,0,0,0,0,5,2,12,2,12,2
2026-06-15,e06deb7f211eeb9fb33ae7f39cb826b8e17d62ab,Judicial live sites,94,5,5,2,0,0,0,0,5,2,12,2,12,2
2026-06-15,e06deb7f211eeb9fb33ae7f39cb826b8e17d62ab,"Judicial live, filtered sites",88,5,2,2,0,0,0,0,2,2,7,2,7,2
2026-06-15,e06deb7f211eeb9fb33ae7f39cb826b8e17d62ab,"Judicial live, filtered, non-redirecting sites",87,5,2,2,0,0,0,0,2,2,6,2,6,2
2026-06-15,e06deb7f211eeb9fb33ae7f39cb826b8e17d62ab,IDEA sites scanned,10399,75,566,32,20,11,220,18,297,25,1017,46,1635,53
2026-06-15,e06deb7f211eeb9fb33ae7f39cb826b8e17d62ab,IDEA live sites,6075,70,564,32,20,11,220,18,295,25,1009,46,1623,53
2026-06-15,e06deb7f211eeb9fb33ae7f39cb826b8e17d62ab,"IDEA live, filtered sites",5920,70,558,32,20,11,217,18,293,25,995,46,1596,53
2026-06-15,e06deb7f211eeb9fb33ae7f39cb826b8e17d62ab,"IDEA live, filtered, non-redirecting sites",5039,67,413,31,18,11,108,18,264,24,789,44,1216,51
2026-06-16,0c6dfefeafb723cad90e7d8db33ce4bf1e01b8ab,All sites scanned,30201,146,1107,43,27,11,533,19,477,37,2696,68,4026,79
2026-06-16,0c6dfefeafb723cad90e7d8db33ce4bf1e01b8ab,All live sites,13794,132,1066,43,27,11,500,19,471,37,2430,68,3682,79
2026-06-16,0c6dfefeafb723cad90e7d8db33ce4bf1e01b8ab,"All live, filtered sites",12578,131,988,43,26,11,473,19,427,37,2239,68,3387,79
2026-06-16,0c6dfefeafb723cad90e7d8db33ce4bf1e01b8ab,"All live, filtered, non-redirecting sites",8820,130,539,42,22,11,149,19,341,36,1192,65,1724,77
2026-06-16,0c6dfefeafb723cad90e7d8db33ce4bf1e01b8ab,Executive sites scanned,28871,121,1102,41,27,11,533,19,472,35,2684,66,4010,74
2026-06-16,0c6dfefeafb723cad90e7d8db33ce4bf1e01b8ab,Executive live sites,12952,111,1061,41,27,11,500,19,466,35,2418,66,3666,74
2026-06-16,0c6dfefeafb723cad90e7d8db33ce4bf1e01b8ab,"Executive live, filtered sites",11745,111,986,41,26,11,473,19,425,35,2232,66,3376,74
2026-06-16,0c6dfefeafb723cad90e7d8db33ce4bf1e01b8ab,"Executive live, filtered, non-redirecting sites",8069,110,537,40,22,11,149,19,339,34,1186,63,1715,72
2026-06-16,0c6dfefeafb723cad90e7d8db33ce4bf1e01b8ab,Legislative sites scanned,964,19,0,0,0,0,0,0,0,0,0,0,4,3
2026-06-16,0c6dfefeafb723cad90e7d8db33ce4bf1e01b8ab,Legislative live sites,745,15,0,0,0,0,0,0,0,0,0,0,4,3
2026-06-16,0c6dfefeafb723cad90e7d8db33ce4bf1e01b8ab,"Legislative live, filtered sites",743,14,0,0,0,0,0,0,0,0,0,0,4,3
2026-06-16,0c6dfefeafb723cad90e7d8db33ce4bf1e01b8ab,"Legislative live, filtered, non-redirecting sites",662,14,0,0,0,0,0,0,0,0,0,0,3,3
2026-06-16,0c6dfefeafb723cad90e7d8db33ce4bf1e01b8ab,Judicial sites scanned,360,5,5,2,0,0,0,0,5,2,12,2,12,2
2026-06-16,0c6dfefeafb723cad90e7d8db33ce4bf1e01b8ab,Judicial live sites,94,5,5,2,0,0,0,0,5,2,12,2,12,2
2026-06-16,0c6dfefeafb723cad90e7d8db33ce4bf1e01b8ab,"Judicial live, filtered sites",88,5,2,2,0,0,0,0,2,2,7,2,7,2
2026-06-16,0c6dfefeafb723cad90e7d8db33ce4bf1e01b8ab,"Judicial live, filtered, non-redirecting sites",87,5,2,2,0,0,0,0,2,2,6,2,6,2
2026-06-16,0c6dfefeafb723cad90e7d8db33ce4bf1e01b8ab,IDEA sites scanned,10399,75,541,32,22,11,220,18,269,25,1022,46,1611,53
2026-06-16,0c6dfefeafb723cad90e7d8db33ce4bf1e01b8ab,IDEA live sites,6055,70,539,32,22,11,220,18,267,25,1013,46,1598,53
2026-06-16,0c6dfefeafb723cad90e7d8db33ce4bf1e01b8ab,"IDEA live, filtered sites",5898,70,534,32,22,11,218,18,265,25,999,46,1571,53
2026-06-16,0c6dfefeafb723cad90e7d8db33ce4bf1e01b8ab,"IDEA live, filtered, non-redirecting sites",5023,67,392,31,20,11,111,18,236,24,793,44,1191,51
2026-06-17,8d84c07fd6f6f184e238db4a2dbd89ec9fca5216,All sites scanned,30194,146,1109,43,27,11,534,19,477,37,2694,68,4025,79
2026-06-17,8d84c07fd6f6f184e238db4a2dbd89ec9fca5216,All live sites,13793,132,1068,43,27,11,501,19,471,37,2428,68,3681,79
2026-06-17,8d84c07fd6f6f184e238db4a2dbd89ec9fca5216,"All live, filtered sites",12617,131,991,43,26,11,474,19,428,37,2238,68,3387,79
2026-06-17,8d84c07fd6f6f184e238db4a2dbd89ec9fca5216,"All live, filtered, non-redirecting sites",8853,130,540,42,22,11,149,19,342,36,1192,65,1725,77
2026-06-17,8d84c07fd6f6f184e238db4a2dbd89ec9fca5216,Executive sites scanned,28864,121,1104,41,27,11,534,19,472,35,2682,66,4009,74
2026-06-17,8d84c07fd6f6f184e238db4a2dbd89ec9fca5216,Executive live sites,12952,111,1063,41,27,11,501,19,466,35,2416,66,3665,74
2026-06-17,8d84c07fd6f6f184e238db4a2dbd89ec9fca5216,"Executive live, filtered sites",11784,111,989,41,26,11,474,19,426,35,2231,66,3376,74
2026-06-17,8d84c07fd6f6f184e238db4a2dbd89ec9fca5216,"Executive live, filtered, non-redirecting sites",8102,110,538,40,22,11,149,19,340,34,1186,63,1716,72
2026-06-17,8d84c07fd6f6f184e238db4a2dbd89ec9fca5216,Legislative sites scanned,964,19,0,0,0,0,0,0,0,0,0,0,4,3
2026-06-17,8d84c07fd6f6f184e238db4a2dbd89ec9fca5216,Legislative live sites,744,15,0,0,0,0,0,0,0,0,0,0,4,3
2026-06-17,8d84c07fd6f6f184e238db4a2dbd89ec9fca5216,"Legislative live, filtered sites",742,14,0,0,0,0,0,0,0,0,0,0,4,3
2026-06-17,8d84c07fd6f6f184e238db4a2dbd89ec9fca5216,"Legislative live, filtered, non-redirecting sites",661,14,0,0,0,0,0,0,0,0,0,0,3,3
2026-06-17,8d84c07fd6f6f184e238db4a2dbd89ec9fca5216,Judicial sites scanned,360,5,5,2,0,0,0,0,5,2,12,2,12,2
2026-06-17,8d84c07fd6f6f184e238db4a2dbd89ec9fca5216,Judicial live sites,94,5,5,2,0,0,0,0,5,2,12,2,12,2
2026-06-17,8d84c07fd6f6f184e238db4a2dbd89ec9fca5216,"Judicial live, filtered sites",88,5,2,2,0,0,0,0,2,2,7,2,7,2
2026-06-17,8d84c07fd6f6f184e238db4a2dbd89ec9fca5216,"Judicial live, filtered, non-redirecting sites",87,5,2,2,0,0,0,0,2,2,6,2,6,2
2026-06-17,8d84c07fd6f6f184e238db4a2dbd89ec9fca5216,IDEA sites scanned,10399,75,542,32,22,11,220,18,270,25,1022,46,1612,53
2026-06-17,8d84c07fd6f6f184e238db4a2dbd89ec9fca5216,IDEA live sites,6057,70,540,32,22,11,220,18,268,25,1013,46,1599,53
2026-06-17,8d84c07fd6f6f184e238db4a2dbd89ec9fca5216,"IDEA live, filtered sites",5903,70,535,32,22,11,218,18,266,25,999,46,1572,53
2026-06-17,8d84c07fd6f6f184e238db4a2dbd89ec9fca5216,"IDEA live, filtered, non-redirecting sites",5030,67,393,31,20,11,111,18,237,24,793,44,1192,51
2026-06-18,dc4ff704454945b37274d1b7911262e808bdb74e,All sites scanned,30191,146,1175,43,26,12,535,19,537,37,2730,68,4116,79
2026-06-18,dc4ff704454945b37274d1b7911262e808bdb74e,All live sites,13861,132,1133,43,26,12,502,19,530,37,2461,68,3769,79
2026-06-18,dc4ff704454945b37274d1b7911262e808bdb74e,"All live, filtered sites",12638,131,1059,43,25,12,474,19,491,37,2276,68,3481,79
2026-06-18,dc4ff704454945b37274d1b7911262e808bdb74e,"All live, filtered, non-redirecting sites",8851,130,600,42,21,12,151,19,403,36,1193,65,1786,77
2026-06-18,dc4ff704454945b37274d1b7911262e808bdb74e,Executive sites scanned,28861,121,1170,41,26,12,535,19,532,35,2718,66,4100,74
2026-06-18,dc4ff704454945b37274d1b7911262e808bdb74e,Executive live sites,13019,111,1128,41,26,12,502,19,525,35,2449,66,3753,74
2026-06-18,dc4ff704454945b37274d1b7911262e808bdb74e,"Executive live, filtered sites",11805,111,1057,41,25,12,474,19,489,35,2269,66,3470,74
2026-06-18,dc4ff704454945b37274d1b7911262e808bdb74e,"Executive live, filtered, non-redirecting sites",8100,110,598,40,21,12,151,19,401,34,1187,63,1777,72
2026-06-18,dc4ff704454945b37274d1b7911262e808bdb74e,Legislative sites scanned,964,19,0,0,0,0,0,0,0,0,0,0,4,3
2026-06-18,dc4ff704454945b37274d1b7911262e808bdb74e,Legislative live sites,745,15,0,0,0,0,0,0,0,0,0,0,4,3
2026-06-18,dc4ff704454945b37274d1b7911262e808bdb74e,"Legislative live, filtered sites",743,14,0,0,0,0,0,0,0,0,0,0,4,3
2026-06-18,dc4ff704454945b37274d1b7911262e808bdb74e,"Legislative live, filtered, non-redirecting sites",662,14,0,0,0,0,0,0,0,0,0,0,3,3
2026-06-18,dc4ff704454945b37274d1b7911262e808bdb74e,Judicial sites scanned,360,5,5,2,0,0,0,0,5,2,12,2,12,2
2026-06-18,dc4ff704454945b37274d1b7911262e808bdb74e,Judicial live sites,94,5,5,2,0,0,0,0,5,2,12,2,12,2
2026-06-18,dc4ff704454945b37274d1b7911262e808bdb74e,"Judicial live, filtered sites",88,5,2,2,0,0,0,0,2,2,7,2,7,2
2026-06-18,dc4ff704454945b37274d1b7911262e808bdb74e,"Judicial live, filtered, non-redirecting sites",87,5,2,2,0,0,0,0,2,2,6,2,6,2
2026-06-18,dc4ff704454945b37274d1b7911262e808bdb74e,IDEA sites scanned,10399,75,587,32,21,12,217,18,320,25,1023,46,1662,53
2026-06-18,dc4ff704454945b37274d1b7911262e808bdb74e,IDEA live sites,6081,70,585,32,21,12,217,18,318,25,1014,46,1649,53
2026-06-18,dc4ff704454945b37274d1b7911262e808bdb74e,"IDEA live, filtered sites",5924,70,579,32,21,12,214,18,316,25,1000,46,1622,53
2026-06-18,dc4ff704454945b37274d1b7911262e808bdb74e,"IDEA live, filtered, non-redirecting sites",5035,67,436,31,19,12,108,18,286,24,791,44,1239,51
2026-06-19,372552c8f465521a27d6bb2d125a645948dc5a0c,All sites scanned,30190,146,1170,43,26,12,532,19,536,37,2724,68,4110,79
2026-06-19,372552c8f465521a27d6bb2d125a645948dc5a0c,All live sites,13848,132,1128,43,26,12,499,19,529,37,2455,68,3763,79
2026-06-19,372552c8f465521a27d6bb2d125a645948dc5a0c,"All live, filtered sites",12664,131,1055,43,25,12,471,19,491,37,2271,68,3476,79
2026-06-19,372552c8f465521a27d6bb2d125a645948dc5a0c,"All live, filtered, non-redirecting sites",8875,130,600,42,21,12,150,19,404,36,1191,65,1784,77
2026-06-19,372552c8f465521a27d6bb2d125a645948dc5a0c,Executive sites scanned,28860,121,1165,41,26,12,532,19,531,35,2712,66,4094,74
2026-06-19,372552c8f465521a27d6bb2d125a645948dc5a0c,Executive live sites,13005,111,1123,41,26,12,499,19,524,35,2443,66,3747,74
2026-06-19,372552c8f465521a27d6bb2d125a645948dc5a0c,"Executive live, filtered sites",11829,111,1053,41,25,12,471,19,489,35,2264,66,3465,74
2026-06-19,372552c8f465521a27d6bb2d125a645948dc5a0c,"Executive live, filtered, non-redirecting sites",8122,110,598,40,21,12,150,19,402,34,1185,63,1775,72
2026-06-19,372552c8f465521a27d6bb2d125a645948dc5a0c,Legislative sites scanned,964,19,0,0,0,0,0,0,0,0,0,0,4,3
2026-06-19,372552c8f465521a27d6bb2d125a645948dc5a0c,Legislative live sites,746,15,0,0,0,0,0,0,0,0,0,0,4,3
2026-06-19,372552c8f465521a27d6bb2d125a645948dc5a0c,"Legislative live, filtered sites",744,14,0,0,0,0,0,0,0,0,0,0,4,3
2026-06-19,372552c8f465521a27d6bb2d125a645948dc5a0c,"Legislative live, filtered, non-redirecting sites",663,14,0,0,0,0,0,0,0,0,0,0,3,3
2026-06-19,372552c8f465521a27d6bb2d125a645948dc5a0c,Judicial sites scanned,360,5,5,2,0,0,0,0,5,2,12,2,12,2
2026-06-19,372552c8f465521a27d6bb2d125a645948dc5a0c,Judicial live sites,94,5,5,2,0,0,0,0,5,2,12,2,12,2
2026-06-19,372552c8f465521a27d6bb2d125a645948dc5a0c,"Judicial live, filtered sites",88,5,2,2,0,0,0,0,2,2,7,2,7,2
2026-06-19,372552c8f465521a27d6bb2d125a645948dc5a0c,"Judicial live, filtered, non-redirecting sites",87,5,2,2,0,0,0,0,2,2,6,2,6,2
2026-06-19,372552c8f465521a27d6bb2d125a645948dc5a0c,IDEA sites scanned,10399,75,587,32,21,12,216,18,321,25,1021,46,1660,53
2026-06-19,372552c8f465521a27d6bb2d125a645948dc5a0c,IDEA live sites,6076,70,585,32,21,12,216,18,319,25,1012,46,1647,53
2026-06-19,372552c8f465521a27d6bb2d125a645948dc5a0c,"IDEA live, filtered sites",5922,70,579,32,21,12,213,18,317,25,998,46,1620,53
2026-06-19,372552c8f465521a27d6bb2d125a645948dc5a0c,"IDEA live, filtered, non-redirecting sites",5032,67,436,31,19,12,107,18,287,24,789,44,1237,51
2026-06-20,ac9349556bf5c175dd8cf0500b4df3f4191d9a6a,All sites scanned,30197,146,1152,43,27,12,522,19,528,37,2719,68,4094,79
2026-06-20,ac9349556bf5c175dd8cf0500b4df3f4191d9a6a,All live sites,13827,132,1112,43,27,12,489,19,523,37,2450,68,3749,79
2026-06-20,ac9349556bf5c175dd8cf0500b4df3f4191d9a6a,"All live, filtered sites",12609,131,1038,43,26,12,461,19,483,37,2264,68,3459,79
2026-06-20,ac9349556bf5c175dd8cf0500b4df3f4191d9a6a,"All live, filtered, non-redirecting sites",8841,130,595,42,20,11,147,19,401,36,1188,65,1776,77
2026-06-20,ac9349556bf5c175dd8cf0500b4df3f4191d9a6a,Executive sites scanned,28867,121,1147,41,27,12,522,19,523,35,2707,66,4078,74
2026-06-20,ac9349556bf5c175dd8cf0500b4df3f4191d9a6a,Executive live sites,12988,111,1107,41,27,12,489,19,518,35,2438,66,3733,74
2026-06-20,ac9349556bf5c175dd8cf0500b4df3f4191d9a6a,"Executive live, filtered sites",11779,111,1036,41,26,12,461,19,481,35,2257,66,3448,74
2026-06-20,ac9349556bf5c175dd8cf0500b4df3f4191d9a6a,"Executive live, filtered, non-redirecting sites",8092,110,593,40,20,11,147,19,399,34,1182,63,1767,72
2026-06-20,ac9349556bf5c175dd8cf0500b4df3f4191d9a6a,Legislative sites scanned,964,19,0,0,0,0,0,0,0,0,0,0,4,3
2026-06-20,ac9349556bf5c175dd8cf0500b4df3f4191d9a6a,Legislative live sites,743,15,0,0,0,0,0,0,0,0,0,0,4,3
2026-06-20,ac9349556bf5c175dd8cf0500b4df3f4191d9a6a,"Legislative live, filtered sites",741,14,0,0,0,0,0,0,0,0,0,0,4,3
2026-06-20,ac9349556bf5c175dd8cf0500b4df3f4191d9a6a,"Legislative live, filtered, non-redirecting sites",661,14,0,0,0,0,0,0,0,0,0,0,3,3
2026-06-20,ac9349556bf5c175dd8cf0500b4df3f4191d9a6a,Judicial sites scanned,360,5,5,2,0,0,0,0,5,2,12,2,12,2
2026-06-20,ac9349556bf5c175dd8cf0500b4df3f4191d9a6a,Judicial live sites,93,5,5,2,0,0,0,0,5,2,12,2,12,2
2026-06-20,ac9349556bf5c175dd8cf0500b4df3f4191d9a6a,"Judicial live, filtered sites",87,5,2,2,0,0,0,0,2,2,7,2,7,2
2026-06-20,ac9349556bf5c175dd8cf0500b4df3f4191d9a6a,"Judicial live, filtered, non-redirecting sites",86,5,2,2,0,0,0,0,2,2,6,2,6,2
2026-06-20,ac9349556bf5c175dd8cf0500b4df3f4191d9a6a,IDEA sites scanned,10399,75,583,32,21,11,215,18,318,25,1021,46,1654,53
2026-06-20,ac9349556bf5c175dd8cf0500b4df3f4191d9a6a,IDEA live sites,6083,70,582,32,21,11,215,18,317,25,1012,46,1642,53
2026-06-20,ac9349556bf5c175dd8cf0500b4df3f4191d9a6a,"IDEA live, filtered sites",5928,70,576,32,21,11,212,18,315,25,998,46,1615,53
2026-06-20,ac9349556bf5c175dd8cf0500b4df3f4191d9a6a,"IDEA live, filtered, non-redirecting sites",5044,67,436,31,18,11,109,18,284,24,788,44,1233,51
2026-06-21,87e5173101b3154d205589c87b0769d373c75d8b,All sites scanned,30197,146,1153,43,28,12,523,19,528,37,2724,68,4101,79
2026-06-21,87e5173101b3154d205589c87b0769d373c75d8b,All live sites,13834,132,1113,43,28,12,490,19,523,37,2453,68,3754,79
2026-06-21,87e5173101b3154d205589c87b0769d373c75d8b,"All live, filtered sites",12651,131,1039,43,27,12,462,19,483,37,2267,68,3464,79
2026-06-21,87e5173101b3154d205589c87b0769d373c75d8b,"All live, filtered, non-redirecting sites",8875,130,595,42,21,11,147,19,400,36,1187,65,1777,77
2026-06-21,87e5173101b3154d205589c87b0769d373c75d8b,Executive sites scanned,28867,121,1148,41,28,12,523,19,523,35,2712,66,4085,74
2026-06-21,87e5173101b3154d205589c87b0769d373c75d8b,Executive live sites,12996,111,1108,41,28,12,490,19,518,35,2441,66,3738,74
2026-06-21,87e5173101b3154d205589c87b0769d373c75d8b,"Executive live, filtered sites",11821,111,1037,41,27,12,462,19,481,35,2260,66,3453,74
2026-06-21,87e5173101b3154d205589c87b0769d373c75d8b,"Executive live, filtered, non-redirecting sites",8126,110,593,40,21,11,147,19,398,34,1181,63,1768,72
2026-06-21,87e5173101b3154d205589c87b0769d373c75d8b,Legislative sites scanned,964,19,0,0,0,0,0,0,0,0,0,0,4,3
2026-06-21,87e5173101b3154d205589c87b0769d373c75d8b,Legislative live sites,742,15,0,0,0,0,0,0,0,0,0,0,4,3
2026-06-21,87e5173101b3154d205589c87b0769d373c75d8b,"Legislative live, filtered sites",740,14,0,0,0,0,0,0,0,0,0,0,4,3
2026-06-21,87e5173101b3154d205589c87b0769d373c75d8b,"Legislative live, filtered, non-redirecting sites",660,14,0,0,0,0,0,0,0,0,0,0,3,3
2026-06-21,87e5173101b3154d205589c87b0769d373c75d8b,Judicial sites scanned,360,5,5,2,0,0,0,0,5,2,12,2,12,2
2026-06-21,87e5173101b3154d205589c87b0769d373c75d8b,Judicial live sites,93,5,5,2,0,0,0,0,5,2,12,2,12,2
2026-06-21,87e5173101b3154d205589c87b0769d373c75d8b,"Judicial live, filtered sites",87,5,2,2,0,0,0,0,2,2,7,2,7,2
2026-06-21,87e5173101b3154d205589c87b0769d373c75d8b,"Judicial live, filtered, non-redirecting sites",86,5,2,2,0,0,0,0,2,2,6,2,6,2
2026-06-21,87e5173101b3154d205589c87b0769d373c75d8b,IDEA sites scanned,10399,75,582,32,22,11,215,18,317,25,1023,46,1656,53
2026-06-21,87e5173101b3154d205589c87b0769d373c75d8b,IDEA live sites,6090,70,581,32,22,11,215,18,316,25,1013,46,1643,53
2026-06-21,87e5173101b3154d205589c87b0769d373c75d8b,"IDEA live, filtered sites",5937,70,575,32,22,11,212,18,314,25,999,46,1616,53
2026-06-21,87e5173101b3154d205589c87b0769d373c75d8b,"IDEA live, filtered, non-redirecting sites",5052,67,436,31,19,11,109,18,283,24,789,44,1234,51
2026-06-22,352cecf61e68ea1124c4ba8b6fcf1e24a554172d,All sites scanned,30164,146,1153,43,28,12,523,19,528,37,2724,68,4101,79
2026-06-22,352cecf61e68ea1124c4ba8b6fcf1e24a554172d,All live sites,13833,132,1113,43,28,12,490,19,523,37,2453,68,3754,79
2026-06-22,352cecf61e68ea1124c4ba8b6fcf1e24a554172d,"All live, filtered sites",12650,131,1039,43,27,12,462,19,483,37,2267,68,3464,79
2026-06-22,352cecf61e68ea1124c4ba8b6fcf1e24a554172d,"All live, filtered, non-redirecting sites",8874,130,595,42,21,11,147,19,400,36,1187,65,1777,77
2026-06-22,352cecf61e68ea1124c4ba8b6fcf1e24a554172d,Executive sites scanned,28834,121,1148,41,28,12,523,19,523,35,2712,66,4085,74
2026-06-22,352cecf61e68ea1124c4ba8b6fcf1e24a554172d,Executive live sites,12995,111,1108,41,28,12,490,19,518,35,2441,66,3738,74
2026-06-22,352cecf61e68ea1124c4ba8b6fcf1e24a554172d,"Executive live, filtered sites",11820,111,1037,41,27,12,462,19,481,35,2260,66,3453,74
2026-06-22,352cecf61e68ea1124c4ba8b6fcf1e24a554172d,"Executive live, filtered, non-redirecting sites",8125,110,593,40,21,11,147,19,398,34,1181,63,1768,72
2026-06-22,352cecf61e68ea1124c4ba8b6fcf1e24a554172d,Legislative sites scanned,964,19,0,0,0,0,0,0,0,0,0,0,4,3
2026-06-22,352cecf61e68ea1124c4ba8b6fcf1e24a554172d,Legislative live sites,742,15,0,0,0,0,0,0,0,0,0,0,4,3
2026-06-22,352cecf61e68ea1124c4ba8b6fcf1e24a554172d,"Legislative live, filtered sites",740,14,0,0,0,0,0,0,0,0,0,0,4,3
2026-06-22,352cecf61e68ea1124c4ba8b6fcf1e24a554172d,"Legislative live, filtered, non-redirecting sites",660,14,0,0,0,0,0,0,0,0,0,0,3,3
2026-06-22,352cecf61e68ea1124c4ba8b6fcf1e24a554172d,Judicial sites scanned,360,5,5,2,0,0,0,0,5,2,12,2,12,2
2026-06-22,352cecf61e68ea1124c4ba8b6fcf1e24a554172d,Judicial live sites,93,5,5,2,0,0,0,0,5,2,12,2,12,2
2026-06-22,352cecf61e68ea1124c4ba8b6fcf1e24a554172d,"Judicial live, filtered sites",87,5,2,2,0,0,0,0,2,2,7,2,7,2
2026-06-22,352cecf61e68ea1124c4ba8b6fcf1e24a554172d,"Judicial live, filtered, non-redirecting sites",86,5,2,2,0,0,0,0,2,2,6,2,6,2
2026-06-22,352cecf61e68ea1124c4ba8b6fcf1e24a554172d,IDEA sites scanned,10399,75,582,32,22,11,215,18,317,25,1023,46,1656,53
2026-06-22,352cecf61e68ea1124c4ba8b6fcf1e24a554172d,IDEA live sites,6090,70,581,32,22,11,215,18,316,25,1013,46,1643,53
2026-06-22,352cecf61e68ea1124c4ba8b6fcf1e24a554172d,"IDEA live, filtered sites",5937,70,575,32,22,11,212,18,314,25,999,46,1616,53
2026-06-22,352cecf61e68ea1124c4ba8b6fcf1e24a554172d,"IDEA live, filtered, non-redirecting sites",5052,67,436,31,19,11,109,18,283,24,789,44,1234,51
2026-06-23,cf3b49225410ac1777f6e0c5d25641df585ee7e3,All sites scanned,30175,146,1161,43,28,12,525,19,535,37,2708,68,4052,79
2026-06-23,cf3b49225410ac1777f6e0c5d25641df585ee7e3,All live sites,13763,131,1120,43,28,12,492,19,527,37,2440,68,3713,79
2026-06-23,cf3b49225410ac1777f6e0c5d25641df585ee7e3,"All live, filtered sites",12541,130,1047,43,27,12,465,19,488,37,2255,68,3426,79
2026-06-23,cf3b49225410ac1777f6e0c5d25641df585ee7e3,"All live, filtered, non-redirecting sites",8807,129,597,42,21,12,146,19,401,36,1184,65,1774,77
2026-06-23,cf3b49225410ac1777f6e0c5d25641df585ee7e3,Executive sites scanned,28845,121,1156,41,28,12,525,19,530,35,2696,66,4036,74
2026-06-23,cf3b49225410ac1777f6e0c5d25641df585ee7e3,Executive live sites,12921,110,1115,41,28,12,492,19,522,35,2428,66,3697,74
2026-06-23,cf3b49225410ac1777f6e0c5d25641df585ee7e3,"Executive live, filtered sites",11708,110,1045,41,27,12,465,19,486,35,2248,66,3415,74
2026-06-23,cf3b49225410ac1777f6e0c5d25641df585ee7e3,"Executive live, filtered, non-redirecting sites",8056,109,595,40,21,12,146,19,399,34,1178,63,1765,72
2026-06-23,cf3b49225410ac1777f6e0c5d25641df585ee7e3,Legislative sites scanned,964,19,0,0,0,0,0,0,0,0,0,0,4,3
2026-06-23,cf3b49225410ac1777f6e0c5d25641df585ee7e3,Legislative live sites,745,15,0,0,0,0,0,0,0,0,0,0,4,3
2026-06-23,cf3b49225410ac1777f6e0c5d25641df585ee7e3,"Legislative live, filtered sites",743,14,0,0,0,0,0,0,0,0,0,0,4,3
2026-06-23,cf3b49225410ac1777f6e0c5d25641df585ee7e3,"Legislative live, filtered, non-redirecting sites",662,14,0,0,0,0,0,0,0,0,0,0,3,3
2026-06-23,cf3b49225410ac1777f6e0c5d25641df585ee7e3,Judicial sites scanned,360,5,5,2,0,0,0,0,5,2,12,2,12,2
2026-06-23,cf3b49225410ac1777f6e0c5d25641df585ee7e3,Judicial live sites,94,5,5,2,0,0,0,0,5,2,12,2,12,2
2026-06-23,cf3b49225410ac1777f6e0c5d25641df585ee7e3,"Judicial live, filtered sites",88,5,2,2,0,0,0,0,2,2,7,2,7,2
2026-06-23,cf3b49225410ac1777f6e0c5d25641df585ee7e3,"Judicial live, filtered, non-redirecting sites",87,5,2,2,0,0,0,0,2,2,6,2,6,2
2026-06-23,cf3b49225410ac1777f6e0c5d25641df585ee7e3,IDEA sites scanned,10399,75,591,32,22,12,213,18,324,25,1020,46,1654,53
2026-06-23,cf3b49225410ac1777f6e0c5d25641df585ee7e3,IDEA live sites,6066,70,589,32,22,12,213,18,322,25,1011,46,1641,53
2026-06-23,cf3b49225410ac1777f6e0c5d25641df585ee7e3,"IDEA live, filtered sites",5907,70,583,32,22,12,210,18,320,25,997,46,1614,53
2026-06-23,cf3b49225410ac1777f6e0c5d25641df585ee7e3,"IDEA live, filtered, non-redirecting sites",5022,67,439,31,19,12,105,18,288,24,786,44,1232,51
2026-06-24,dbe19bc9d04e75cc7995d5bc510d2180f9d18011,All sites scanned,30175,146,1162,43,27,12,525,19,536,37,2710,68,4053,79
2026-06-24,dbe19bc9d04e75cc7995d5bc510d2180f9d18011,All live sites,13761,131,1121,43,27,12,492,19,528,37,2443,68,3715,79
2026-06-24,dbe19bc9d04e75cc7995d5bc510d2180f9d18011,"All live, filtered sites",12577,130,1048,43,26,12,465,19,489,37,2258,68,3428,79
2026-06-24,dbe19bc9d04e75cc7995d5bc510d2180f9d18011,"All live, filtered, non-redirecting sites",8833,129,597,42,20,12,146,19,402,36,1186,65,1775,77
2026-06-24,dbe19bc9d04e75cc7995d5bc510d2180f9d18011,Executive sites scanned,28845,121,1157,41,27,12,525,19,531,35,2698,66,4037,74
2026-06-24,dbe19bc9d04e75cc7995d5bc510d2180f9d18011,Executive live sites,12918,110,1116,41,27,12,492,19,523,35,2431,66,3699,74
2026-06-24,dbe19bc9d04e75cc7995d5bc510d2180f9d18011,"Executive live, filtered sites",11742,110,1046,41,26,12,465,19,487,35,2251,66,3417,74
2026-06-24,dbe19bc9d04e75cc7995d5bc510d2180f9d18011,"Executive live, filtered, non-redirecting sites",8080,109,595,40,20,12,146,19,400,34,1180,63,1766,72
2026-06-24,dbe19bc9d04e75cc7995d5bc510d2180f9d18011,Legislative sites scanned,964,19,0,0,0,0,0,0,0,0,0,0,4,3
2026-06-24,dbe19bc9d04e75cc7995d5bc510d2180f9d18011,Legislative live sites,746,15,0,0,0,0,0,0,0,0,0,0,4,3
2026-06-24,dbe19bc9d04e75cc7995d5bc510d2180f9d18011,"Legislative live, filtered sites",744,14,0,0,0,0,0,0,0,0,0,0,4,3
2026-06-24,dbe19bc9d04e75cc7995d5bc510d2180f9d18011,"Legislative live, filtered, non-redirecting sites",663,14,0,0,0,0,0,0,0,0,0,0,3,3
2026-06-24,dbe19bc9d04e75cc7995d5bc510d2180f9d18011,Judicial sites scanned,360,5,5,2,0,0,0,0,5,2,12,2,12,2
2026-06-24,dbe19bc9d04e75cc7995d5bc510d2180f9d18011,Judicial live sites,94,5,5,2,0,0,0,0,5,2,12,2,12,2
2026-06-24,dbe19bc9d04e75cc7995d5bc510d2180f9d18011,"Judicial live, filtered sites",88,5,2,2,0,0,0,0,2,2,7,2,7,2
2026-06-24,dbe19bc9d04e75cc7995d5bc510d2180f9d18011,"Judicial live, filtered, non-redirecting sites",87,5,2,2,0,0,0,0,2,2,6,2,6,2
2026-06-24,dbe19bc9d04e75cc7995d5bc510d2180f9d18011,IDEA sites scanned,10399,75,592,32,21,12,213,18,325,25,1021,46,1655,53
2026-06-24,dbe19bc9d04e75cc7995d5bc510d2180f9d18011,IDEA live sites,6061,70,590,32,21,12,213,18,323,25,1012,46,1642,53
2026-06-24,dbe19bc9d04e75cc7995d5bc510d2180f9d18011,"IDEA live, filtered sites",5905,70,584,32,21,12,210,18,321,25,998,46,1615,53
2026-06-24,dbe19bc9d04e75cc7995d5bc510d2180f9d18011,"IDEA live, filtered, non-redirecting sites",5020,67,439,31,18,12,105,18,289,24,786,44,1232,51
2026-06-26,e6c3420dacfdb84a15f4c79707b269118caf7c97,All sites scanned,1941,39,7,5,0,0,0,0,7,5,50,15,76,16
2026-06-26,e6c3420dacfdb84a15f4c79707b269118caf7c97,All live sites,497,29,7,5,0,0,0,0,7,5,48,15,73,16
2026-06-26,e6c3420dacfdb84a15f4c79707b269118caf7c97,"All live, filtered sites",447,29,7,5,0,0,0,0,7,5,48,15,72,16
2026-06-26,e6c3420dacfdb84a15f4c79707b269118caf7c97,"All live, filtered, non-redirecting sites",337,26,6,5,0,0,0,0,6,5,38,12,52,12
2026-06-26,e6c3420dacfdb84a15f4c79707b269118caf7c97,Executive sites scanned,1934,34,7,5,0,0,0,0,7,5,50,15,76,16
2026-06-26,e6c3420dacfdb84a15f4c79707b269118caf7c97,Executive live sites,492,25,7,5,0,0,0,0,7,5,48,15,73,16
2026-06-26,e6c3420dacfdb84a15f4c79707b269118caf7c97,"Executive live, filtered sites",442,25,7,5,0,0,0,0,7,5,48,15,72,16
2026-06-26,e6c3420dacfdb84a15f4c79707b269118caf7c97,"Executive live, filtered, non-redirecting sites",335,24,6,5,0,0,0,0,6,5,38,12,52,12
2026-06-26,e6c3420dacfdb84a15f4c79707b269118caf7c97,Legislative sites scanned,7,5,0,0,0,0,0,0,0,0,0,0,0,0
2026-06-26,e6c3420dacfdb84a15f4c79707b269118caf7c97,Legislative live sites,5,4,0,0,0,0,0,0,0,0,0,0,0,0
2026-06-26,e6c3420dacfdb84a15f4c79707b269118caf7c97,"Legislative live, filtered sites",5,4,0,0,0,0,0,0,0,0,0,0,0,0
2026-06-26,e6c3420dacfdb84a15f4c79707b269118caf7c97,"Legislative live, filtered, non-redirecting sites",2,2,0,0,0,0,0,0,0,0,0,0,0,0
2026-06-26,e6c3420dacfdb84a15f4c79707b269118caf7c97,Judicial sites scanned,0,0,0,0,0,0,0,0,0,0,0,0,0,0
2026-06-26,e6c3420dacfdb84a15f4c79707b269118caf7c97,Judicial live sites,0,0,0,0,0,0,0,0,0,0,0,0,0,0
2026-06-26,e6c3420dacfdb84a15f4c79707b269118caf7c97,"Judicial live, filtered sites",0,0,0,0,0,0,0,0,0,0,0,0,0,0
2026-06-26,e6c3420dacfdb84a15f4c79707b269118caf7c97,"Judicial live, filtered, non-redirecting sites",0,0,0,0,0,0,0,0,0,0,0,0,0,0
2026-06-26,e6c3420dacfdb84a15f4c79707b269118caf7c97,IDEA sites scanned,843,18,3,3,0,0,0,0,3,3,24,10,38,10
2026-06-26,e6c3420dacfdb84a15f4c79707b269118caf7c97,IDEA live sites,178,15,3,3,0,0,0,0,3,3,24,10,38,10
2026-06-26,e6c3420dacfdb84a15f4c79707b269118caf7c97,"IDEA live, filtered sites",175,15,3,3,0,0,0,0,3,3,24,10,38,10
2026-06-26,e6c3420dacfdb84a15f4c79707b269118caf7c97,"IDEA live, filtered, non-redirecting sites",149,15,3,3,0,0,0,0,3,3,24,10,35,10
2026-06-27,74288fa2a06f80a0ba7438e2967e9b5235d1e860,All sites scanned,27814,146,1123,44,25,11,506,19,524,37,2254,68,3587,79
2026-06-27,74288fa2a06f80a0ba7438e2967e9b5235d1e860,All live sites,12339,131,1086,44,25,11,474,19,519,37,2162,68,3422,79
2026-06-27,74288fa2a06f80a0ba7438e2967e9b5235d1e860,"All live, filtered sites",11354,130,1015,44,24,11,450,19,478,37,1991,68,3172,79
2026-06-27,74288fa2a06f80a0ba7438e2967e9b5235d1e860,"All live, filtered, non-redirecting sites",7800,129,572,42,19,11,134,19,392,35,1138,65,1701,77
2026-06-27,74288fa2a06f80a0ba7438e2967e9b5235d1e860,Executive sites scanned,26597,121,1118,42,25,11,506,19,519,35,2245,66,3574,74
2026-06-27,74288fa2a06f80a0ba7438e2967e9b5235d1e860,Executive live sites,11584,111,1081,42,25,11,474,19,514,35,2153,66,3409,74
2026-06-27,74288fa2a06f80a0ba7438e2967e9b5235d1e860,"Executive live, filtered sites",10604,111,1013,42,24,11,450,19,476,35,1985,66,3162,74
2026-06-27,74288fa2a06f80a0ba7438e2967e9b5235d1e860,"Executive live, filtered, non-redirecting sites",7130,110,570,40,19,11,134,19,390,33,1133,63,1693,72
2026-06-27,74288fa2a06f80a0ba7438e2967e9b5235d1e860,Legislative sites scanned,868,19,0,0,0,0,0,0,0,0,0,0,4,3
2026-06-27,74288fa2a06f80a0ba7438e2967e9b5235d1e860,Legislative live sites,671,15,0,0,0,0,0,0,0,0,0,0,4,3
2026-06-27,74288fa2a06f80a0ba7438e2967e9b5235d1e860,"Legislative live, filtered sites",669,14,0,0,0,0,0,0,0,0,0,0,4,3
2026-06-27,74288fa2a06f80a0ba7438e2967e9b5235d1e860,"Legislative live, filtered, non-redirecting sites",590,14,0,0,0,0,0,0,0,0,0,0,3,3
2026-06-27,74288fa2a06f80a0ba7438e2967e9b5235d1e860,Judicial sites scanned,343,5,5,2,0,0,0,0,5,2,9,2,9,2
2026-06-27,74288fa2a06f80a0ba7438e2967e9b5235d1e860,Judicial live sites,81,4,5,2,0,0,0,0,5,2,9,2,9,2
2026-06-27,74288fa2a06f80a0ba7438e2967e9b5235d1e860,"Judicial live, filtered sites",78,4,2,2,0,0,0,0,2,2,6,2,6,2
2026-06-27,74288fa2a06f80a0ba7438e2967e9b5235d1e860,"Judicial live, filtered, non-redirecting sites",77,4,2,2,0,0,0,0,2,2,5,2,5,2
2026-06-27,74288fa2a06f80a0ba7438e2967e9b5235d1e860,IDEA sites scanned,10374,75,592,33,21,11,217,18,324,26,1007,46,1650,53
2026-06-27,74288fa2a06f80a0ba7438e2967e9b5235d1e860,IDEA live sites,5957,70,591,33,21,11,217,18,323,26,999,46,1639,53
2026-06-27,74288fa2a06f80a0ba7438e2967e9b5235d1e860,"IDEA live, filtered sites",5803,70,585,33,21,11,214,18,321,26,986,46,1613,53
2026-06-27,74288fa2a06f80a0ba7438e2967e9b5235d1e860,"IDEA live, filtered, non-redirecting sites",4923,67,438,31,18,11,106,18,288,24,782,44,1230,51
2026-06-28,f8aa17c523bad660e86ba09e2ae58d3be94c8120,All sites scanned,27789,146,1131,43,25,11,505,19,519,37,2255,68,3580,79
2026-06-28,f8aa17c523bad660e86ba09e2ae58d3be94c8120,All live sites,12317,132,1093,43,25,11,473,19,514,37,2173,68,3424,79
2026-06-28,f8aa17c523bad660e86ba09e2ae58d3be94c8120,"All live, filtered sites",11356,131,1024,43,24,11,449,19,475,37,2000,68,3174,79
2026-06-28,f8aa17c523bad660e86ba09e2ae58d3be94c8120,"All live, filtered, non-redirecting sites",7802,130,570,41,19,11,133,18,388,36,1142,64,1700,77
2026-06-28,f8aa17c523bad660e86ba09e2ae58d3be94c8120,Executive sites scanned,26572,121,1126,41,25,11,505,19,514,35,2246,66,3567,74
2026-06-28,f8aa17c523bad660e86ba09e2ae58d3be94c8120,Executive live sites,11561,111,1088,41,25,11,473,19,509,35,2164,66,3411,74
2026-06-28,f8aa17c523bad660e86ba09e2ae58d3be94c8120,"Executive live, filtered sites",10605,111,1022,41,24,11,449,19,473,35,1994,66,3164,74
2026-06-28,f8aa17c523bad660e86ba09e2ae58d3be94c8120,"Executive live, filtered, non-redirecting sites",7131,110,568,39,19,11,133,18,386,34,1137,62,1692,72
2026-06-28,f8aa17c523bad660e86ba09e2ae58d3be94c8120,Legislative sites scanned,868,19,0,0,0,0,0,0,0,0,0,0,4,3
2026-06-28,f8aa17c523bad660e86ba09e2ae58d3be94c8120,Legislative live sites,671,15,0,0,0,0,0,0,0,0,0,0,4,3
2026-06-28,f8aa17c523bad660e86ba09e2ae58d3be94c8120,"Legislative live, filtered sites",669,14,0,0,0,0,0,0,0,0,0,0,4,3
2026-06-28,f8aa17c523bad660e86ba09e2ae58d3be94c8120,"Legislative live, filtered, non-redirecting sites",590,14,0,0,0,0,0,0,0,0,0,0,3,3
2026-06-28,f8aa17c523bad660e86ba09e2ae58d3be94c8120,Judicial sites scanned,343,5,5,2,0,0,0,0,5,2,9,2,9,2
2026-06-28,f8aa17c523bad660e86ba09e2ae58d3be94c8120,Judicial live sites,82,5,5,2,0,0,0,0,5,2,9,2,9,2
2026-06-28,f8aa17c523bad660e86ba09e2ae58d3be94c8120,"Judicial live, filtered sites",79,5,2,2,0,0,0,0,2,2,6,2,6,2
2026-06-28,f8aa17c523bad660e86ba09e2ae58d3be94c8120,"Judicial live, filtered, non-redirecting sites",78,5,2,2,0,0,0,0,2,2,5,2,5,2
2026-06-28,f8aa17c523bad660e86ba09e2ae58d3be94c8120,IDEA sites scanned,10374,75,589,31,21,11,216,17,319,25,1019,45,1657,53
2026-06-28,f8aa17c523bad660e86ba09e2ae58d3be94c8120,IDEA live sites,5962,70,588,31,21,11,216,17,318,25,1011,45,1646,53
2026-06-28,f8aa17c523bad660e86ba09e2ae58d3be94c8120,"IDEA live, filtered sites",5811,70,582,31,21,11,213,17,316,25,998,45,1620,53
2026-06-28,f8aa17c523bad660e86ba09e2ae58d3be94c8120,"IDEA live, filtered, non-redirecting sites",4922,67,436,30,18,11,105,17,284,24,787,43,1231,51
2026-06-29,c1fe72da16f932631ab990133fe0286859b464f1,All sites scanned,27789,146,1131,43,25,11,505,19,519,37,2255,68,3580,79
2026-06-29,c1fe72da16f932631ab990133fe0286859b464f1,All live sites,12317,132,1093,43,25,11,473,19,514,37,2173,68,3424,79
2026-06-29,c1fe72da16f932631ab990133fe0286859b464f1,"All live, filtered sites",11358,131,1024,43,24,11,449,19,475,37,2000,68,3174,79
2026-06-29,c1fe72da16f932631ab990133fe0286859b464f1,"All live, filtered, non-redirecting sites",7803,130,570,41,19,11,133,18,388,36,1142,64,1700,77
2026-06-29,c1fe72da16f932631ab990133fe0286859b464f1,Executive sites scanned,26572,121,1126,41,25,11,505,19,514,35,2246,66,3567,74
2026-06-29,c1fe72da16f932631ab990133fe0286859b464f1,Executive live sites,11561,111,1088,41,25,11,473,19,509,35,2164,66,3411,74
2026-06-29,c1fe72da16f932631ab990133fe0286859b464f1,"Executive live, filtered sites",10607,111,1022,41,24,11,449,19,473,35,1994,66,3164,74
2026-06-29,c1fe72da16f932631ab990133fe0286859b464f1,"Executive live, filtered, non-redirecting sites",7132,110,568,39,19,11,133,18,386,34,1137,62,1692,72
2026-06-29,c1fe72da16f932631ab990133fe0286859b464f1,Legislative sites scanned,868,19,0,0,0,0,0,0,0,0,0,0,4,3
2026-06-29,c1fe72da16f932631ab990133fe0286859b464f1,Legislative live sites,671,15,0,0,0,0,0,0,0,0,0,0,4,3
2026-06-29,c1fe72da16f932631ab990133fe0286859b464f1,"Legislative live, filtered sites",669,14,0,0,0,0,0,0,0,0,0,0,4,3
2026-06-29,c1fe72da16f932631ab990133fe0286859b464f1,"Legislative live, filtered, non-redirecting sites",590,14,0,0,0,0,0,0,0,0,0,0,3,3
2026-06-29,c1fe72da16f932631ab990133fe0286859b464f1,Judicial sites scanned,343,5,5,2,0,0,0,0,5,2,9,2,9,2
2026-06-29,c1fe72da16f932631ab990133fe0286859b464f1,Judicial live sites,82,5,5,2,0,0,0,0,5,2,9,2,9,2
2026-06-29,c1fe72da16f932631ab990133fe0286859b464f1,"Judicial live, filtered sites",79,5,2,2,0,0,0,0,2,2,6,2,6,2
2026-06-29,c1fe72da16f932631ab990133fe0286859b464f1,"Judicial live, filtered, non-redirecting sites",78,5,2,2,0,0,0,0,2,2,5,2,5,2
2026-06-29,c1fe72da16f932631ab990133fe0286859b464f1,IDEA sites scanned,10374,75,589,31,21,11,216,17,319,25,1019,45,1657,53
2026-06-29,c1fe72da16f932631ab990133fe0286859b464f1,IDEA live sites,5962,70,588,31,21,11,216,17,318,25,1011,45,1646,53
2026-06-29,c1fe72da16f932631ab990133fe0286859b464f1,"IDEA live, filtered sites",5811,70,582,31,21,11,213,17,316,25,998,45,1620,53
2026-06-29,c1fe72da16f932631ab990133fe0286859b464f1,"IDEA live, filtered, non-redirecting sites",4922,67,436,30,18,11,105,17,284,24,787,43,1231,51
2026-06-30,ed8b6ef6deb8d2ae384e633c859e1e49d2f6183d,All sites scanned,29298,146,1142,44,31,11,507,19,529,38,2306,68,3686,79
2026-06-30,ed8b6ef6deb8d2ae384e633c859e1e49d2f6183d,All live sites,13239,132,1104,44,31,11,475,19,524,38,2213,68,3518,79
2026-06-30,ed8b6ef6deb8d2ae384e633c859e1e49d2f6183d,"All live, filtered sites",12208,130,1034,44,30,11,451,19,484,38,2046,68,3261,79
2026-06-30,ed8b6ef6deb8d2ae384e633c859e1e49d2f6183d,"All live, filtered, non-redirecting sites",8509,129,582,42,24,11,133,18,397,37,1179,64,1763,77
2026-06-30,ed8b6ef6deb8d2ae384e633c859e1e49d2f6183d,Executive sites scanned,27876,121,1137,42,31,11,507,19,524,36,2295,66,3671,74
2026-06-30,ed8b6ef6deb8d2ae384e633c859e1e49d2f6183d,Executive live sites,12314,111,1099,42,31,11,475,19,519,36,2202,66,3503,74
2026-06-30,ed8b6ef6deb8d2ae384e633c859e1e49d2f6183d,"Executive live, filtered sites",11291,111,1032,42,30,11,451,19,482,36,2038,66,3249,74
2026-06-30,ed8b6ef6deb8d2ae384e633c859e1e49d2f6183d,"Executive live, filtered, non-redirecting sites",7678,110,580,40,24,11,133,18,395,35,1173,62,1754,72
2026-06-30,ed8b6ef6deb8d2ae384e633c859e1e49d2f6183d,Legislative sites scanned,1005,19,0,0,0,0,0,0,0,0,0,0,4,3
2026-06-30,ed8b6ef6deb8d2ae384e633c859e1e49d2f6183d,Legislative live sites,786,15,0,0,0,0,0,0,0,0,0,0,4,3
2026-06-30,ed8b6ef6deb8d2ae384e633c859e1e49d2f6183d,"Legislative live, filtered sites",784,14,0,0,0,0,0,0,0,0,0,0,4,3
2026-06-30,ed8b6ef6deb8d2ae384e633c859e1e49d2f6183d,"Legislative live, filtered, non-redirecting sites",701,14,0,0,0,0,0,0,0,0,0,0,3,3
2026-06-30,ed8b6ef6deb8d2ae384e633c859e1e49d2f6183d,Judicial sites scanned,411,5,5,2,0,0,0,0,5,2,11,2,11,2
2026-06-30,ed8b6ef6deb8d2ae384e633c859e1e49d2f6183d,Judicial live sites,138,5,5,2,0,0,0,0,5,2,11,2,11,2
2026-06-30,ed8b6ef6deb8d2ae384e633c859e1e49d2f6183d,"Judicial live, filtered sites",133,5,2,2,0,0,0,0,2,2,8,2,8,2
2026-06-30,ed8b6ef6deb8d2ae384e633c859e1e49d2f6183d,"Judicial live, filtered, non-redirecting sites",130,5,2,2,0,0,0,0,2,2,6,2,6,2
2026-06-30,ed8b6ef6deb8d2ae384e633c859e1e49d2f6183d,IDEA sites scanned,10374,75,583,32,24,11,211,17,320,26,1014,45,1659,53
2026-06-30,ed8b6ef6deb8d2ae384e633c859e1e49d2f6183d,IDEA live sites,5995,70,582,32,24,11,211,17,319,26,1005,45,1647,53
2026-06-30,ed8b6ef6deb8d2ae384e633c859e1e49d2f6183d,"IDEA live, filtered sites",5840,70,577,32,24,11,209,17,317,26,992,45,1621,53
2026-06-30,ed8b6ef6deb8d2ae384e633c859e1e49d2f6183d,"IDEA live, filtered, non-redirecting sites",4957,67,435,31,22,11,101,17,288,25,785,43,1236,51
2026-07-01,4eb7357ebffa13723d83cef36a64554f6a85392f,All sites scanned,29257,146,1143,44,31,11,508,19,528,38,2305,68,3685,79
2026-07-01,4eb7357ebffa13723d83cef36a64554f6a85392f,All live sites,13234,132,1105,44,31,11,476,19,523,38,2212,68,3517,79
2026-07-01,4eb7357ebffa13723d83cef36a64554f6a85392f,"All live, filtered sites",12242,131,1036,44,30,11,452,19,484,38,2045,68,3261,79
2026-07-01,4eb7357ebffa13723d83cef36a64554f6a85392f,"All live, filtered, non-redirecting sites",8538,130,583,43,24,11,134,19,397,37,1179,65,1764,77
2026-07-01,4eb7357ebffa13723d83cef36a64554f6a85392f,Executive sites scanned,27835,121,1138,42,31,11,508,19,523,36,2294,66,3670,74
2026-07-01,4eb7357ebffa13723d83cef36a64554f6a85392f,Executive live sites,12309,111,1100,42,31,11,476,19,518,36,2201,66,3502,74
2026-07-01,4eb7357ebffa13723d83cef36a64554f6a85392f,"Executive live, filtered sites",11324,111,1034,42,30,11,452,19,482,36,2037,66,3249,74
2026-07-01,4eb7357ebffa13723d83cef36a64554f6a85392f,"Executive live, filtered, non-redirecting sites",7706,110,581,41,24,11,134,19,395,35,1173,63,1755,72
2026-07-01,4eb7357ebffa13723d83cef36a64554f6a85392f,Legislative sites scanned,1005,19,0,0,0,0,0,0,0,0,0,0,4,3
2026-07-01,4eb7357ebffa13723d83cef36a64554f6a85392f,Legislative live sites,786,15,0,0,0,0,0,0,0,0,0,0,4,3
2026-07-01,4eb7357ebffa13723d83cef36a64554f6a85392f,"Legislative live, filtered sites",784,14,0,0,0,0,0,0,0,0,0,0,4,3
2026-07-01,4eb7357ebffa13723d83cef36a64554f6a85392f,"Legislative live, filtered, non-redirecting sites",701,14,0,0,0,0,0,0,0,0,0,0,3,3
2026-07-01,4eb7357ebffa13723d83cef36a64554f6a85392f,Judicial sites scanned,411,5,5,2,0,0,0,0,5,2,11,2,11,2
2026-07-01,4eb7357ebffa13723d83cef36a64554f6a85392f,Judicial live sites,138,5,5,2,0,0,0,0,5,2,11,2,11,2
2026-07-01,4eb7357ebffa13723d83cef36a64554f6a85392f,"Judicial live, filtered sites",133,5,2,2,0,0,0,0,2,2,8,2,8,2
2026-07-01,4eb7357ebffa13723d83cef36a64554f6a85392f,"Judicial live, filtered, non-redirecting sites",130,5,2,2,0,0,0,0,2,2,6,2,6,2
2026-07-01,4eb7357ebffa13723d83cef36a64554f6a85392f,IDEA sites scanned,10374,75,584,33,24,11,212,18,320,26,1015,46,1660,53
2026-07-01,4eb7357ebffa13723d83cef36a64554f6a85392f,IDEA live sites,5996,70,583,33,24,11,212,18,319,26,1006,46,1648,53
2026-07-01,4eb7357ebffa13723d83cef36a64554f6a85392f,"IDEA live, filtered sites",5844,70,578,33,24,11,210,18,317,26,993,46,1622,53
2026-07-01,4eb7357ebffa13723d83cef36a64554f6a85392f,"IDEA live, filtered, non-redirecting sites",4961,67,436,32,22,11,102,18,288,25,786,44,1237,51
2026-07-02,af005321987d218bf0a01270b7ee28f8ed0119d7,All sites scanned,29427,146,1170,43,29,11,525,20,540,37,2727,69,4105,80
2026-07-02,af005321987d218bf0a01270b7ee28f8ed0119d7,All live sites,13563,132,1134,43,29,11,494,20,535,37,2462,69,3766,80
2026-07-02,af005321987d218bf0a01270b7ee28f8ed0119d7,"All live, filtered sites",12538,131,1061,43,28,11,469,20,494,37,2286,69,3498,80
2026-07-02,af005321987d218bf0a01270b7ee28f8ed0119d7,"All live, filtered, non-redirecting sites",8557,130,585,42,21,11,135,19,401,36,1187,66,1766,78
2026-07-02,af005321987d218bf0a01270b7ee28f8ed0119d7,Executive sites scanned,27978,121,1165,41,29,11,525,20,535,35,2715,67,4089,75
2026-07-02,af005321987d218bf0a01270b7ee28f8ed0119d7,Executive live sites,12613,111,1129,41,29,11,494,20,530,35,2450,67,3750,75
2026-07-02,af005321987d218bf0a01270b7ee28f8ed0119d7,"Executive live, filtered sites",11595,111,1059,41,28,11,469,20,492,35,2277,67,3485,75
2026-07-02,af005321987d218bf0a01270b7ee28f8ed0119d7,"Executive live, filtered, non-redirecting sites",7701,110,583,40,21,11,135,19,399,34,1180,64,1756,73
2026-07-02,af005321987d218bf0a01270b7ee28f8ed0119d7,Legislative sites scanned,1029,19,0,0,0,0,0,0,0,0,0,0,4,3
2026-07-02,af005321987d218bf0a01270b7ee28f8ed0119d7,Legislative live sites,807,15,0,0,0,0,0,0,0,0,0,0,4,3
2026-07-02,af005321987d218bf0a01270b7ee28f8ed0119d7,"Legislative live, filtered sites",805,14,0,0,0,0,0,0,0,0,0,0,4,3
2026-07-02,af005321987d218bf0a01270b7ee28f8ed0119d7,"Legislative live, filtered, non-redirecting sites",721,14,0,0,0,0,0,0,0,0,0,0,3,3
2026-07-02,af005321987d218bf0a01270b7ee28f8ed0119d7,Judicial sites scanned,414,5,5,2,0,0,0,0,5,2,12,2,12,2
2026-07-02,af005321987d218bf0a01270b7ee28f8ed0119d7,Judicial live sites,140,5,5,2,0,0,0,0,5,2,12,2,12,2
2026-07-02,af005321987d218bf0a01270b7ee28f8ed0119d7,"Judicial live, filtered sites",135,5,2,2,0,0,0,0,2,2,9,2,9,2
2026-07-02,af005321987d218bf0a01270b7ee28f8ed0119d7,"Judicial live, filtered, non-redirecting sites",132,5,2,2,0,0,0,0,2,2,7,2,7,2
2026-07-02,af005321987d218bf0a01270b7ee28f8ed0119d7,IDEA sites scanned,10374,75,581,32,22,11,208,18,322,25,1019,47,1656,54
2026-07-02,af005321987d218bf0a01270b7ee28f8ed0119d7,IDEA live sites,5947,70,580,32,22,11,208,18,321,25,1010,47,1644,54
2026-07-02,af005321987d218bf0a01270b7ee28f8ed0119d7,"IDEA live, filtered sites",5794,70,574,32,22,11,205,18,319,25,997,47,1617,54
2026-07-02,af005321987d218bf0a01270b7ee28f8ed0119d7,"IDEA live, filtered, non-redirecting sites",4905,67,428,31,19,11,97,18,288,24,782,45,1223,52
2026-07-03,44dac432d74b3f26359affbf89cb7c5d9c5c6fd5,All sites scanned,29430,146,1171,43,29,11,524,20,540,37,2734,69,4106,80
2026-07-03,44dac432d74b3f26359affbf89cb7c5d9c5c6fd5,All live sites,13564,131,1135,43,29,11,493,20,535,37,2469,69,3767,80
2026-07-03,44dac432d74b3f26359affbf89cb7c5d9c5c6fd5,"All live, filtered sites",12565,130,1063,43,28,11,468,20,495,37,2293,69,3501,80
2026-07-03,44dac432d74b3f26359affbf89cb7c5d9c5c6fd5,"All live, filtered, non-redirecting sites",8576,129,586,42,21,11,135,19,401,36,1191,66,1768,78
2026-07-03,44dac432d74b3f26359affbf89cb7c5d9c5c6fd5,Executive sites scanned,27981,121,1166,41,29,11,524,20,535,35,2722,67,4090,75
2026-07-03,44dac432d74b3f26359affbf89cb7c5d9c5c6fd5,Executive live sites,12614,110,1130,41,29,11,493,20,530,35,2457,67,3751,75
2026-07-03,44dac432d74b3f26359affbf89cb7c5d9c5c6fd5,"Executive live, filtered sites",11622,110,1061,41,28,11,468,20,493,35,2284,67,3488,75
2026-07-03,44dac432d74b3f26359affbf89cb7c5d9c5c6fd5,"Executive live, filtered, non-redirecting sites",7720,109,584,40,21,11,135,19,399,34,1184,64,1758,73
2026-07-03,44dac432d74b3f26359affbf89cb7c5d9c5c6fd5,Legislative sites scanned,1029,19,0,0,0,0,0,0,0,0,0,0,4,3
2026-07-03,44dac432d74b3f26359affbf89cb7c5d9c5c6fd5,Legislative live sites,807,15,0,0,0,0,0,0,0,0,0,0,4,3
2026-07-03,44dac432d74b3f26359affbf89cb7c5d9c5c6fd5,"Legislative live, filtered sites",805,14,0,0,0,0,0,0,0,0,0,0,4,3
2026-07-03,44dac432d74b3f26359affbf89cb7c5d9c5c6fd5,"Legislative live, filtered, non-redirecting sites",721,14,0,0,0,0,0,0,0,0,0,0,3,3
2026-07-03,44dac432d74b3f26359affbf89cb7c5d9c5c6fd5,Judicial sites scanned,414,5,5,2,0,0,0,0,5,2,12,2,12,2
2026-07-03,44dac432d74b3f26359affbf89cb7c5d9c5c6fd5,Judicial live sites,140,5,5,2,0,0,0,0,5,2,12,2,12,2
2026-07-03,44dac432d74b3f26359affbf89cb7c5d9c5c6fd5,"Judicial live, filtered sites",135,5,2,2,0,0,0,0,2,2,9,2,9,2
2026-07-03,44dac432d74b3f26359affbf89cb7c5d9c5c6fd5,"Judicial live, filtered, non-redirecting sites",132,5,2,2,0,0,0,0,2,2,7,2,7,2
2026-07-03,44dac432d74b3f26359affbf89cb7c5d9c5c6fd5,IDEA sites scanned,10373,75,580,32,22,11,207,18,321,25,1020,47,1655,54
2026-07-03,44dac432d74b3f26359affbf89cb7c5d9c5c6fd5,IDEA live sites,5950,70,579,32,22,11,207,18,320,25,1011,47,1643,54
2026-07-03,44dac432d74b3f26359affbf89cb7c5d9c5c6fd5,"IDEA live, filtered sites",5800,70,573,32,22,11,204,18,318,25,998,47,1616,54
2026-07-03,44dac432d74b3f26359affbf89cb7c5d9c5c6fd5,"IDEA live, filtered, non-redirecting sites",4912,67,428,31,19,11,97,18,287,24,783,45,1223,52
2026-07-04,a94c999698a31c0f0b071ceafea0cea4f2dff4cc,All sites scanned,29494,146,1178,43,27,11,529,20,538,37,2740,69,4122,80
2026-07-04,a94c999698a31c0f0b071ceafea0cea4f2dff4cc,All live sites,13580,131,1141,43,27,11,498,20,533,37,2474,69,3781,80
2026-07-04,a94c999698a31c0f0b071ceafea0cea4f2dff4cc,"All live, filtered sites",12554,130,1070,43,26,11,475,20,492,37,2302,69,3516,80
2026-07-04,a94c999698a31c0f0b071ceafea0cea4f2dff4cc,"All live, filtered, non-redirecting sites",8602,129,590,42,20,11,139,20,401,36,1203,66,1785,78
2026-07-04,a94c999698a31c0f0b071ceafea0cea4f2dff4cc,Executive sites scanned,28045,121,1173,41,27,11,529,20,533,35,2728,67,4106,75
2026-07-04,a94c999698a31c0f0b071ceafea0cea4f2dff4cc,Executive live sites,12631,110,1136,41,27,11,498,20,528,35,2462,67,3765,75
2026-07-04,a94c999698a31c0f0b071ceafea0cea4f2dff4cc,"Executive live, filtered sites",11612,110,1068,41,26,11,475,20,490,35,2293,67,3503,75
2026-07-04,a94c999698a31c0f0b071ceafea0cea4f2dff4cc,"Executive live, filtered, non-redirecting sites",7747,109,588,40,20,11,139,20,399,34,1196,64,1775,73
2026-07-04,a94c999698a31c0f0b071ceafea0cea4f2dff4cc,Legislative sites scanned,1029,19,0,0,0,0,0,0,0,0,0,0,4,3
2026-07-04,a94c999698a31c0f0b071ceafea0cea4f2dff4cc,Legislative live sites,807,15,0,0,0,0,0,0,0,0,0,0,4,3
2026-07-04,a94c999698a31c0f0b071ceafea0cea4f2dff4cc,"Legislative live, filtered sites",805,14,0,0,0,0,0,0,0,0,0,0,4,3
2026-07-04,a94c999698a31c0f0b071ceafea0cea4f2dff4cc,"Legislative live, filtered, non-redirecting sites",721,14,0,0,0,0,0,0,0,0,0,0,3,3
2026-07-04,a94c999698a31c0f0b071ceafea0cea4f2dff4cc,Judicial sites scanned,414,5,5,2,0,0,0,0,5,2,12,2,12,2
2026-07-04,a94c999698a31c0f0b071ceafea0cea4f2dff4cc,Judicial live sites,139,5,5,2,0,0,0,0,5,2,12,2,12,2
2026-07-04,a94c999698a31c0f0b071ceafea0cea4f2dff4cc,"Judicial live, filtered sites",134,5,2,2,0,0,0,0,2,2,9,2,9,2
2026-07-04,a94c999698a31c0f0b071ceafea0cea4f2dff4cc,"Judicial live, filtered, non-redirecting sites",131,5,2,2,0,0,0,0,2,2,7,2,7,2
2026-07-04,a94c999698a31c0f0b071ceafea0cea4f2dff4cc,IDEA sites scanned,10374,75,589,32,20,11,215,19,323,25,1028,47,1665,54
2026-07-04,a94c999698a31c0f0b071ceafea0cea4f2dff4cc,IDEA live sites,5968,70,588,32,20,11,215,19,322,25,1020,47,1654,54
2026-07-04,a94c999698a31c0f0b071ceafea0cea4f2dff4cc,"IDEA live, filtered sites",5813,70,582,32,20,11,212,19,320,25,1007,47,1627,54
2026-07-04,a94c999698a31c0f0b071ceafea0cea4f2dff4cc,"IDEA live, filtered, non-redirecting sites",4927,67,435,31,18,11,103,19,288,24,792,45,1234,52
2026-07-05,157e7871ae36a4b3f08b0b9bb4a1003f384fc64f,All sites scanned,29494,146,1175,43,26,11,530,20,537,37,2734,69,4119,80
2026-07-05,157e7871ae36a4b3f08b0b9bb4a1003f384fc64f,All live sites,13574,132,1138,43,26,11,499,20,532,37,2468,69,3778,80
2026-07-05,157e7871ae36a4b3f08b0b9bb4a1003f384fc64f,"All live, filtered sites",12577,131,1067,43,25,11,476,20,491,37,2298,69,3514,80
2026-07-05,157e7871ae36a4b3f08b0b9bb4a1003f384fc64f,"All live, filtered, non-redirecting sites",8621,130,587,41,19,11,138,19,400,36,1199,65,1782,78
2026-07-05,157e7871ae36a4b3f08b0b9bb4a1003f384fc64f,Executive sites scanned,28045,121,1170,41,26,11,530,20,532,35,2722,67,4103,75
2026-07-05,157e7871ae36a4b3f08b0b9bb4a1003f384fc64f,Executive live sites,12625,111,1133,41,26,11,499,20,527,35,2456,67,3762,75
2026-07-05,157e7871ae36a4b3f08b0b9bb4a1003f384fc64f,"Executive live, filtered sites",11635,111,1065,41,25,11,476,20,489,35,2289,67,3501,75
2026-07-05,157e7871ae36a4b3f08b0b9bb4a1003f384fc64f,"Executive live, filtered, non-redirecting sites",7766,110,585,39,19,11,138,19,398,34,1192,63,1772,73
2026-07-05,157e7871ae36a4b3f08b0b9bb4a1003f384fc64f,Legislative sites scanned,1029,19,0,0,0,0,0,0,0,0,0,0,4,3
2026-07-05,157e7871ae36a4b3f08b0b9bb4a1003f384fc64f,Legislative live sites,807,15,0,0,0,0,0,0,0,0,0,0,4,3
2026-07-05,157e7871ae36a4b3f08b0b9bb4a1003f384fc64f,"Legislative live, filtered sites",805,14,0,0,0,0,0,0,0,0,0,0,4,3
2026-07-05,157e7871ae36a4b3f08b0b9bb4a1003f384fc64f,"Legislative live, filtered, non-redirecting sites",721,14,0,0,0,0,0,0,0,0,0,0,3,3
2026-07-05,157e7871ae36a4b3f08b0b9bb4a1003f384fc64f,Judicial sites scanned,414,5,5,2,0,0,0,0,5,2,12,2,12,2
2026-07-05,157e7871ae36a4b3f08b0b9bb4a1003f384fc64f,Judicial live sites,139,5,5,2,0,0,0,0,5,2,12,2,12,2
2026-07-05,157e7871ae36a4b3f08b0b9bb4a1003f384fc64f,"Judicial live, filtered sites",134,5,2,2,0,0,0,0,2,2,9,2,9,2
2026-07-05,157e7871ae36a4b3f08b0b9bb4a1003f384fc64f,"Judicial live, filtered, non-redirecting sites",131,5,2,2,0,0,0,0,2,2,7,2,7,2
2026-07-05,157e7871ae36a4b3f08b0b9bb4a1003f384fc64f,IDEA sites scanned,10374,75,589,31,19,11,216,18,323,25,1025,46,1664,54
2026-07-05,157e7871ae36a4b3f08b0b9bb4a1003f384fc64f,IDEA live sites,5966,70,588,31,19,11,216,18,322,25,1017,46,1653,54
2026-07-05,157e7871ae36a4b3f08b0b9bb4a1003f384fc64f,"IDEA live, filtered sites",5814,70,582,31,19,11,213,18,320,25,1004,46,1626,54
2026-07-05,157e7871ae36a4b3f08b0b9bb4a1003f384fc64f,"IDEA live, filtered, non-redirecting sites",4930,67,433,30,17,11,102,18,288,24,789,44,1232,52
2026-07-06,cf8f7ac82681796b1ecfc46572107f4c685cba99,All sites scanned,29471,146,1175,43,26,11,530,20,537,37,2733,69,4118,80
2026-07-06,cf8f7ac82681796b1ecfc46572107f4c685cba99,All live sites,13571,132,1138,43,26,11,499,20,532,37,2467,69,3777,80
2026-07-06,cf8f7ac82681796b1ecfc46572107f4c685cba99,"All live, filtered sites",12575,131,1067,43,25,11,476,20,491,37,2298,69,3514,80
2026-07-06,cf8f7ac82681796b1ecfc46572107f4c685cba99,"All live, filtered, non-redirecting sites",8621,130,587,41,19,11,138,19,400,36,1199,65,1782,78
2026-07-06,cf8f7ac82681796b1ecfc46572107f4c685cba99,Executive sites scanned,28023,121,1170,41,26,11,530,20,532,35,2721,67,4102,75
2026-07-06,cf8f7ac82681796b1ecfc46572107f4c685cba99,Executive live sites,12622,111,1133,41,26,11,499,20,527,35,2455,67,3761,75
2026-07-06,cf8f7ac82681796b1ecfc46572107f4c685cba99,"Executive live, filtered sites",11633,111,1065,41,25,11,476,20,489,35,2289,67,3501,75
2026-07-06,cf8f7ac82681796b1ecfc46572107f4c685cba99,"Executive live, filtered, non-redirecting sites",7766,110,585,39,19,11,138,19,398,34,1192,63,1772,73
2026-07-06,cf8f7ac82681796b1ecfc46572107f4c685cba99,Legislative sites scanned,1028,19,0,0,0,0,0,0,0,0,0,0,4,3
2026-07-06,cf8f7ac82681796b1ecfc46572107f4c685cba99,Legislative live sites,807,15,0,0,0,0,0,0,0,0,0,0,4,3
2026-07-06,cf8f7ac82681796b1ecfc46572107f4c685cba99,"Legislative live, filtered sites",805,14,0,0,0,0,0,0,0,0,0,0,4,3
2026-07-06,cf8f7ac82681796b1ecfc46572107f4c685cba99,"Legislative live, filtered, non-redirecting sites",721,14,0,0,0,0,0,0,0,0,0,0,3,3
2026-07-06,cf8f7ac82681796b1ecfc46572107f4c685cba99,Judicial sites scanned,414,5,5,2,0,0,0,0,5,2,12,2,12,2
2026-07-06,cf8f7ac82681796b1ecfc46572107f4c685cba99,Judicial live sites,139,5,5,2,0,0,0,0,5,2,12,2,12,2
2026-07-06,cf8f7ac82681796b1ecfc46572107f4c685cba99,"Judicial live, filtered sites",134,5,2,2,0,0,0,0,2,2,9,2,9,2
2026-07-06,cf8f7ac82681796b1ecfc46572107f4c685cba99,"Judicial live, filtered, non-redirecting sites",131,5,2,2,0,0,0,0,2,2,7,2,7,2
2026-07-06,cf8f7ac82681796b1ecfc46572107f4c685cba99,IDEA sites scanned,10374,75,589,31,19,11,216,18,323,25,1025,46,1664,54
2026-07-06,cf8f7ac82681796b1ecfc46572107f4c685cba99,IDEA live sites,5966,70,588,31,19,11,216,18,322,25,1017,46,1653,54
2026-07-06,cf8f7ac82681796b1ecfc46572107f4c685cba99,"IDEA live, filtered sites",5814,70,582,31,19,11,213,18,320,25,1004,46,1626,54
2026-07-06,cf8f7ac82681796b1ecfc46572107f4c685cba99,"IDEA live, filtered, non-redirecting sites",4930,67,433,30,17,11,102,18,288,24,789,44,1232,52
2026-07-07,32453888edfd33e1f6d0e580c90f9215f74b49bd,All sites scanned,29497,146,1168,42,28,11,525,19,541,37,2718,67,4099,79
2026-07-07,32453888edfd33e1f6d0e580c90f9215f74b49bd,All live sites,13547,132,1132,42,28,11,494,19,536,37,2450,67,3757,79
2026-07-07,32453888edfd33e1f6d0e580c90f9215f74b49bd,"All live, filtered sites",12506,130,1056,42,27,11,467,19,494,37,2278,67,3492,79
2026-07-07,32453888edfd33e1f6d0e580c90f9215f74b49bd,"All live, filtered, non-redirecting sites",8581,129,583,41,21,11,133,19,400,36,1193,64,1772,77
2026-07-07,32453888edfd33e1f6d0e580c90f9215f74b49bd,Executive sites scanned,28049,121,1163,40,28,11,525,19,536,35,2706,65,4083,74
2026-07-07,32453888edfd33e1f6d0e580c90f9215f74b49bd,Executive live sites,12599,111,1127,40,28,11,494,19,531,35,2438,65,3741,74
2026-07-07,32453888edfd33e1f6d0e580c90f9215f74b49bd,"Executive live, filtered sites",11566,110,1054,40,27,11,467,19,492,35,2269,65,3479,74
2026-07-07,32453888edfd33e1f6d0e580c90f9215f74b49bd,"Executive live, filtered, non-redirecting sites",7727,109,581,39,21,11,133,19,398,34,1186,62,1762,72
2026-07-07,32453888edfd33e1f6d0e580c90f9215f74b49bd,Legislative sites scanned,1028,19,0,0,0,0,0,0,0,0,0,0,4,3
2026-07-07,32453888edfd33e1f6d0e580c90f9215f74b49bd,Legislative live sites,806,15,0,0,0,0,0,0,0,0,0,0,4,3
2026-07-07,32453888edfd33e1f6d0e580c90f9215f74b49bd,"Legislative live, filtered sites",804,14,0,0,0,0,0,0,0,0,0,0,4,3
2026-07-07,32453888edfd33e1f6d0e580c90f9215f74b49bd,"Legislative live, filtered, non-redirecting sites",721,14,0,0,0,0,0,0,0,0,0,0,3,3
2026-07-07,32453888edfd33e1f6d0e580c90f9215f74b49bd,Judicial sites scanned,414,5,5,2,0,0,0,0,5,2,12,2,12,2
2026-07-07,32453888edfd33e1f6d0e580c90f9215f74b49bd,Judicial live sites,139,5,5,2,0,0,0,0,5,2,12,2,12,2
2026-07-07,32453888edfd33e1f6d0e580c90f9215f74b49bd,"Judicial live, filtered sites",134,5,2,2,0,0,0,0,2,2,9,2,9,2
2026-07-07,32453888edfd33e1f6d0e580c90f9215f74b49bd,"Judicial live, filtered, non-redirecting sites",131,5,2,2,0,0,0,0,2,2,7,2,7,2
2026-07-07,32453888edfd33e1f6d0e580c90f9215f74b49bd,IDEA sites scanned,10374,75,586,31,22,11,215,18,320,25,1022,46,1661,54
2026-07-07,32453888edfd33e1f6d0e580c90f9215f74b49bd,IDEA live sites,5965,70,585,31,22,11,215,18,319,25,1013,46,1649,54
2026-07-07,32453888edfd33e1f6d0e580c90f9215f74b49bd,"IDEA live, filtered sites",5810,70,578,31,22,11,211,18,317,25,1000,46,1622,54
2026-07-07,32453888edfd33e1f6d0e580c90f9215f74b49bd,"IDEA live, filtered, non-redirecting sites",4927,67,428,30,19,11,100,18,284,24,786,44,1228,52
2026-07-08,771dd7df5ccf1d52d438f1915be69611635a2ebf,All sites scanned,29471,146,1171,43,28,11,525,20,542,37,2720,68,4102,79
2026-07-08,771dd7df5ccf1d52d438f1915be69611635a2ebf,All live sites,13550,132,1135,43,28,11,494,20,537,37,2452,68,3760,79
2026-07-08,771dd7df5ccf1d52d438f1915be69611635a2ebf,"All live, filtered sites",12544,130,1059,43,27,11,467,20,495,37,2280,68,3495,79
2026-07-08,771dd7df5ccf1d52d438f1915be69611635a2ebf,"All live, filtered, non-redirecting sites",8611,129,584,42,21,11,133,20,401,36,1194,65,1774,77
2026-07-08,771dd7df5ccf1d52d438f1915be69611635a2ebf,Executive sites scanned,28023,121,1166,41,28,11,525,20,537,35,2708,66,4086,74
2026-07-08,771dd7df5ccf1d52d438f1915be69611635a2ebf,Executive live sites,12602,111,1130,41,28,11,494,20,532,35,2440,66,3744,74
2026-07-08,771dd7df5ccf1d52d438f1915be69611635a2ebf,"Executive live, filtered sites",11603,110,1057,41,27,11,467,20,493,35,2271,66,3482,74
2026-07-08,771dd7df5ccf1d52d438f1915be69611635a2ebf,"Executive live, filtered, non-redirecting sites",7755,109,582,40,21,11,133,20,399,34,1187,63,1764,72
2026-07-08,771dd7df5ccf1d52d438f1915be69611635a2ebf,Legislative sites scanned,1028,19,0,0,0,0,0,0,0,0,0,0,4,3
2026-07-08,771dd7df5ccf1d52d438f1915be69611635a2ebf,Legislative live sites,806,15,0,0,0,0,0,0,0,0,0,0,4,3
2026-07-08,771dd7df5ccf1d52d438f1915be69611635a2ebf,"Legislative live, filtered sites",804,14,0,0,0,0,0,0,0,0,0,0,4,3
2026-07-08,771dd7df5ccf1d52d438f1915be69611635a2ebf,"Legislative live, filtered, non-redirecting sites",722,14,0,0,0,0,0,0,0,0,0,0,3,3
2026-07-08,771dd7df5ccf1d52d438f1915be69611635a2ebf,Judicial sites scanned,414,5,5,2,0,0,0,0,5,2,12,2,12,2
2026-07-08,771dd7df5ccf1d52d438f1915be69611635a2ebf,Judicial live sites,139,5,5,2,0,0,0,0,5,2,12,2,12,2
2026-07-08,771dd7df5ccf1d52d438f1915be69611635a2ebf,"Judicial live, filtered sites",134,5,2,2,0,0,0,0,2,2,9,2,9,2
2026-07-08,771dd7df5ccf1d52d438f1915be69611635a2ebf,"Judicial live, filtered, non-redirecting sites",131,5,2,2,0,0,0,0,2,2,7,2,7,2
2026-07-08,771dd7df5ccf1d52d438f1915be69611635a2ebf,IDEA sites scanned,10374,75,587,32,22,11,215,19,321,25,1024,47,1663,54
2026-07-08,771dd7df5ccf1d52d438f1915be69611635a2ebf,IDEA live sites,5966,70,586,32,22,11,215,19,320,25,1015,47,1651,54
2026-07-08,771dd7df5ccf1d52d438f1915be69611635a2ebf,"IDEA live, filtered sites",5814,70,579,32,22,11,211,19,318,25,1002,47,1624,54
2026-07-08,771dd7df5ccf1d52d438f1915be69611635a2ebf,"IDEA live, filtered, non-redirecting sites",4930,67,429,31,19,11,100,19,285,24,788,45,1230,52
2026-07-09,f72d07b0be9ce02c3ed0b7e044d03108bb7713cd,All sites scanned,29469,146,1194,44,27,11,532,20,544,38,2746,69,4128,80
2026-07-09,f72d07b0be9ce02c3ed0b7e044d03108bb7713cd,All live sites,13651,132,1156,44,27,11,501,20,539,38,2475,69,3783,80
2026-07-09,f72d07b0be9ce02c3ed0b7e044d03108bb7713cd,"All live, filtered sites",12608,132,1071,44,26,11,475,20,496,38,2293,69,3509,80
2026-07-09,f72d07b0be9ce02c3ed0b7e044d03108bb7713cd,"All live, filtered, non-redirecting sites",8639,131,588,43,20,11,139,20,401,37,1197,66,1777,78
2026-07-09,f72d07b0be9ce02c3ed0b7e044d03108bb7713cd,Executive sites scanned,28020,121,1189,42,27,11,532,20,539,36,2734,67,4112,75
2026-07-09,f72d07b0be9ce02c3ed0b7e044d03108bb7713cd,Executive live sites,12699,111,1151,42,27,11,501,20,534,36,2463,67,3767,75
2026-07-09,f72d07b0be9ce02c3ed0b7e044d03108bb7713cd,"Executive live, filtered sites",11663,111,1069,42,26,11,475,20,494,36,2284,67,3496,75
2026-07-09,f72d07b0be9ce02c3ed0b7e044d03108bb7713cd,"Executive live, filtered, non-redirecting sites",7779,110,586,41,20,11,139,20,399,35,1190,64,1767,73
2026-07-09,f72d07b0be9ce02c3ed0b7e044d03108bb7713cd,Legislative sites scanned,1029,19,0,0,0,0,0,0,0,0,0,0,4,3
2026-07-09,f72d07b0be9ce02c3ed0b7e044d03108bb7713cd,Legislative live sites,808,15,0,0,0,0,0,0,0,0,0,0,4,3
2026-07-09,f72d07b0be9ce02c3ed0b7e044d03108bb7713cd,"Legislative live, filtered sites",806,15,0,0,0,0,0,0,0,0,0,0,4,3
2026-07-09,f72d07b0be9ce02c3ed0b7e044d03108bb7713cd,"Legislative live, filtered, non-redirecting sites",724,15,0,0,0,0,0,0,0,0,0,0,3,3
2026-07-09,f72d07b0be9ce02c3ed0b7e044d03108bb7713cd,Judicial sites scanned,414,5,5,2,0,0,0,0,5,2,12,2,12,2
2026-07-09,f72d07b0be9ce02c3ed0b7e044d03108bb7713cd,Judicial live sites,140,5,5,2,0,0,0,0,5,2,12,2,12,2
2026-07-09,f72d07b0be9ce02c3ed0b7e044d03108bb7713cd,"Judicial live, filtered sites",135,5,2,2,0,0,0,0,2,2,9,2,9,2
2026-07-09,f72d07b0be9ce02c3ed0b7e044d03108bb7713cd,"Judicial live, filtered, non-redirecting sites",132,5,2,2,0,0,0,0,2,2,7,2,7,2
2026-07-09,f72d07b0be9ce02c3ed0b7e044d03108bb7713cd,IDEA sites scanned,10374,75,584,33,20,11,216,19,319,26,1023,47,1660,54
2026-07-09,f72d07b0be9ce02c3ed0b7e044d03108bb7713cd,IDEA live sites,6010,70,583,33,20,11,216,19,318,26,1013,47,1647,54
2026-07-09,f72d07b0be9ce02c3ed0b7e044d03108bb7713cd,"IDEA live, filtered sites",5852,70,576,33,20,11,212,19,316,26,1000,47,1620,54
2026-07-09,f72d07b0be9ce02c3ed0b7e044d03108bb7713cd,"IDEA live, filtered, non-redirecting sites",4961,67,432,32,18,11,104,19,286,25,788,45,1227,52
2026-07-10,06eac28339f87050c951e77c26bd66f4ab0754bf,All sites scanned,29469,146,1193,44,26,11,533,20,545,38,2746,69,4128,80
2026-07-10,06eac28339f87050c951e77c26bd66f4ab0754bf,All live sites,13649,132,1155,44,26,11,502,20,540,38,2475,69,3783,80
2026-07-10,06eac28339f87050c951e77c26bd66f4ab0754bf,"All live, filtered sites",12631,132,1070,44,25,11,476,20,497,38,2294,69,3509,80
2026-07-10,06eac28339f87050c951e77c26bd66f4ab0754bf,"All live, filtered, non-redirecting sites",8654,131,589,43,19,11,140,20,402,37,1198,66,1777,78
2026-07-10,06eac28339f87050c951e77c26bd66f4ab0754bf,Executive sites scanned,28020,121,1188,42,26,11,533,20,540,36,2734,67,4112,75
2026-07-10,06eac28339f87050c951e77c26bd66f4ab0754bf,Executive live sites,12697,111,1150,42,26,11,502,20,535,36,2463,67,3767,75
2026-07-10,06eac28339f87050c951e77c26bd66f4ab0754bf,"Executive live, filtered sites",11686,111,1068,42,25,11,476,20,495,36,2285,67,3496,75
2026-07-10,06eac28339f87050c951e77c26bd66f4ab0754bf,"Executive live, filtered, non-redirecting sites",7794,110,587,41,19,11,140,20,400,35,1191,64,1767,73
2026-07-10,06eac28339f87050c951e77c26bd66f4ab0754bf,Legislative sites scanned,1029,19,0,0,0,0,0,0,0,0,0,0,4,3
2026-07-10,06eac28339f87050c951e77c26bd66f4ab0754bf,Legislative live sites,808,15,0,0,0,0,0,0,0,0,0,0,4,3
2026-07-10,06eac28339f87050c951e77c26bd66f4ab0754bf,"Legislative live, filtered sites",806,15,0,0,0,0,0,0,0,0,0,0,4,3
2026-07-10,06eac28339f87050c951e77c26bd66f4ab0754bf,"Legislative live, filtered, non-redirecting sites",724,15,0,0,0,0,0,0,0,0,0,0,3,3
2026-07-10,06eac28339f87050c951e77c26bd66f4ab0754bf,Judicial sites scanned,414,5,5,2,0,0,0,0,5,2,12,2,12,2
2026-07-10,06eac28339f87050c951e77c26bd66f4ab0754bf,Judicial live sites,140,5,5,2,0,0,0,0,5,2,12,2,12,2
2026-07-10,06eac28339f87050c951e77c26bd66f4ab0754bf,"Judicial live, filtered sites",135,5,2,2,0,0,0,0,2,2,9,2,9,2
2026-07-10,06eac28339f87050c951e77c26bd66f4ab0754bf,"Judicial live, filtered, non-redirecting sites",132,5,2,2,0,0,0,0,2,2,7,2,7,2
2026-07-10,06eac28339f87050c951e77c26bd66f4ab0754bf,IDEA sites scanned,10374,75,583,33,19,11,215,19,320,26,1022,47,1659,54
2026-07-10,06eac28339f87050c951e77c26bd66f4ab0754bf,IDEA live sites,6013,70,582,33,19,11,215,19,319,26,1012,47,1646,54
2026-07-10,06eac28339f87050c951e77c26bd66f4ab0754bf,"IDEA live, filtered sites",5858,70,575,33,19,11,211,19,317,26,1000,47,1619,54
2026-07-10,06eac28339f87050c951e77c26bd66f4ab0754bf,"IDEA live, filtered, non-redirecting sites",4966,67,433,32,17,11,105,19,287,25,788,45,1227,52
2026-07-11,66dd69e0ff22d87d585d8e277ebf22d608334828,All sites scanned,29512,146,1203,43,27,11,536,21,545,37,2759,68,4145,79
2026-07-11,66dd69e0ff22d87d585d8e277ebf22d608334828,All live sites,13680,131,1164,43,27,11,505,21,540,37,2486,68,3798,79
2026-07-11,66dd69e0ff22d87d585d8e277ebf22d608334828,"All live, filtered sites",12632,131,1079,43,26,11,478,21,498,37,2306,68,3525,79
2026-07-11,66dd69e0ff22d87d585d8e277ebf22d608334828,"All live, filtered, non-redirecting sites",8708,130,596,42,20,11,143,20,404,36,1201,65,1782,77
2026-07-11,66dd69e0ff22d87d585d8e277ebf22d608334828,Executive sites scanned,28063,121,1198,41,27,11,536,21,540,35,2747,66,4129,74
2026-07-11,66dd69e0ff22d87d585d8e277ebf22d608334828,Executive live sites,12732,110,1159,41,27,11,505,21,535,35,2474,66,3782,74
2026-07-11,66dd69e0ff22d87d585d8e277ebf22d608334828,"Executive live, filtered sites",11692,110,1077,41,26,11,478,21,496,35,2297,66,3512,74
2026-07-11,66dd69e0ff22d87d585d8e277ebf22d608334828,"Executive live, filtered, non-redirecting sites",7854,109,594,40,20,11,143,20,402,34,1194,63,1772,72
2026-07-11,66dd69e0ff22d87d585d8e277ebf22d608334828,Legislative sites scanned,1029,19,0,0,0,0,0,0,0,0,0,0,4,3
2026-07-11,66dd69e0ff22d87d585d8e277ebf22d608334828,Legislative live sites,804,15,0,0,0,0,0,0,0,0,0,0,4,3
2026-07-11,66dd69e0ff22d87d585d8e277ebf22d608334828,"Legislative live, filtered sites",802,15,0,0,0,0,0,0,0,0,0,0,4,3
2026-07-11,66dd69e0ff22d87d585d8e277ebf22d608334828,"Legislative live, filtered, non-redirecting sites",719,15,0,0,0,0,0,0,0,0,0,0,3,3
2026-07-11,66dd69e0ff22d87d585d8e277ebf22d608334828,Judicial sites scanned,414,5,5,2,0,0,0,0,5,2,12,2,12,2
2026-07-11,66dd69e0ff22d87d585d8e277ebf22d608334828,Judicial live sites,140,5,5,2,0,0,0,0,5,2,12,2,12,2
2026-07-11,66dd69e0ff22d87d585d8e277ebf22d608334828,"Judicial live, filtered sites",135,5,2,2,0,0,0,0,2,2,9,2,9,2
2026-07-11,66dd69e0ff22d87d585d8e277ebf22d608334828,"Judicial live, filtered, non-redirecting sites",132,5,2,2,0,0,0,0,2,2,7,2,7,2
2026-07-11,66dd69e0ff22d87d585d8e277ebf22d608334828,IDEA sites scanned,10374,75,587,32,20,11,215,19,321,25,1028,47,1664,54
2026-07-11,66dd69e0ff22d87d585d8e277ebf22d608334828,IDEA live sites,6015,70,586,32,20,11,215,19,320,25,1016,47,1649,54
2026-07-11,66dd69e0ff22d87d585d8e277ebf22d608334828,"IDEA live, filtered sites",5858,70,579,32,20,11,211,19,318,25,1003,47,1622,54
2026-07-11,66dd69e0ff22d87d585d8e277ebf22d608334828,"IDEA live, filtered, non-redirecting sites",4971,67,433,31,18,11,104,19,286,24,790,45,1230,52
2026-07-12,fc6a91b5a1cfa78722433b5463a60f1a2a97d3e1,All sites scanned,29509,146,1201,43,27,11,534,21,545,37,2757,68,4144,79
2026-07-12,fc6a91b5a1cfa78722433b5463a60f1a2a97d3e1,All live sites,13681,130,1162,43,27,11,503,21,540,37,2484,68,3797,79
2026-07-12,fc6a91b5a1cfa78722433b5463a60f1a2a97d3e1,"All live, filtered sites",12661,130,1077,43,26,11,476,21,498,37,2304,68,3524,79
2026-07-12,fc6a91b5a1cfa78722433b5463a60f1a2a97d3e1,"All live, filtered, non-redirecting sites",8738,129,593,41,20,11,141,19,403,36,1199,64,1781,77
2026-07-12,fc6a91b5a1cfa78722433b5463a60f1a2a97d3e1,Executive sites scanned,28060,121,1196,41,27,11,534,21,540,35,2745,66,4128,74
2026-07-12,fc6a91b5a1cfa78722433b5463a60f1a2a97d3e1,Executive live sites,12733,109,1157,41,27,11,503,21,535,35,2472,66,3781,74
2026-07-12,fc6a91b5a1cfa78722433b5463a60f1a2a97d3e1,"Executive live, filtered sites",11720,109,1075,41,26,11,476,21,496,35,2295,66,3511,74
2026-07-12,fc6a91b5a1cfa78722433b5463a60f1a2a97d3e1,"Executive live, filtered, non-redirecting sites",7883,108,591,39,20,11,141,19,401,34,1192,62,1771,72
2026-07-12,fc6a91b5a1cfa78722433b5463a60f1a2a97d3e1,Legislative sites scanned,1029,19,0,0,0,0,0,0,0,0,0,0,4,3
2026-07-12,fc6a91b5a1cfa78722433b5463a60f1a2a97d3e1,Legislative live sites,804,15,0,0,0,0,0,0,0,0,0,0,4,3
2026-07-12,fc6a91b5a1cfa78722433b5463a60f1a2a97d3e1,"Legislative live, filtered sites",802,15,0,0,0,0,0,0,0,0,0,0,4,3
2026-07-12,fc6a91b5a1cfa78722433b5463a60f1a2a97d3e1,"Legislative live, filtered, non-redirecting sites",719,15,0,0,0,0,0,0,0,0,0,0,3,3
2026-07-12,fc6a91b5a1cfa78722433b5463a60f1a2a97d3e1,Judicial sites scanned,414,5,5,2,0,0,0,0,5,2,12,2,12,2
2026-07-12,fc6a91b5a1cfa78722433b5463a60f1a2a97d3e1,Judicial live sites,140,5,5,2,0,0,0,0,5,2,12,2,12,2
2026-07-12,fc6a91b5a1cfa78722433b5463a60f1a2a97d3e1,"Judicial live, filtered sites",135,5,2,2,0,0,0,0,2,2,9,2,9,2
2026-07-12,fc6a91b5a1cfa78722433b5463a60f1a2a97d3e1,"Judicial live, filtered, non-redirecting sites",132,5,2,2,0,0,0,0,2,2,7,2,7,2
2026-07-12,fc6a91b5a1cfa78722433b5463a60f1a2a97d3e1,IDEA sites scanned,10372,75,585,31,20,11,214,18,320,25,1027,46,1664,54
2026-07-12,fc6a91b5a1cfa78722433b5463a60f1a2a97d3e1,IDEA live sites,6014,70,584,31,20,11,214,18,319,25,1015,46,1649,54
2026-07-12,fc6a91b5a1cfa78722433b5463a60f1a2a97d3e1,"IDEA live, filtered sites",5860,70,577,31,20,11,210,18,317,25,1002,46,1622,54
2026-07-12,fc6a91b5a1cfa78722433b5463a60f1a2a97d3e1,"IDEA live, filtered, non-redirecting sites",4974,67,430,30,18,11,102,18,285,24,789,44,1229,52
2026-07-13,77a562df790510dd7c03c85a61d17a93adeeb9b1,All sites scanned,29488,146,1201,43,27,11,534,21,545,37,2757,68,4144,79
2026-07-13,77a562df790510dd7c03c85a61d17a93adeeb9b1,All live sites,13678,130,1162,43,27,11,503,21,540,37,2484,68,3797,79
2026-07-13,77a562df790510dd7c03c85a61d17a93adeeb9b1,"All live, filtered sites",12659,130,1077,43,26,11,476,21,498,37,2304,68,3524,79
2026-07-13,77a562df790510dd7c03c85a61d17a93adeeb9b1,"All live, filtered, non-redirecting sites",8737,129,593,41,20,11,141,19,403,36,1199,64,1781,77
2026-07-13,77a562df790510dd7c03c85a61d17a93adeeb9b1,Executive sites scanned,28039,121,1196,41,27,11,534,21,540,35,2745,66,4128,74
2026-07-13,77a562df790510dd7c03c85a61d17a93adeeb9b1,Executive live sites,12730,109,1157,41,27,11,503,21,535,35,2472,66,3781,74
2026-07-13,77a562df790510dd7c03c85a61d17a93adeeb9b1,"Executive live, filtered sites",11718,109,1075,41,26,11,476,21,496,35,2295,66,3511,74
2026-07-13,77a562df790510dd7c03c85a61d17a93adeeb9b1,"Executive live, filtered, non-redirecting sites",7882,108,591,39,20,11,141,19,401,34,1192,62,1771,72
2026-07-13,77a562df790510dd7c03c85a61d17a93adeeb9b1,Legislative sites scanned,1029,19,0,0,0,0,0,0,0,0,0,0,4,3
2026-07-13,77a562df790510dd7c03c85a61d17a93adeeb9b1,Legislative live sites,804,15,0,0,0,0,0,0,0,0,0,0,4,3
2026-07-13,77a562df790510dd7c03c85a61d17a93adeeb9b1,"Legislative live, filtered sites",802,15,0,0,0,0,0,0,0,0,0,0,4,3
2026-07-13,77a562df790510dd7c03c85a61d17a93adeeb9b1,"Legislative live, filtered, non-redirecting sites",719,15,0,0,0,0,0,0,0,0,0,0,3,3
2026-07-13,77a562df790510dd7c03c85a61d17a93adeeb9b1,Judicial sites scanned,414,5,5,2,0,0,0,0,5,2,12,2,12,2
2026-07-13,77a562df790510dd7c03c85a61d17a93adeeb9b1,Judicial live sites,140,5,5,2,0,0,0,0,5,2,12,2,12,2
2026-07-13,77a562df790510dd7c03c85a61d17a93adeeb9b1,"Judicial live, filtered sites",135,5,2,2,0,0,0,0,2,2,9,2,9,2
2026-07-13,77a562df790510dd7c03c85a61d17a93adeeb9b1,"Judicial live, filtered, non-redirecting sites",132,5,2,2,0,0,0,0,2,2,7,2,7,2
2026-07-13,77a562df790510dd7c03c85a61d17a93adeeb9b1,IDEA sites scanned,10372,75,585,31,20,11,214,18,320,25,1027,46,1664,54
2026-07-13,77a562df790510dd7c03c85a61d17a93adeeb9b1,IDEA live sites,6014,70,584,31,20,11,214,18,319,25,1015,46,1649,54
2026-07-13,77a562df790510dd7c03c85a61d17a93adeeb9b1,"IDEA live, filtered sites",5860,70,577,31,20,11,210,18,317,25,1002,46,1622,54
2026-07-13,77a562df790510dd7c03c85a61d17a93adeeb9b1,"IDEA live, filtered, non-redirecting sites",4974,67,430,30,18,11,102,18,285,24,789,44,1229,52
2026-07-14,7276cc03a0258329b63660c83223e8d548b03a02,All sites scanned,29514,146,1214,43,28,11,549,20,550,37,2771,68,4190,79
2026-07-14,7276cc03a0258329b63660c83223e8d548b03a02,All live sites,13687,131,1176,43,28,11,517,20,545,37,2501,68,3846,79
2026-07-14,7276cc03a0258329b63660c83223e8d548b03a02,"All live, filtered sites",12647,130,1094,43,27,11,489,20,506,37,2322,68,3573,79
2026-07-14,7276cc03a0258329b63660c83223e8d548b03a02,"All live, filtered, non-redirecting sites",8757,129,594,41,21,11,135,19,407,36,1216,64,1803,77
2026-07-14,7276cc03a0258329b63660c83223e8d548b03a02,Executive sites scanned,28064,121,1209,41,28,11,549,20,545,35,2759,66,4174,74
2026-07-14,7276cc03a0258329b63660c83223e8d548b03a02,Executive live sites,12736,110,1171,41,28,11,517,20,540,35,2489,66,3830,74
2026-07-14,7276cc03a0258329b63660c83223e8d548b03a02,"Executive live, filtered sites",11704,109,1092,41,27,11,489,20,504,35,2313,66,3560,74
2026-07-14,7276cc03a0258329b63660c83223e8d548b03a02,"Executive live, filtered, non-redirecting sites",7901,108,592,39,21,11,135,19,405,34,1209,62,1793,72
2026-07-14,7276cc03a0258329b63660c83223e8d548b03a02,Legislative sites scanned,1030,19,0,0,0,0,0,0,0,0,0,0,4,3
2026-07-14,7276cc03a0258329b63660c83223e8d548b03a02,Legislative live sites,807,15,0,0,0,0,0,0,0,0,0,0,4,3
2026-07-14,7276cc03a0258329b63660c83223e8d548b03a02,"Legislative live, filtered sites",805,15,0,0,0,0,0,0,0,0,0,0,4,3
2026-07-14,7276cc03a0258329b63660c83223e8d548b03a02,"Legislative live, filtered, non-redirecting sites",721,15,0,0,0,0,0,0,0,0,0,0,3,3
2026-07-14,7276cc03a0258329b63660c83223e8d548b03a02,Judicial sites scanned,414,5,5,2,0,0,0,0,5,2,12,2,12,2
2026-07-14,7276cc03a0258329b63660c83223e8d548b03a02,Judicial live sites,140,5,5,2,0,0,0,0,5,2,12,2,12,2
2026-07-14,7276cc03a0258329b63660c83223e8d548b03a02,"Judicial live, filtered sites",135,5,2,2,0,0,0,0,2,2,9,2,9,2
2026-07-14,7276cc03a0258329b63660c83223e8d548b03a02,"Judicial live, filtered, non-redirecting sites",132,5,2,2,0,0,0,0,2,2,7,2,7,2
2026-07-14,7276cc03a0258329b63660c83223e8d548b03a02,IDEA sites scanned,10372,75,595,31,21,11,216,18,325,25,1044,46,1687,54
2026-07-14,7276cc03a0258329b63660c83223e8d548b03a02,IDEA live sites,6059,70,594,31,21,11,216,18,324,25,1035,46,1675,54
2026-07-14,7276cc03a0258329b63660c83223e8d548b03a02,"IDEA live, filtered sites",5903,70,587,31,21,11,212,18,322,25,1022,46,1648,54
2026-07-14,7276cc03a0258329b63660c83223e8d548b03a02,"IDEA live, filtered, non-redirecting sites",5018,67,438,30,19,11,102,18,290,24,805,44,1249,52
2026-07-16,2d862aaa17f272577eef3d1ddc2fef29914dc586,All sites scanned,29510,146,1212,43,27,11,558,21,541,37,2780,68,4201,79
2026-07-16,2d862aaa17f272577eef3d1ddc2fef29914dc586,All live sites,13687,132,1173,43,27,11,527,21,536,37,2508,68,3854,79
2026-07-16,2d862aaa17f272577eef3d1ddc2fef29914dc586,"All live, filtered sites",12646,131,1091,43,26,11,501,21,496,37,2326,68,3578,79
2026-07-16,2d862aaa17f272577eef3d1ddc2fef29914dc586,"All live, filtered, non-redirecting sites",8771,130,589,41,20,11,136,19,404,36,1220,64,1803,77
2026-07-16,2d862aaa17f272577eef3d1ddc2fef29914dc586,Executive sites scanned,28058,121,1207,41,27,11,558,21,536,35,2768,66,4185,74
2026-07-16,2d862aaa17f272577eef3d1ddc2fef29914dc586,Executive live sites,12738,111,1168,41,27,11,527,21,531,35,2496,66,3838,74
2026-07-16,2d862aaa17f272577eef3d1ddc2fef29914dc586,"Executive live, filtered sites",11704,110,1089,41,26,11,501,21,494,35,2317,66,3565,74
2026-07-16,2d862aaa17f272577eef3d1ddc2fef29914dc586,"Executive live, filtered, non-redirecting sites",7916,109,587,39,20,11,136,19,402,34,1213,62,1793,72
2026-07-16,2d862aaa17f272577eef3d1ddc2fef29914dc586,Legislative sites scanned,1031,19,0,0,0,0,0,0,0,0,0,0,4,3
2026-07-16,2d862aaa17f272577eef3d1ddc2fef29914dc586,Legislative live sites,806,15,0,0,0,0,0,0,0,0,0,0,4,3
2026-07-16,2d862aaa17f272577eef3d1ddc2fef29914dc586,"Legislative live, filtered sites",804,15,0,0,0,0,0,0,0,0,0,0,4,3
2026-07-16,2d862aaa17f272577eef3d1ddc2fef29914dc586,"Legislative live, filtered, non-redirecting sites",720,15,0,0,0,0,0,0,0,0,0,0,3,3
2026-07-16,2d862aaa17f272577eef3d1ddc2fef29914dc586,Judicial sites scanned,415,5,5,2,0,0,0,0,5,2,12,2,12,2
2026-07-16,2d862aaa17f272577eef3d1ddc2fef29914dc586,Judicial live sites,139,5,5,2,0,0,0,0,5,2,12,2,12,2
2026-07-16,2d862aaa17f272577eef3d1ddc2fef29914dc586,"Judicial live, filtered sites",134,5,2,2,0,0,0,0,2,2,9,2,9,2
2026-07-16,2d862aaa17f272577eef3d1ddc2fef29914dc586,"Judicial live, filtered, non-redirecting sites",131,5,2,2,0,0,0,0,2,2,7,2,7,2
2026-07-16,2d862aaa17f272577eef3d1ddc2fef29914dc586,IDEA sites scanned,10372,75,587,31,20,11,215,18,322,25,1049,46,1688,54
2026-07-16,2d862aaa17f272577eef3d1ddc2fef29914dc586,IDEA live sites,6071,70,586,31,20,11,215,18,321,25,1038,46,1674,54
2026-07-16,2d862aaa17f272577eef3d1ddc2fef29914dc586,"IDEA live, filtered sites",5916,70,580,31,20,11,212,18,319,25,1025,46,1647,54
2026-07-16,2d862aaa17f272577eef3d1ddc2fef29914dc586,"IDEA live, filtered, non-redirecting sites",5025,67,431,30,18,11,101,18,287,24,805,44,1246,52
2026-07-17,637572387b6687cfda2aba6565a678e1dc2b55bb,All sites scanned,29508,146,1204,43,28,11,555,21,536,37,2779,68,4198,79
2026-07-17,637572387b6687cfda2aba6565a678e1dc2b55bb,All live sites,13673,132,1165,43,28,11,524,21,531,37,2506,68,3850,79
2026-07-17,637572387b6687cfda2aba6565a678e1dc2b55bb,"All live, filtered sites",12655,131,1084,43,27,11,498,21,492,37,2323,68,3573,79
2026-07-17,637572387b6687cfda2aba6565a678e1dc2b55bb,"All live, filtered, non-redirecting sites",8777,130,586,41,21,11,136,19,400,36,1221,64,1803,77
2026-07-17,637572387b6687cfda2aba6565a678e1dc2b55bb,Executive sites scanned,28056,121,1199,41,28,11,555,21,531,35,2767,66,4182,74
2026-07-17,637572387b6687cfda2aba6565a678e1dc2b55bb,Executive live sites,12724,111,1160,41,28,11,524,21,526,35,2494,66,3834,74
2026-07-17,637572387b6687cfda2aba6565a678e1dc2b55bb,"Executive live, filtered sites",11713,110,1082,41,27,11,498,21,490,35,2314,66,3560,74
2026-07-17,637572387b6687cfda2aba6565a678e1dc2b55bb,"Executive live, filtered, non-redirecting sites",7922,109,584,39,21,11,136,19,398,34,1214,62,1793,72
2026-07-17,637572387b6687cfda2aba6565a678e1dc2b55bb,Legislative sites scanned,1031,19,0,0,0,0,0,0,0,0,0,0,4,3
2026-07-17,637572387b6687cfda2aba6565a678e1dc2b55bb,Legislative live sites,806,15,0,0,0,0,0,0,0,0,0,0,4,3
2026-07-17,637572387b6687cfda2aba6565a678e1dc2b55bb,"Legislative live, filtered sites",804,15,0,0,0,0,0,0,0,0,0,0,4,3
2026-07-17,637572387b6687cfda2aba6565a678e1dc2b55bb,"Legislative live, filtered, non-redirecting sites",720,15,0,0,0,0,0,0,0,0,0,0,3,3
2026-07-17,637572387b6687cfda2aba6565a678e1dc2b55bb,Judicial sites scanned,415,5,5,2,0,0,0,0,5,2,12,2,12,2
2026-07-17,637572387b6687cfda2aba6565a678e1dc2b55bb,Judicial live sites,139,5,5,2,0,0,0,0,5,2,12,2,12,2
2026-07-17,637572387b6687cfda2aba6565a678e1dc2b55bb,"Judicial live, filtered sites",134,5,2,2,0,0,0,0,2,2,9,2,9,2
2026-07-17,637572387b6687cfda2aba6565a678e1dc2b55bb,"Judicial live, filtered, non-redirecting sites",131,5,2,2,0,0,0,0,2,2,7,2,7,2
2026-07-17,637572387b6687cfda2aba6565a678e1dc2b55bb,IDEA sites scanned,10372,75,583,31,21,11,213,18,319,25,1049,46,1687,54
2026-07-17,637572387b6687cfda2aba6565a678e1dc2b55bb,IDEA live sites,6067,70,582,31,21,11,213,18,318,25,1038,46,1673,54
2026-07-17,637572387b6687cfda2aba6565a678e1dc2b55bb,"IDEA live, filtered sites",5915,70,576,31,21,11,210,18,316,25,1025,46,1646,54
2026-07-17,637572387b6687cfda2aba6565a678e1dc2b55bb,"IDEA live, filtered, non-redirecting sites",5023,67,429,30,19,11,101,18,284,24,805,44,1246,52
2026-07-18,c809a078e5a85b1c9b9f038d28a75a25568cc4a8,All sites scanned,29523,146,1204,42,28,11,557,20,538,36,2762,68,4179,79
2026-07-18,c809a078e5a85b1c9b9f038d28a75a25568cc4a8,All live sites,13679,132,1165,42,28,11,525,20,533,36,2495,68,3838,79
2026-07-18,c809a078e5a85b1c9b9f038d28a75a25568cc4a8,"All live, filtered sites",12648,132,1089,42,27,11,498,20,492,36,2317,68,3566,79
2026-07-18,c809a078e5a85b1c9b9f038d28a75a25568cc4a8,"All live, filtered, non-redirecting sites",8744,131,587,40,21,11,133,19,402,35,1213,64,1797,77
2026-07-18,c809a078e5a85b1c9b9f038d28a75a25568cc4a8,Executive sites scanned,28071,121,1199,40,28,11,557,20,533,34,2750,66,4163,74
2026-07-18,c809a078e5a85b1c9b9f038d28a75a25568cc4a8,Executive live sites,12728,111,1160,40,28,11,525,20,528,34,2483,66,3822,74
2026-07-18,c809a078e5a85b1c9b9f038d28a75a25568cc4a8,"Executive live, filtered sites",11704,111,1087,40,27,11,498,20,490,34,2308,66,3553,74
2026-07-18,c809a078e5a85b1c9b9f038d28a75a25568cc4a8,"Executive live, filtered, non-redirecting sites",7887,110,585,38,21,11,133,19,400,33,1206,62,1787,72
2026-07-18,c809a078e5a85b1c9b9f038d28a75a25568cc4a8,Legislative sites scanned,1032,19,0,0,0,0,0,0,0,0,0,0,4,3
2026-07-18,c809a078e5a85b1c9b9f038d28a75a25568cc4a8,Legislative live sites,810,15,0,0,0,0,0,0,0,0,0,0,4,3
2026-07-18,c809a078e5a85b1c9b9f038d28a75a25568cc4a8,"Legislative live, filtered sites",808,15,0,0,0,0,0,0,0,0,0,0,4,3
2026-07-18,c809a078e5a85b1c9b9f038d28a75a25568cc4a8,"Legislative live, filtered, non-redirecting sites",724,15,0,0,0,0,0,0,0,0,0,0,3,3
2026-07-18,c809a078e5a85b1c9b9f038d28a75a25568cc4a8,Judicial sites scanned,414,5,5,2,0,0,0,0,5,2,12,2,12,2
2026-07-18,c809a078e5a85b1c9b9f038d28a75a25568cc4a8,Judicial live sites,137,5,5,2,0,0,0,0,5,2,12,2,12,2
2026-07-18,c809a078e5a85b1c9b9f038d28a75a25568cc4a8,"Judicial live, filtered sites",132,5,2,2,0,0,0,0,2,2,9,2,9,2
2026-07-18,c809a078e5a85b1c9b9f038d28a75a25568cc4a8,"Judicial live, filtered, non-redirecting sites",129,5,2,2,0,0,0,0,2,2,7,2,7,2
2026-07-18,c809a078e5a85b1c9b9f038d28a75a25568cc4a8,IDEA sites scanned,10372,75,584,30,21,11,216,18,315,24,1041,45,1677,53
2026-07-18,c809a078e5a85b1c9b9f038d28a75a25568cc4a8,IDEA live sites,6047,70,583,30,21,11,216,18,314,24,1032,45,1665,53
2026-07-18,c809a078e5a85b1c9b9f038d28a75a25568cc4a8,"IDEA live, filtered sites",5891,70,576,30,21,11,212,18,312,24,1019,45,1638,53
2026-07-18,c809a078e5a85b1c9b9f038d28a75a25568cc4a8,"IDEA live, filtered, non-redirecting sites",5002,67,430,29,19,11,102,18,282,23,800,43,1241,51
2026-07-19,518f36905d0e52a64f9dfa5d5367b45a6f2a117d,All sites scanned,29557,146,1208,42,28,11,560,20,539,36,2761,68,4175,79
2026-07-19,518f36905d0e52a64f9dfa5d5367b45a6f2a117d,All live sites,13679,132,1168,42,28,11,528,20,534,36,2494,68,3834,79
2026-07-19,518f36905d0e52a64f9dfa5d5367b45a6f2a117d,"All live, filtered sites",12671,132,1093,42,27,11,501,20,493,36,2317,68,3563,79
2026-07-19,518f36905d0e52a64f9dfa5d5367b45a6f2a117d,"All live, filtered, non-redirecting sites",8760,131,588,40,21,11,134,19,403,35,1213,64,1794,77
2026-07-19,518f36905d0e52a64f9dfa5d5367b45a6f2a117d,Executive sites scanned,28105,121,1203,40,28,11,560,20,534,34,2749,66,4159,74
2026-07-19,518f36905d0e52a64f9dfa5d5367b45a6f2a117d,Executive live sites,12728,111,1163,40,28,11,528,20,529,34,2482,66,3818,74
2026-07-19,518f36905d0e52a64f9dfa5d5367b45a6f2a117d,"Executive live, filtered sites",11727,111,1091,40,27,11,501,20,491,34,2308,66,3550,74
2026-07-19,518f36905d0e52a64f9dfa5d5367b45a6f2a117d,"Executive live, filtered, non-redirecting sites",7903,110,586,38,21,11,134,19,401,33,1206,62,1784,72
2026-07-19,518f36905d0e52a64f9dfa5d5367b45a6f2a117d,Legislative sites scanned,1032,19,0,0,0,0,0,0,0,0,0,0,4,3
2026-07-19,518f36905d0e52a64f9dfa5d5367b45a6f2a117d,Legislative live sites,810,15,0,0,0,0,0,0,0,0,0,0,4,3
2026-07-19,518f36905d0e52a64f9dfa5d5367b45a6f2a117d,"Legislative live, filtered sites",808,15,0,0,0,0,0,0,0,0,0,0,4,3
2026-07-19,518f36905d0e52a64f9dfa5d5367b45a6f2a117d,"Legislative live, filtered, non-redirecting sites",724,15,0,0,0,0,0,0,0,0,0,0,3,3
2026-07-19,518f36905d0e52a64f9dfa5d5367b45a6f2a117d,Judicial sites scanned,414,5,5,2,0,0,0,0,5,2,12,2,12,2
2026-07-19,518f36905d0e52a64f9dfa5d5367b45a6f2a117d,Judicial live sites,137,5,5,2,0,0,0,0,5,2,12,2,12,2
2026-07-19,518f36905d0e52a64f9dfa5d5367b45a6f2a117d,"Judicial live, filtered sites",132,5,2,2,0,0,0,0,2,2,9,2,9,2
2026-07-19,518f36905d0e52a64f9dfa5d5367b45a6f2a117d,"Judicial live, filtered, non-redirecting sites",129,5,2,2,0,0,0,0,2,2,7,2,7,2
2026-07-19,518f36905d0e52a64f9dfa5d5367b45a6f2a117d,IDEA sites scanned,10395,75,586,30,21,11,218,18,316,24,1039,45,1674,53
2026-07-19,518f36905d0e52a64f9dfa5d5367b45a6f2a117d,IDEA live sites,6045,70,585,30,21,11,218,18,315,24,1030,45,1662,53
2026-07-19,518f36905d0e52a64f9dfa5d5367b45a6f2a117d,"IDEA live, filtered sites",5892,70,578,30,21,11,214,18,313,24,1017,45,1635,53
2026-07-19,518f36905d0e52a64f9dfa5d5367b45a6f2a117d,"IDEA live, filtered, non-redirecting sites",5005,67,431,29,19,11,103,18,283,23,799,43,1239,51
2026-07-20,639aca49de836a0a0c0d77edf5c850914794e4fb,All sites scanned,29524,146,1208,42,28,11,560,20,539,36,2761,68,4175,79
2026-07-20,639aca49de836a0a0c0d77edf5c850914794e4fb,All live sites,13677,132,1168,42,28,11,528,20,534,36,2494,68,3834,79
2026-07-20,639aca49de836a0a0c0d77edf5c850914794e4fb,"All live, filtered sites",12669,132,1093,42,27,11,501,20,493,36,2317,68,3563,79
2026-07-20,639aca49de836a0a0c0d77edf5c850914794e4fb,"All live, filtered, non-redirecting sites",8760,131,588,40,21,11,134,19,403,35,1213,64,1794,77
2026-07-20,639aca49de836a0a0c0d77edf5c850914794e4fb,Executive sites scanned,28072,121,1203,40,28,11,560,20,534,34,2749,66,4159,74
2026-07-20,639aca49de836a0a0c0d77edf5c850914794e4fb,Executive live sites,12726,111,1163,40,28,11,528,20,529,34,2482,66,3818,74
2026-07-20,639aca49de836a0a0c0d77edf5c850914794e4fb,"Executive live, filtered sites",11725,111,1091,40,27,11,501,20,491,34,2308,66,3550,74
2026-07-20,639aca49de836a0a0c0d77edf5c850914794e4fb,"Executive live, filtered, non-redirecting sites",7903,110,586,38,21,11,134,19,401,33,1206,62,1784,72
2026-07-20,639aca49de836a0a0c0d77edf5c850914794e4fb,Legislative sites scanned,1032,19,0,0,0,0,0,0,0,0,0,0,4,3
2026-07-20,639aca49de836a0a0c0d77edf5c850914794e4fb,Legislative live sites,810,15,0,0,0,0,0,0,0,0,0,0,4,3
2026-07-20,639aca49de836a0a0c0d77edf5c850914794e4fb,"Legislative live, filtered sites",808,15,0,0,0,0,0,0,0,0,0,0,4,3
2026-07-20,639aca49de836a0a0c0d77edf5c850914794e4fb,"Legislative live, filtered, non-redirecting sites",724,15,0,0,0,0,0,0,0,0,0,0,3,3
2026-07-20,639aca49de836a0a0c0d77edf5c850914794e4fb,Judicial sites scanned,414,5,5,2,0,0,0,0,5,2,12,2,12,2
2026-07-20,639aca49de836a0a0c0d77edf5c850914794e4fb,Judicial live sites,137,5,5,2,0,0,0,0,5,2,12,2,12,2
2026-07-20,639aca49de836a0a0c0d77edf5c850914794e4fb,"Judicial live, filtered sites",132,5,2,2,0,0,0,0,2,2,9,2,9,2
2026-07-20,639aca49de836a0a0c0d77edf5c850914794e4fb,"Judicial live, filtered, non-redirecting sites",129,5,2,2,0,0,0,0,2,2,7,2,7,2
2026-07-20,639aca49de836a0a0c0d77edf5c850914794e4fb,IDEA sites scanned,10395,75,586,30,21,11,218,18,316,24,1039,45,1674,53
2026-07-20,639aca49de836a0a0c0d77edf5c850914794e4fb,IDEA live sites,6045,70,585,30,21,11,218,18,315,24,1030,45,1662,53
2026-07-20,639aca49de836a0a0c0d77edf5c850914794e4fb,"IDEA live, filtered sites",5892,70,578,30,21,11,214,18,313,24,1017,45,1635,53
2026-07-20,639aca49de836a0a0c0d77edf5c850914794e4fb,"IDEA live, filtered, non-redirecting sites",5005,67,431,29,19,11,103,18,283,23,799,43,1239,51
2026-07-21,aaa0332de1f9b7fe62a7167f2e6ea7568c3b2f08,All sites scanned,29538,146,1211,41,28,11,568,19,538,36,2769,67,4186,79
2026-07-21,aaa0332de1f9b7fe62a7167f2e6ea7568c3b2f08,All live sites,13666,132,1171,41,28,11,537,19,533,36,2500,67,3843,79
2026-07-21,aaa0332de1f9b7fe62a7167f2e6ea7568c3b2f08,"All live, filtered sites",12639,132,1097,41,27,11,509,19,493,36,2324,67,3572,79
2026-07-21,aaa0332de1f9b7fe62a7167f2e6ea7568c3b2f08,"All live, filtered, non-redirecting sites",8742,131,591,40,21,11,140,19,400,35,1216,64,1798,77
2026-07-21,aaa0332de1f9b7fe62a7167f2e6ea7568c3b2f08,Executive sites scanned,28085,121,1206,39,28,11,568,19,533,34,2757,65,4170,74
2026-07-21,aaa0332de1f9b7fe62a7167f2e6ea7568c3b2f08,Executive live sites,12712,111,1166,39,28,11,537,19,528,34,2488,65,3827,74
2026-07-21,aaa0332de1f9b7fe62a7167f2e6ea7568c3b2f08,"Executive live, filtered sites",11692,111,1095,39,27,11,509,19,491,34,2315,65,3559,74
2026-07-21,aaa0332de1f9b7fe62a7167f2e6ea7568c3b2f08,"Executive live, filtered, non-redirecting sites",7882,110,589,38,21,11,140,19,398,33,1209,62,1788,72
2026-07-21,aaa0332de1f9b7fe62a7167f2e6ea7568c3b2f08,Legislative sites scanned,1032,19,0,0,0,0,0,0,0,0,0,0,4,3
2026-07-21,aaa0332de1f9b7fe62a7167f2e6ea7568c3b2f08,Legislative live sites,810,15,0,0,0,0,0,0,0,0,0,0,4,3
2026-07-21,aaa0332de1f9b7fe62a7167f2e6ea7568c3b2f08,"Legislative live, filtered sites",808,15,0,0,0,0,0,0,0,0,0,0,4,3
2026-07-21,aaa0332de1f9b7fe62a7167f2e6ea7568c3b2f08,"Legislative live, filtered, non-redirecting sites",724,15,0,0,0,0,0,0,0,0,0,0,3,3
2026-07-21,aaa0332de1f9b7fe62a7167f2e6ea7568c3b2f08,Judicial sites scanned,415,5,5,2,0,0,0,0,5,2,12,2,12,2
2026-07-21,aaa0332de1f9b7fe62a7167f2e6ea7568c3b2f08,Judicial live sites,140,5,5,2,0,0,0,0,5,2,12,2,12,2
2026-07-21,aaa0332de1f9b7fe62a7167f2e6ea7568c3b2f08,"Judicial live, filtered sites",135,5,2,2,0,0,0,0,2,2,9,2,9,2
2026-07-21,aaa0332de1f9b7fe62a7167f2e6ea7568c3b2f08,"Judicial live, filtered, non-redirecting sites",132,5,2,2,0,0,0,0,2,2,7,2,7,2
2026-07-21,aaa0332de1f9b7fe62a7167f2e6ea7568c3b2f08,IDEA sites scanned,10395,75,591,30,21,11,221,18,319,24,1040,45,1679,53
2026-07-21,aaa0332de1f9b7fe62a7167f2e6ea7568c3b2f08,IDEA live sites,6045,70,590,30,21,11,221,18,318,24,1032,45,1668,53
2026-07-21,aaa0332de1f9b7fe62a7167f2e6ea7568c3b2f08,"IDEA live, filtered sites",5890,70,583,30,21,11,217,18,316,24,1019,45,1641,53
2026-07-21,aaa0332de1f9b7fe62a7167f2e6ea7568c3b2f08,"IDEA live, filtered, non-redirecting sites",5002,67,431,29,19,11,104,18,282,23,801,43,1244,51
2026-07-22,52218f1f577e5693a499711130ea17c0e279d3d4,All sites scanned,29554,146,1203,41,27,11,564,19,537,36,2770,67,4188,79
2026-07-22,52218f1f577e5693a499711130ea17c0e279d3d4,All live sites,13673,132,1164,41,27,11,533,19,532,36,2501,67,3845,79
2026-07-22,52218f1f577e5693a499711130ea17c0e279d3d4,"All live, filtered sites",12660,132,1090,41,26,11,505,19,492,36,2325,67,3574,79
2026-07-22,52218f1f577e5693a499711130ea17c0e279d3d4,"All live, filtered, non-redirecting sites",8773,131,589,40,20,11,139,19,400,35,1219,64,1803,77
2026-07-22,52218f1f577e5693a499711130ea17c0e279d3d4,Executive sites scanned,28101,121,1198,39,27,11,564,19,532,34,2758,65,4172,74
2026-07-22,52218f1f577e5693a499711130ea17c0e279d3d4,Executive live sites,12719,111,1159,39,27,11,533,19,527,34,2489,65,3829,74
2026-07-22,52218f1f577e5693a499711130ea17c0e279d3d4,"Executive live, filtered sites",11713,111,1088,39,26,11,505,19,490,34,2316,65,3561,74
2026-07-22,52218f1f577e5693a499711130ea17c0e279d3d4,"Executive live, filtered, non-redirecting sites",7913,110,587,38,20,11,139,19,398,33,1212,62,1793,72
2026-07-22,52218f1f577e5693a499711130ea17c0e279d3d4,Legislative sites scanned,1032,19,0,0,0,0,0,0,0,0,0,0,4,3
2026-07-22,52218f1f577e5693a499711130ea17c0e279d3d4,Legislative live sites,810,15,0,0,0,0,0,0,0,0,0,0,4,3
2026-07-22,52218f1f577e5693a499711130ea17c0e279d3d4,"Legislative live, filtered sites",808,15,0,0,0,0,0,0,0,0,0,0,4,3
2026-07-22,52218f1f577e5693a499711130ea17c0e279d3d4,"Legislative live, filtered, non-redirecting sites",724,15,0,0,0,0,0,0,0,0,0,0,3,3
2026-07-22,52218f1f577e5693a499711130ea17c0e279d3d4,Judicial sites scanned,415,5,5,2,0,0,0,0,5,2,12,2,12,2
2026-07-22,52218f1f577e5693a499711130ea17c0e279d3d4,Judicial live sites,140,5,5,2,0,0,0,0,5,2,12,2,12,2
2026-07-22,52218f1f577e5693a499711130ea17c0e279d3d4,"Judicial live, filtered sites",135,5,2,2,0,0,0,0,2,2,9,2,9,2
2026-07-22,52218f1f577e5693a499711130ea17c0e279d3d4,"Judicial live, filtered, non-redirecting sites",132,5,2,2,0,0,0,0,2,2,7,2,7,2
2026-07-22,52218f1f577e5693a499711130ea17c0e279d3d4,IDEA sites scanned,10395,75,587,30,20,11,218,18,320,24,1038,45,1678,53
2026-07-22,52218f1f577e5693a499711130ea17c0e279d3d4,IDEA live sites,6047,70,586,30,20,11,218,18,319,24,1030,45,1667,53
2026-07-22,52218f1f577e5693a499711130ea17c0e279d3d4,"IDEA live, filtered sites",5894,70,579,30,20,11,214,18,317,24,1017,45,1640,53
2026-07-22,52218f1f577e5693a499711130ea17c0e279d3d4,"IDEA live, filtered, non-redirecting sites",5012,67,430,29,18,11,103,18,283,23,802,43,1246,51
2026-07-23,f2277b951a0894b4ada4c814b9942d65186bb03e,All sites scanned,29545,146,1193,42,26,11,555,21,534,36,2769,68,4178,79
2026-07-23,f2277b951a0894b4ada4c814b9942d65186bb03e,All live sites,13661,132,1155,42,26,11,524,21,529,36,2496,68,3830,79
2026-07-23,f2277b951a0894b4ada4c814b9942d65186bb03e,"All live, filtered sites",12633,132,1080,42,25,11,496,21,488,36,2319,68,3558,79
2026-07-23,f2277b951a0894b4ada4c814b9942d65186bb03e,"All live, filtered, non-redirecting sites",8771,131,587,40,20,11,134,19,402,35,1213,64,1795,77
2026-07-23,f2277b951a0894b4ada4c814b9942d65186bb03e,Executive sites scanned,28093,121,1188,40,26,11,555,21,529,34,2757,66,4162,74
2026-07-23,f2277b951a0894b4ada4c814b9942d65186bb03e,Executive live sites,12708,111,1150,40,26,11,524,21,524,34,2484,66,3814,74
2026-07-23,f2277b951a0894b4ada4c814b9942d65186bb03e,"Executive live, filtered sites",11687,111,1078,40,25,11,496,21,486,34,2310,66,3545,74
2026-07-23,f2277b951a0894b4ada4c814b9942d65186bb03e,"Executive live, filtered, non-redirecting sites",7912,110,585,38,20,11,134,19,400,33,1206,62,1785,72
2026-07-23,f2277b951a0894b4ada4c814b9942d65186bb03e,Legislative sites scanned,1032,19,0,0,0,0,0,0,0,0,0,0,4,3
2026-07-23,f2277b951a0894b4ada4c814b9942d65186bb03e,Legislative live sites,810,15,0,0,0,0,0,0,0,0,0,0,4,3
2026-07-23,f2277b951a0894b4ada4c814b9942d65186bb03e,"Legislative live, filtered sites",808,15,0,0,0,0,0,0,0,0,0,0,4,3
2026-07-23,f2277b951a0894b4ada4c814b9942d65186bb03e,"Legislative live, filtered, non-redirecting sites",724,15,0,0,0,0,0,0,0,0,0,0,3,3
2026-07-23,f2277b951a0894b4ada4c814b9942d65186bb03e,Judicial sites scanned,414,5,5,2,0,0,0,0,5,2,12,2,12,2
2026-07-23,f2277b951a0894b4ada4c814b9942d65186bb03e,Judicial live sites,139,5,5,2,0,0,0,0,5,2,12,2,12,2
2026-07-23,f2277b951a0894b4ada4c814b9942d65186bb03e,"Judicial live, filtered sites",134,5,2,2,0,0,0,0,2,2,9,2,9,2
2026-07-23,f2277b951a0894b4ada4c814b9942d65186bb03e,"Judicial live, filtered, non-redirecting sites",131,5,2,2,0,0,0,0,2,2,7,2,7,2
2026-07-23,f2277b951a0894b4ada4c814b9942d65186bb03e,IDEA sites scanned,10395,75,580,30,19,11,210,18,320,24,1040,45,1674,53
2026-07-23,f2277b951a0894b4ada4c814b9942d65186bb03e,IDEA live sites,6054,70,579,30,19,11,210,18,319,24,1028,45,1658,53
2026-07-23,f2277b951a0894b4ada4c814b9942d65186bb03e,"IDEA live, filtered sites",5900,70,572,30,19,11,206,18,317,24,1015,45,1631,53
2026-07-23,f2277b951a0894b4ada4c814b9942d65186bb03e,"IDEA live, filtered, non-redirecting sites",5021,67,429,29,18,11,99,18,286,23,795,43,1236,51
2026-07-24,f2456875421e82be8627da8b53d5174882f7b6fd,All sites scanned,29543,146,1196,42,26,11,556,21,537,36,2767,68,4177,79
2026-07-24,f2456875421e82be8627da8b53d5174882f7b6fd,All live sites,13654,132,1159,42,26,11,525,21,532,36,2495,68,3828,79
2026-07-24,f2456875421e82be8627da8b53d5174882f7b6fd,"All live, filtered sites",12648,132,1084,42,25,11,497,21,491,36,2318,68,3556,79
2026-07-24,f2456875421e82be8627da8b53d5174882f7b6fd,"All live, filtered, non-redirecting sites",8782,131,591,40,20,11,135,19,405,35,1215,64,1796,77
2026-07-24,f2456875421e82be8627da8b53d5174882f7b6fd,Executive sites scanned,28091,121,1191,40,26,11,556,21,532,34,2755,66,4161,74
2026-07-24,f2456875421e82be8627da8b53d5174882f7b6fd,Executive live sites,12701,111,1154,40,26,11,525,21,527,34,2483,66,3812,74
2026-07-24,f2456875421e82be8627da8b53d5174882f7b6fd,"Executive live, filtered sites",11702,111,1082,40,25,11,497,21,489,34,2309,66,3543,74
2026-07-24,f2456875421e82be8627da8b53d5174882f7b6fd,"Executive live, filtered, non-redirecting sites",7923,110,589,38,20,11,135,19,403,33,1208,62,1786,72
2026-07-24,f2456875421e82be8627da8b53d5174882f7b6fd,Legislative sites scanned,1032,19,0,0,0,0,0,0,0,0,0,0,4,3
2026-07-24,f2456875421e82be8627da8b53d5174882f7b6fd,Legislative live sites,810,15,0,0,0,0,0,0,0,0,0,0,4,3
2026-07-24,f2456875421e82be8627da8b53d5174882f7b6fd,"Legislative live, filtered sites",808,15,0,0,0,0,0,0,0,0,0,0,4,3
2026-07-24,f2456875421e82be8627da8b53d5174882f7b6fd,"Legislative live, filtered, non-redirecting sites",724,15,0,0,0,0,0,0,0,0,0,0,3,3
2026-07-24,f2456875421e82be8627da8b53d5174882f7b6fd,Judicial sites scanned,414,5,5,2,0,0,0,0,5,2,12,2,12,2
2026-07-24,f2456875421e82be8627da8b53d5174882f7b6fd,Judicial live sites,139,5,5,2,0,0,0,0,5,2,12,2,12,2
2026-07-24,f2456875421e82be8627da8b53d5174882f7b6fd,"Judicial live, filtered sites",134,5,2,2,0,0,0,0,2,2,9,2,9,2
2026-07-24,f2456875421e82be8627da8b53d5174882f7b6fd,"Judicial live, filtered, non-redirecting sites",131,5,2,2,0,0,0,0,2,2,7,2,7,2
2026-07-24,f2456875421e82be8627da8b53d5174882f7b6fd,IDEA sites scanned,10394,75,583,30,19,11,211,18,322,24,1038,45,1673,53
2026-07-24,f2456875421e82be8627da8b53d5174882f7b6fd,IDEA live sites,6050,70,582,30,19,11,211,18,321,24,1026,45,1655,53
2026-07-24,f2456875421e82be8627da8b53d5174882f7b6fd,"IDEA live, filtered sites",5899,70,575,30,19,11,207,18,319,24,1013,45,1628,53
2026-07-24,f2456875421e82be8627da8b53d5174882f7b6fd,"IDEA live, filtered, non-redirecting sites",5022,67,431,29,18,11,100,18,287,23,796,43,1236,51
2026-07-25,223b58b6d9ae10540c9e601042d0b69da4dc9880,All sites scanned,29596,146,1201,41,28,11,551,19,546,36,2772,67,4175,79
2026-07-25,223b58b6d9ae10540c9e601042d0b69da4dc9880,All live sites,13467,132,1163,41,28,11,519,19,541,36,2502,67,3830,79
2026-07-25,223b58b6d9ae10540c9e601042d0b69da4dc9880,"All live, filtered sites",12448,132,1083,41,27,11,491,19,498,36,2323,67,3559,79
2026-07-25,223b58b6d9ae10540c9e601042d0b69da4dc9880,"All live, filtered, non-redirecting sites",8616,130,581,40,20,11,127,19,405,35,1218,62,1792,76
2026-07-25,223b58b6d9ae10540c9e601042d0b69da4dc9880,Executive sites scanned,28143,121,1196,39,28,11,551,19,541,34,2760,65,4159,74
2026-07-25,223b58b6d9ae10540c9e601042d0b69da4dc9880,Executive live sites,12513,111,1158,39,28,11,519,19,536,34,2490,65,3814,74
2026-07-25,223b58b6d9ae10540c9e601042d0b69da4dc9880,"Executive live, filtered sites",11501,111,1081,39,27,11,491,19,496,34,2314,65,3546,74
2026-07-25,223b58b6d9ae10540c9e601042d0b69da4dc9880,"Executive live, filtered, non-redirecting sites",7755,109,579,38,20,11,127,19,403,33,1211,60,1782,71
2026-07-25,223b58b6d9ae10540c9e601042d0b69da4dc9880,Legislative sites scanned,1033,19,0,0,0,0,0,0,0,0,0,0,4,3
2026-07-25,223b58b6d9ae10540c9e601042d0b69da4dc9880,Legislative live sites,810,15,0,0,0,0,0,0,0,0,0,0,4,3
2026-07-25,223b58b6d9ae10540c9e601042d0b69da4dc9880,"Legislative live, filtered sites",808,15,0,0,0,0,0,0,0,0,0,0,4,3
2026-07-25,223b58b6d9ae10540c9e601042d0b69da4dc9880,"Legislative live, filtered, non-redirecting sites",725,15,0,0,0,0,0,0,0,0,0,0,3,3
2026-07-25,223b58b6d9ae10540c9e601042d0b69da4dc9880,Judicial sites scanned,414,5,5,2,0,0,0,0,5,2,12,2,12,2
2026-07-25,223b58b6d9ae10540c9e601042d0b69da4dc9880,Judicial live sites,140,5,5,2,0,0,0,0,5,2,12,2,12,2
2026-07-25,223b58b6d9ae10540c9e601042d0b69da4dc9880,"Judicial live, filtered sites",135,5,2,2,0,0,0,0,2,2,9,2,9,2
2026-07-25,223b58b6d9ae10540c9e601042d0b69da4dc9880,"Judicial live, filtered, non-redirecting sites",132,5,2,2,0,0,0,0,2,2,7,2,7,2
2026-07-25,223b58b6d9ae10540c9e601042d0b69da4dc9880,IDEA sites scanned,10394,75,583,30,21,11,210,18,321,24,1042,45,1673,53
2026-07-25,223b58b6d9ae10540c9e601042d0b69da4dc9880,IDEA live sites,5987,70,582,30,21,11,210,18,320,24,1032,45,1658,53
2026-07-25,223b58b6d9ae10540c9e601042d0b69da4dc9880,"IDEA live, filtered sites",5833,70,575,30,21,11,206,18,318,24,1019,45,1631,53
2026-07-25,223b58b6d9ae10540c9e601042d0b69da4dc9880,"IDEA live, filtered, non-redirecting sites",4954,67,426,29,18,11,96,18,287,23,801,42,1236,51
2026-07-26,5aa9fb866dcbfbafc048d2f7eaae562a8d215465,All sites scanned,29578,146,1197,41,28,11,553,19,542,36,2772,67,4177,79
2026-07-26,5aa9fb866dcbfbafc048d2f7eaae562a8d215465,All live sites,13463,132,1159,41,28,11,521,19,537,36,2502,67,3834,79
2026-07-26,5aa9fb866dcbfbafc048d2f7eaae562a8d215465,"All live, filtered sites",12467,132,1078,41,27,11,493,19,494,36,2322,67,3562,79
2026-07-26,5aa9fb866dcbfbafc048d2f7eaae562a8d215465,"All live, filtered, non-redirecting sites",8625,130,575,40,20,11,127,19,401,35,1215,62,1792,76
2026-07-26,5aa9fb866dcbfbafc048d2f7eaae562a8d215465,Executive sites scanned,28125,121,1192,39,28,11,553,19,537,34,2760,65,4161,74
2026-07-26,5aa9fb866dcbfbafc048d2f7eaae562a8d215465,Executive live sites,12509,111,1154,39,28,11,521,19,532,34,2490,65,3818,74
2026-07-26,5aa9fb866dcbfbafc048d2f7eaae562a8d215465,"Executive live, filtered sites",11520,111,1076,39,27,11,493,19,492,34,2313,65,3549,74
2026-07-26,5aa9fb866dcbfbafc048d2f7eaae562a8d215465,"Executive live, filtered, non-redirecting sites",7764,109,573,38,20,11,127,19,399,33,1208,60,1782,71
2026-07-26,5aa9fb866dcbfbafc048d2f7eaae562a8d215465,Legislative sites scanned,1033,19,0,0,0,0,0,0,0,0,0,0,4,3
2026-07-26,5aa9fb866dcbfbafc048d2f7eaae562a8d215465,Legislative live sites,810,15,0,0,0,0,0,0,0,0,0,0,4,3
2026-07-26,5aa9fb866dcbfbafc048d2f7eaae562a8d215465,"Legislative live, filtered sites",808,15,0,0,0,0,0,0,0,0,0,0,4,3
2026-07-26,5aa9fb866dcbfbafc048d2f7eaae562a8d215465,"Legislative live, filtered, non-redirecting sites",725,15,0,0,0,0,0,0,0,0,0,0,3,3
2026-07-26,5aa9fb866dcbfbafc048d2f7eaae562a8d215465,Judicial sites scanned,414,5,5,2,0,0,0,0,5,2,12,2,12,2
2026-07-26,5aa9fb866dcbfbafc048d2f7eaae562a8d215465,Judicial live sites,140,5,5,2,0,0,0,0,5,2,12,2,12,2
2026-07-26,5aa9fb866dcbfbafc048d2f7eaae562a8d215465,"Judicial live, filtered sites",135,5,2,2,0,0,0,0,2,2,9,2,9,2
2026-07-26,5aa9fb866dcbfbafc048d2f7eaae562a8d215465,"Judicial live, filtered, non-redirecting sites",132,5,2,2,0,0,0,0,2,2,7,2,7,2
2026-07-26,5aa9fb866dcbfbafc048d2f7eaae562a8d215465,IDEA sites scanned,10394,75,581,30,21,11,212,18,319,24,1042,45,1675,53
2026-07-26,5aa9fb866dcbfbafc048d2f7eaae562a8d215465,IDEA live sites,5992,70,580,30,21,11,212,18,318,24,1032,45,1662,53
2026-07-26,5aa9fb866dcbfbafc048d2f7eaae562a8d215465,"IDEA live, filtered sites",5841,70,573,30,21,11,208,18,316,24,1019,45,1635,53
2026-07-26,5aa9fb866dcbfbafc048d2f7eaae562a8d215465,"IDEA live, filtered, non-redirecting sites",4959,67,422,29,18,11,96,18,285,23,799,42,1237,51
2026-07-27,926cdecf6e1bb09a8bba6b9114c4b4cb5d243acc,All sites scanned,29543,146,1197,41,28,11,553,19,542,36,2771,67,4176,79
2026-07-27,926cdecf6e1bb09a8bba6b9114c4b4cb5d243acc,All live sites,13458,132,1159,41,28,11,521,19,537,36,2501,67,3833,79
2026-07-27,926cdecf6e1bb09a8bba6b9114c4b4cb5d243acc,"All live, filtered sites",12462,132,1078,41,27,11,493,19,494,36,2321,67,3561,79
2026-07-27,926cdecf6e1bb09a8bba6b9114c4b4cb5d243acc,"All live, filtered, non-redirecting sites",8625,130,575,40,20,11,127,19,401,35,1215,62,1792,76
2026-07-27,926cdecf6e1bb09a8bba6b9114c4b4cb5d243acc,Executive sites scanned,28090,121,1192,39,28,11,553,19,537,34,2759,65,4160,74
2026-07-27,926cdecf6e1bb09a8bba6b9114c4b4cb5d243acc,Executive live sites,12504,111,1154,39,28,11,521,19,532,34,2489,65,3817,74
2026-07-27,926cdecf6e1bb09a8bba6b9114c4b4cb5d243acc,"Executive live, filtered sites",11515,111,1076,39,27,11,493,19,492,34,2312,65,3548,74
2026-07-27,926cdecf6e1bb09a8bba6b9114c4b4cb5d243acc,"Executive live, filtered, non-redirecting sites",7764,109,573,38,20,11,127,19,399,33,1208,60,1782,71
2026-07-27,926cdecf6e1bb09a8bba6b9114c4b4cb5d243acc,Legislative sites scanned,1033,19,0,0,0,0,0,0,0,0,0,0,4,3
2026-07-27,926cdecf6e1bb09a8bba6b9114c4b4cb5d243acc,Legislative live sites,810,15,0,0,0,0,0,0,0,0,0,0,4,3
2026-07-27,926cdecf6e1bb09a8bba6b9114c4b4cb5d243acc,"Legislative live, filtered sites",808,15,0,0,0,0,0,0,0,0,0,0,4,3
2026-07-27,926cdecf6e1bb09a8bba6b9114c4b4cb5d243acc,"Legislative live, filtered, non-redirecting sites",725,15,0,0,0,0,0,0,0,0,0,0,3,3
2026-07-27,926cdecf6e1bb09a8bba6b9114c4b4cb5d243acc,Judicial sites scanned,414,5,5,2,0,0,0,0,5,2,12,2,12,2
2026-07-27,926cdecf6e1bb09a8bba6b9114c4b4cb5d243acc,Judicial live sites,140,5,5,2,0,0,0,0,5,2,12,2,12,2
2026-07-27,926cdecf6e1bb09a8bba6b9114c4b4cb5d243acc,"Judicial live, filtered sites",135,5,2,2,0,0,0,0,2,2,9,2,9,2
2026-07-27,926cdecf6e1bb09a8bba6b9114c4b4cb5d243acc,"Judicial live, filtered, non-redirecting sites",132,5,2,2,0,0,0,0,2,2,7,2,7,2
2026-07-27,926cdecf6e1bb09a8bba6b9114c4b4cb5d243acc,IDEA sites scanned,10394,75,581,30,21,11,212,18,319,24,1042,45,1675,53
2026-07-27,926cdecf6e1bb09a8bba6b9114c4b4cb5d243acc,IDEA live sites,5992,70,580,30,21,11,212,18,318,24,1032,45,1662,53
2026-07-27,926cdecf6e1bb09a8bba6b9114c4b4cb5d243acc,"IDEA live, filtered sites",5841,70,573,30,21,11,208,18,316,24,1019,45,1635,53
2026-07-27,926cdecf6e1bb09a8bba6b9114c4b4cb5d243acc,"IDEA live, filtered, non-redirecting sites",4959,67,422,29,18,11,96,18,285,23,799,42,1237,51
2026-07-28,14cc7f01cd9c71cd6ec41a313c413b8abb954694,All sites scanned,29560,146,1216,42,27,11,572,21,540,36,2778,68,4194,79
2026-07-28,14cc7f01cd9c71cd6ec41a313c413b8abb954694,All live sites,13548,132,1178,42,27,11,540,21,534,36,2509,68,3850,79
2026-07-28,14cc7f01cd9c71cd6ec41a313c413b8abb954694,"All live, filtered sites",12524,132,1101,42,26,11,512,21,495,36,2331,68,3578,79
2026-07-28,14cc7f01cd9c71cd6ec41a313c413b8abb954694,"All live, filtered, non-redirecting sites",8673,131,592,40,20,11,143,19,401,35,1218,64,1803,77
2026-07-28,14cc7f01cd9c71cd6ec41a313c413b8abb954694,Executive sites scanned,28106,121,1211,40,27,11,572,21,535,34,2766,66,4178,74
2026-07-28,14cc7f01cd9c71cd6ec41a313c413b8abb954694,Executive live sites,12593,111,1173,40,27,11,540,21,529,34,2497,66,3834,74
2026-07-28,14cc7f01cd9c71cd6ec41a313c413b8abb954694,"Executive live, filtered sites",11576,111,1099,40,26,11,512,21,493,34,2322,66,3565,74
2026-07-28,14cc7f01cd9c71cd6ec41a313c413b8abb954694,"Executive live, filtered, non-redirecting sites",7811,110,590,38,20,11,143,19,399,33,1211,62,1793,72
2026-07-28,14cc7f01cd9c71cd6ec41a313c413b8abb954694,Legislative sites scanned,1034,19,0,0,0,0,0,0,0,0,0,0,4,3
2026-07-28,14cc7f01cd9c71cd6ec41a313c413b8abb954694,Legislative live sites,812,15,0,0,0,0,0,0,0,0,0,0,4,3
2026-07-28,14cc7f01cd9c71cd6ec41a313c413b8abb954694,"Legislative live, filtered sites",810,15,0,0,0,0,0,0,0,0,0,0,4,3
2026-07-28,14cc7f01cd9c71cd6ec41a313c413b8abb954694,"Legislative live, filtered, non-redirecting sites",727,15,0,0,0,0,0,0,0,0,0,0,3,3
2026-07-28,14cc7f01cd9c71cd6ec41a313c413b8abb954694,Judicial sites scanned,414,5,5,2,0,0,0,0,5,2,12,2,12,2
2026-07-28,14cc7f01cd9c71cd6ec41a313c413b8abb954694,Judicial live sites,139,5,5,2,0,0,0,0,5,2,12,2,12,2
2026-07-28,14cc7f01cd9c71cd6ec41a313c413b8abb954694,"Judicial live, filtered sites",134,5,2,2,0,0,0,0,2,2,9,2,9,2
2026-07-28,14cc7f01cd9c71cd6ec41a313c413b8abb954694,"Judicial live, filtered, non-redirecting sites",131,5,2,2,0,0,0,0,2,2,7,2,7,2
2026-07-28,14cc7f01cd9c71cd6ec41a313c413b8abb954694,IDEA sites scanned,10394,75,594,30,20,11,223,18,321,24,1042,45,1678,53
2026-07-28,14cc7f01cd9c71cd6ec41a313c413b8abb954694,IDEA live sites,6044,70,593,30,20,11,223,18,320,24,1033,45,1666,53
2026-07-28,14cc7f01cd9c71cd6ec41a313c413b8abb954694,"IDEA live, filtered sites",5888,70,586,30,20,11,219,18,318,24,1020,45,1639,53
2026-07-28,14cc7f01cd9c71cd6ec41a313c413b8abb954694,"IDEA live, filtered, non-redirecting sites",4998,67,434,29,18,11,107,18,285,23,799,43,1240,51
2026-07-29,d9ea88673455024a50d918fa0fc07955d521e3ae,All sites scanned,29555,146,1222,42,27,11,573,21,542,36,2785,68,4198,79
2026-07-29,d9ea88673455024a50d918fa0fc07955d521e3ae,All live sites,13550,132,1184,42,27,11,541,21,536,36,2517,68,3855,79
2026-07-29,d9ea88673455024a50d918fa0fc07955d521e3ae,"All live, filtered sites",12548,132,1107,42,26,11,513,21,497,36,2339,68,3583,79
2026-07-29,d9ea88673455024a50d918fa0fc07955d521e3ae,"All live, filtered, non-redirecting sites",8691,131,597,41,20,11,144,20,403,35,1223,65,1806,77
2026-07-29,d9ea88673455024a50d918fa0fc07955d521e3ae,Executive sites scanned,28101,121,1217,40,27,11,573,21,537,34,2773,66,4182,74
2026-07-29,d9ea88673455024a50d918fa0fc07955d521e3ae,Executive live sites,12595,111,1179,40,27,11,541,21,531,34,2505,66,3839,74
2026-07-29,d9ea88673455024a50d918fa0fc07955d521e3ae,"Executive live, filtered sites",11600,111,1105,40,26,11,513,21,495,34,2330,66,3570,74
2026-07-29,d9ea88673455024a50d918fa0fc07955d521e3ae,"Executive live, filtered, non-redirecting sites",7829,110,595,39,20,11,144,20,401,33,1216,63,1796,72
2026-07-29,d9ea88673455024a50d918fa0fc07955d521e3ae,Legislative sites scanned,1034,19,0,0,0,0,0,0,0,0,0,0,4,3
2026-07-29,d9ea88673455024a50d918fa0fc07955d521e3ae,Legislative live sites,812,15,0,0,0,0,0,0,0,0,0,0,4,3
2026-07-29,d9ea88673455024a50d918fa0fc07955d521e3ae,"Legislative live, filtered sites",810,15,0,0,0,0,0,0,0,0,0,0,4,3
2026-07-29,d9ea88673455024a50d918fa0fc07955d521e3ae,"Legislative live, filtered, non-redirecting sites",727,15,0,0,0,0,0,0,0,0,0,0,3,3
2026-07-29,d9ea88673455024a50d918fa0fc07955d521e3ae,Judicial sites scanned,414,5,5,2,0,0,0,0,5,2,12,2,12,2
2026-07-29,d9ea88673455024a50d918fa0fc07955d521e3ae,Judicial live sites,139,5,5,2,0,0,0,0,5,2,12,2,12,2
2026-07-29,d9ea88673455024a50d918fa0fc07955d521e3ae,"Judicial live, filtered sites",134,5,2,2,0,0,0,0,2,2,9,2,9,2
2026-07-29,d9ea88673455024a50d918fa0fc07955d521e3ae,"Judicial live, filtered, non-redirecting sites",131,5,2,2,0,0,0,0,2,2,7,2,7,2
2026-07-29,d9ea88673455024a50d918fa0fc07955d521e3ae,IDEA sites scanned,10394,75,594,31,20,11,222,19,320,24,1045,46,1678,53
2026-07-29,d9ea88673455024a50d918fa0fc07955d521e3ae,IDEA live sites,6045,70,593,31,20,11,222,19,319,24,1036,46,1666,53
2026-07-29,d9ea88673455024a50d918fa0fc07955d521e3ae,"IDEA live, filtered sites",5893,70,586,31,20,11,218,19,317,24,1023,46,1639,53
2026-07-29,d9ea88673455024a50d918fa0fc07955d521e3ae,"IDEA live, filtered, non-redirecting sites",5004,67,437,30,18,11,108,19,285,23,802,44,1241,51
2026-07-30,972fb2e6d0c00d8a1d91dd234b36cf8444cf7cd3,All sites scanned,29564,146,1207,42,27,11,557,20,538,36,2794,68,4210,79
2026-07-30,972fb2e6d0c00d8a1d91dd234b36cf8444cf7cd3,All live sites,13621,132,1170,42,27,11,526,20,532,36,2527,68,3872,79
2026-07-30,972fb2e6d0c00d8a1d91dd234b36cf8444cf7cd3,"All live, filtered sites",12580,132,1083,42,26,11,499,20,493,36,2342,68,3593,79
2026-07-30,972fb2e6d0c00d8a1d91dd234b36cf8444cf7cd3,"All live, filtered, non-redirecting sites",8700,131,589,41,20,11,134,20,403,35,1230,65,1817,77
2026-07-30,972fb2e6d0c00d8a1d91dd234b36cf8444cf7cd3,Executive sites scanned,28107,121,1202,40,27,11,557,20,533,34,2782,66,4194,74
2026-07-30,972fb2e6d0c00d8a1d91dd234b36cf8444cf7cd3,Executive live sites,12664,111,1165,40,27,11,526,20,527,34,2515,66,3856,74
2026-07-30,972fb2e6d0c00d8a1d91dd234b36cf8444cf7cd3,"Executive live, filtered sites",11630,111,1081,40,26,11,499,20,491,34,2333,66,3580,74
2026-07-30,972fb2e6d0c00d8a1d91dd234b36cf8444cf7cd3,"Executive live, filtered, non-redirecting sites",7836,110,587,39,20,11,134,20,401,33,1223,63,1807,72
2026-07-30,972fb2e6d0c00d8a1d91dd234b36cf8444cf7cd3,Legislative sites scanned,1037,19,0,0,0,0,0,0,0,0,0,0,4,3
2026-07-30,972fb2e6d0c00d8a1d91dd234b36cf8444cf7cd3,Legislative live sites,813,15,0,0,0,0,0,0,0,0,0,0,4,3
2026-07-30,972fb2e6d0c00d8a1d91dd234b36cf8444cf7cd3,"Legislative live, filtered sites",811,15,0,0,0,0,0,0,0,0,0,0,4,3
2026-07-30,972fb2e6d0c00d8a1d91dd234b36cf8444cf7cd3,"Legislative live, filtered, non-redirecting sites",728,15,0,0,0,0,0,0,0,0,0,0,3,3
2026-07-30,972fb2e6d0c00d8a1d91dd234b36cf8444cf7cd3,Judicial sites scanned,414,5,5,2,0,0,0,0,5,2,12,2,12,2
2026-07-30,972fb2e6d0c00d8a1d91dd234b36cf8444cf7cd3,Judicial live sites,140,5,5,2,0,0,0,0,5,2,12,2,12,2
2026-07-30,972fb2e6d0c00d8a1d91dd234b36cf8444cf7cd3,"Judicial live, filtered sites",135,5,2,2,0,0,0,0,2,2,9,2,9,2
2026-07-30,972fb2e6d0c00d8a1d91dd234b36cf8444cf7cd3,"Judicial live, filtered, non-redirecting sites",132,5,2,2,0,0,0,0,2,2,7,2,7,2
2026-07-30,972fb2e6d0c00d8a1d91dd234b36cf8444cf7cd3,IDEA sites scanned,10394,75,584,31,20,11,215,19,317,24,1049,46,1688,53
2026-07-30,972fb2e6d0c00d8a1d91dd234b36cf8444cf7cd3,IDEA live sites,6057,70,583,31,20,11,215,19,316,24,1040,46,1676,53
2026-07-30,972fb2e6d0c00d8a1d91dd234b36cf8444cf7cd3,"IDEA live, filtered sites",5901,70,576,31,20,11,211,19,314,24,1027,46,1649,53
2026-07-30,972fb2e6d0c00d8a1d91dd234b36cf8444cf7cd3,"IDEA live, filtered, non-redirecting sites",5016,67,431,30,18,11,102,19,283,23,807,44,1249,51
2026-07-31,9eca167ab027820b3985293332873dea654f0a62,All sites scanned,29556,146,1200,42,28,11,555,20,534,36,2785,68,4202,79
2026-07-31,9eca167ab027820b3985293332873dea654f0a62,All live sites,13606,132,1163,42,28,11,524,20,528,36,2517,68,3863,79
2026-07-31,9eca167ab027820b3985293332873dea654f0a62,"All live, filtered sites",12587,132,1076,42,27,11,497,20,489,36,2332,68,3584,79
2026-07-31,9eca167ab027820b3985293332873dea654f0a62,"All live, filtered, non-redirecting sites",8703,131,585,40,21,11,133,19,401,35,1222,64,1811,77
2026-07-31,9eca167ab027820b3985293332873dea654f0a62,Executive sites scanned,28099,121,1195,40,28,11,555,20,529,34,2773,66,4186,74
2026-07-31,9eca167ab027820b3985293332873dea654f0a62,Executive live sites,12649,111,1158,40,28,11,524,20,523,34,2505,66,3847,74
2026-07-31,9eca167ab027820b3985293332873dea654f0a62,"Executive live, filtered sites",11637,111,1074,40,27,11,497,20,487,34,2323,66,3571,74
2026-07-31,9eca167ab027820b3985293332873dea654f0a62,"Executive live, filtered, non-redirecting sites",7839,110,583,38,21,11,133,19,399,33,1215,62,1801,72
2026-07-31,9eca167ab027820b3985293332873dea654f0a62,Legislative sites scanned,1037,19,0,0,0,0,0,0,0,0,0,0,4,3
2026-07-31,9eca167ab027820b3985293332873dea654f0a62,Legislative live sites,813,15,0,0,0,0,0,0,0,0,0,0,4,3
2026-07-31,9eca167ab027820b3985293332873dea654f0a62,"Legislative live, filtered sites",811,15,0,0,0,0,0,0,0,0,0,0,4,3
2026-07-31,9eca167ab027820b3985293332873dea654f0a62,"Legislative live, filtered, non-redirecting sites",728,15,0,0,0,0,0,0,0,0,0,0,3,3
2026-07-31,9eca167ab027820b3985293332873dea654f0a62,Judicial sites scanned,414,5,5,2,0,0,0,0,5,2,12,2,12,2
2026-07-31,9eca167ab027820b3985293332873dea654f0a62,Judicial live sites,140,5,5,2,0,0,0,0,5,2,12,2,12,2
2026-07-31,9eca167ab027820b3985293332873dea654f0a62,"Judicial live, filtered sites",135,5,2,2,0,0,0,0,2,2,9,2,9,2
2026-07-31,9eca167ab027820b3985293332873dea654f0a62,"Judicial live, filtered, non-redirecting sites",132,5,2,2,0,0,0,0,2,2,7,2,7,2
2026-07-31,9eca167ab027820b3985293332873dea654f0a62,IDEA sites scanned,10394,75,582,30,21,11,215,18,316,24,1046,45,1685,53
2026-07-31,9eca167ab027820b3985293332873dea654f0a62,IDEA live sites,6056,70,581,30,21,11,215,18,315,24,1037,45,1673,53
2026-07-31,9eca167ab027820b3985293332873dea654f0a62,"IDEA live, filtered sites",5903,70,574,30,21,11,211,18,313,24,1024,45,1646,53
2026-07-31,9eca167ab027820b3985293332873dea654f0a62,"IDEA live, filtered, non-redirecting sites",5018,67,429,29,19,11,102,18,282,23,804,43,1247,51
2026-08-01,ea1494f6fcf4f83cb11db09bad2862a7ce05514d,All sites scanned,29592,146,1212,42,29,11,557,20,534,36,2776,68,4183,79
2026-08-01,ea1494f6fcf4f83cb11db09bad2862a7ce05514d,All live sites,13539,132,1174,42,29,11,526,20,527,36,2507,68,3843,79
2026-08-01,ea1494f6fcf4f83cb11db09bad2862a7ce05514d,"All live, filtered sites",12506,132,1087,42,28,11,498,20,488,36,2323,68,3565,79
2026-08-01,ea1494f6fcf4f83cb11db09bad2862a7ce05514d,"All live, filtered, non-redirecting sites",8653,131,583,40,22,11,136,19,396,35,1212,64,1794,77
2026-08-01,ea1494f6fcf4f83cb11db09bad2862a7ce05514d,Executive sites scanned,28131,121,1207,40,29,11,557,20,529,34,2764,66,4167,74
2026-08-01,ea1494f6fcf4f83cb11db09bad2862a7ce05514d,Executive live sites,12580,111,1169,40,29,11,526,20,522,34,2495,66,3827,74
2026-08-01,ea1494f6fcf4f83cb11db09bad2862a7ce05514d,"Executive live, filtered sites",11554,111,1085,40,28,11,498,20,486,34,2314,66,3552,74
2026-08-01,ea1494f6fcf4f83cb11db09bad2862a7ce05514d,"Executive live, filtered, non-redirecting sites",7787,110,581,38,22,11,136,19,394,33,1205,62,1784,72
2026-08-01,ea1494f6fcf4f83cb11db09bad2862a7ce05514d,Legislative sites scanned,1041,19,0,0,0,0,0,0,0,0,0,0,4,3
2026-08-01,ea1494f6fcf4f83cb11db09bad2862a7ce05514d,Legislative live sites,817,15,0,0,0,0,0,0,0,0,0,0,4,3
2026-08-01,ea1494f6fcf4f83cb11db09bad2862a7ce05514d,"Legislative live, filtered sites",815,15,0,0,0,0,0,0,0,0,0,0,4,3
2026-08-01,ea1494f6fcf4f83cb11db09bad2862a7ce05514d,"Legislative live, filtered, non-redirecting sites",732,15,0,0,0,0,0,0,0,0,0,0,3,3
2026-08-01,ea1494f6fcf4f83cb11db09bad2862a7ce05514d,Judicial sites scanned,414,5,5,2,0,0,0,0,5,2,12,2,12,2
2026-08-01,ea1494f6fcf4f83cb11db09bad2862a7ce05514d,Judicial live sites,138,5,5,2,0,0,0,0,5,2,12,2,12,2
2026-08-01,ea1494f6fcf4f83cb11db09bad2862a7ce05514d,"Judicial live, filtered sites",133,5,2,2,0,0,0,0,2,2,9,2,9,2
2026-08-01,ea1494f6fcf4f83cb11db09bad2862a7ce05514d,"Judicial live, filtered, non-redirecting sites",130,5,2,2,0,0,0,0,2,2,7,2,7,2
2026-08-01,ea1494f6fcf4f83cb11db09bad2862a7ce05514d,IDEA sites scanned,10394,75,595,30,22,11,219,18,321,24,1047,45,1683,53
2026-08-01,ea1494f6fcf4f83cb11db09bad2862a7ce05514d,IDEA live sites,6044,70,594,30,22,11,219,18,320,24,1037,45,1670,53
2026-08-01,ea1494f6fcf4f83cb11db09bad2862a7ce05514d,"IDEA live, filtered sites",5890,70,587,30,22,11,215,18,318,24,1024,45,1643,53
2026-08-01,ea1494f6fcf4f83cb11db09bad2862a7ce05514d,"IDEA live, filtered, non-redirecting sites",4997,67,432,29,20,11,103,18,284,23,800,43,1239,51
2026-08-02,4eecdfd3d5fba19ed5e6bcddafeb736ccf5557dd,All sites scanned,29577,146,1216,42,28,11,558,20,536,36,2777,68,4184,79
2026-08-02,4eecdfd3d5fba19ed5e6bcddafeb736ccf5557dd,All live sites,13540,132,1177,42,28,11,527,20,529,36,2508,68,3844,79
2026-08-02,4eecdfd3d5fba19ed5e6bcddafeb736ccf5557dd,"All live, filtered sites",12529,132,1091,42,27,11,499,20,491,36,2325,68,3567,79
2026-08-02,4eecdfd3d5fba19ed5e6bcddafeb736ccf5557dd,"All live, filtered, non-redirecting sites",8665,131,582,40,21,11,135,19,397,35,1212,64,1793,77
2026-08-02,4eecdfd3d5fba19ed5e6bcddafeb736ccf5557dd,Executive sites scanned,28116,121,1211,40,28,11,558,20,531,34,2765,66,4168,74
2026-08-02,4eecdfd3d5fba19ed5e6bcddafeb736ccf5557dd,Executive live sites,12581,111,1172,40,28,11,527,20,524,34,2496,66,3828,74
2026-08-02,4eecdfd3d5fba19ed5e6bcddafeb736ccf5557dd,"Executive live, filtered sites",11577,111,1089,40,27,11,499,20,489,34,2316,66,3554,74
2026-08-02,4eecdfd3d5fba19ed5e6bcddafeb736ccf5557dd,"Executive live, filtered, non-redirecting sites",7800,110,580,38,21,11,135,19,395,33,1205,62,1783,72
2026-08-02,4eecdfd3d5fba19ed5e6bcddafeb736ccf5557dd,Legislative sites scanned,1041,19,0,0,0,0,0,0,0,0,0,0,4,3
2026-08-02,4eecdfd3d5fba19ed5e6bcddafeb736ccf5557dd,Legislative live sites,817,15,0,0,0,0,0,0,0,0,0,0,4,3
2026-08-02,4eecdfd3d5fba19ed5e6bcddafeb736ccf5557dd,"Legislative live, filtered sites",815,15,0,0,0,0,0,0,0,0,0,0,4,3
2026-08-02,4eecdfd3d5fba19ed5e6bcddafeb736ccf5557dd,"Legislative live, filtered, non-redirecting sites",731,15,0,0,0,0,0,0,0,0,0,0,3,3
2026-08-02,4eecdfd3d5fba19ed5e6bcddafeb736ccf5557dd,Judicial sites scanned,414,5,5,2,0,0,0,0,5,2,12,2,12,2
2026-08-02,4eecdfd3d5fba19ed5e6bcddafeb736ccf5557dd,Judicial live sites,138,5,5,2,0,0,0,0,5,2,12,2,12,2
2026-08-02,4eecdfd3d5fba19ed5e6bcddafeb736ccf5557dd,"Judicial live, filtered sites",133,5,2,2,0,0,0,0,2,2,9,2,9,2
2026-08-02,4eecdfd3d5fba19ed5e6bcddafeb736ccf5557dd,"Judicial live, filtered, non-redirecting sites",130,5,2,2,0,0,0,0,2,2,7,2,7,2
2026-08-02,4eecdfd3d5fba19ed5e6bcddafeb736ccf5557dd,IDEA sites scanned,10394,75,596,30,21,11,219,18,323,24,1047,45,1684,53
2026-08-02,4eecdfd3d5fba19ed5e6bcddafeb736ccf5557dd,IDEA live sites,6043,70,595,30,21,11,219,18,322,24,1037,45,1671,53
2026-08-02,4eecdfd3d5fba19ed5e6bcddafeb736ccf5557dd,"IDEA live, filtered sites",5892,70,588,30,21,11,215,18,320,24,1024,45,1644,53
2026-08-02,4eecdfd3d5fba19ed5e6bcddafeb736ccf5557dd,"IDEA live, filtered, non-redirecting sites",4999,67,431,29,19,11,102,18,285,23,800,43,1239,51
2026-08-03,5a9fd22fa83fc42a943f2b06bbada01ce0a31cbe,All sites scanned,29562,146,1216,42,28,11,558,20,536,36,2777,68,4184,79
2026-08-03,5a9fd22fa83fc42a943f2b06bbada01ce0a31cbe,All live sites,13538,132,1177,42,28,11,527,20,529,36,2508,68,3844,79
2026-08-03,5a9fd22fa83fc42a943f2b06bbada01ce0a31cbe,"All live, filtered sites",12528,132,1091,42,27,11,499,20,491,36,2325,68,3567,79
2026-08-03,5a9fd22fa83fc42a943f2b06bbada01ce0a31cbe,"All live, filtered, non-redirecting sites",8665,131,582,40,21,11,135,19,397,35,1212,64,1793,77
2026-08-03,5a9fd22fa83fc42a943f2b06bbada01ce0a31cbe,Executive sites scanned,28101,121,1211,40,28,11,558,20,531,34,2765,66,4168,74
2026-08-03,5a9fd22fa83fc42a943f2b06bbada01ce0a31cbe,Executive live sites,12579,111,1172,40,28,11,527,20,524,34,2496,66,3828,74
2026-08-03,5a9fd22fa83fc42a943f2b06bbada01ce0a31cbe,"Executive live, filtered sites",11576,111,1089,40,27,11,499,20,489,34,2316,66,3554,74
2026-08-03,5a9fd22fa83fc42a943f2b06bbada01ce0a31cbe,"Executive live, filtered, non-redirecting sites",7800,110,580,38,21,11,135,19,395,33,1205,62,1783,72
2026-08-03,5a9fd22fa83fc42a943f2b06bbada01ce0a31cbe,Legislative sites scanned,1041,19,0,0,0,0,0,0,0,0,0,0,4,3
2026-08-03,5a9fd22fa83fc42a943f2b06bbada01ce0a31cbe,Legislative live sites,817,15,0,0,0,0,0,0,0,0,0,0,4,3
2026-08-03,5a9fd22fa83fc42a943f2b06bbada01ce0a31cbe,"Legislative live, filtered sites",815,15,0,0,0,0,0,0,0,0,0,0,4,3
2026-08-03,5a9fd22fa83fc42a943f2b06bbada01ce0a31cbe,"Legislative live, filtered, non-redirecting sites",731,15,0,0,0,0,0,0,0,0,0,0,3,3
2026-08-03,5a9fd22fa83fc42a943f2b06bbada01ce0a31cbe,Judicial sites scanned,414,5,5,2,0,0,0,0,5,2,12,2,12,2
2026-08-03,5a9fd22fa83fc42a943f2b06bbada01ce0a31cbe,Judicial live sites,138,5,5,2,0,0,0,0,5,2,12,2,12,2
2026-08-03,5a9fd22fa83fc42a943f2b06bbada01ce0a31cbe,"Judicial live, filtered sites",133,5,2,2,0,0,0,0,2,2,9,2,9,2
2026-08-03,5a9fd22fa83fc42a943f2b06bbada01ce0a31cbe,"Judicial live, filtered, non-redirecting sites",130,5,2,2,0,0,0,0,2,2,7,2,7,2
2026-08-03,5a9fd22fa83fc42a943f2b06bbada01ce0a31cbe,IDEA sites scanned,10394,75,596,30,21,11,219,18,323,24,1047,45,1684,53
2026-08-03,5a9fd22fa83fc42a943f2b06bbada01ce0a31cbe,IDEA live sites,6043,70,595,30,21,11,219,18,322,24,1037,45,1671,53
2026-08-03,5a9fd22fa83fc42a943f2b06bbada01ce0a31cbe,"IDEA live, filtered sites",5892,70,588,30,21,11,215,18,320,24,1024,45,1644,53
2026-08-03,5a9fd22fa83fc42a943f2b06bbada01ce0a31cbe,"IDEA live, filtered, non-redirecting sites",4999,67,431,29,19,11,102,18,285,23,800,43,1239,51
2026-08-04,a38edcb96c1227b62b40ca2decd0f146b983528d,All sites scanned,29597,146,1222,41,29,11,561,19,539,36,2772,67,4178,79
2026-08-04,a38edcb96c1227b62b40ca2decd0f146b983528d,All live sites,13512,132,1182,41,29,11,529,19,532,36,2504,67,3839,79
2026-08-04,a38edcb96c1227b62b40ca2decd0f146b983528d,"All live, filtered sites",12481,132,1095,41,28,11,501,19,494,36,2320,67,3563,79
2026-08-04,a38edcb96c1227b62b40ca2decd0f146b983528d,"All live, filtered, non-redirecting sites",8615,131,583,40,21,11,134,19,399,35,1216,64,1796,77
2026-08-04,a38edcb96c1227b62b40ca2decd0f146b983528d,Executive sites scanned,28133,121,1217,39,29,11,561,19,534,34,2760,65,4162,74
2026-08-04,a38edcb96c1227b62b40ca2decd0f146b983528d,Executive live sites,12553,111,1177,39,29,11,529,19,527,34,2492,65,3823,74
2026-08-04,a38edcb96c1227b62b40ca2decd0f146b983528d,"Executive live, filtered sites",11529,111,1093,39,28,11,501,19,492,34,2311,65,3550,74
2026-08-04,a38edcb96c1227b62b40ca2decd0f146b983528d,"Executive live, filtered, non-redirecting sites",7751,110,581,38,21,11,134,19,397,33,1209,62,1786,72
2026-08-04,a38edcb96c1227b62b40ca2decd0f146b983528d,Legislative sites scanned,1044,19,0,0,0,0,0,0,0,0,0,0,4,3
2026-08-04,a38edcb96c1227b62b40ca2decd0f146b983528d,Legislative live sites,815,15,0,0,0,0,0,0,0,0,0,0,4,3
2026-08-04,a38edcb96c1227b62b40ca2decd0f146b983528d,"Legislative live, filtered sites",813,15,0,0,0,0,0,0,0,0,0,0,4,3
2026-08-04,a38edcb96c1227b62b40ca2decd0f146b983528d,"Legislative live, filtered, non-redirecting sites",728,15,0,0,0,0,0,0,0,0,0,0,3,3
2026-08-04,a38edcb96c1227b62b40ca2decd0f146b983528d,Judicial sites scanned,414,5,5,2,0,0,0,0,5,2,12,2,12,2
2026-08-04,a38edcb96c1227b62b40ca2decd0f146b983528d,Judicial live sites,140,5,5,2,0,0,0,0,5,2,12,2,12,2
2026-08-04,a38edcb96c1227b62b40ca2decd0f146b983528d,"Judicial live, filtered sites",135,5,2,2,0,0,0,0,2,2,9,2,9,2
2026-08-04,a38edcb96c1227b62b40ca2decd0f146b983528d,"Judicial live, filtered, non-redirecting sites",132,5,2,2,0,0,0,0,2,2,7,2,7,2
2026-08-04,a38edcb96c1227b62b40ca2decd0f146b983528d,IDEA sites scanned,10394,75,585,30,22,11,213,18,320,24,1039,45,1672,53
2026-08-04,a38edcb96c1227b62b40ca2decd0f146b983528d,IDEA live sites,6013,70,584,30,22,11,213,18,319,24,1029,45,1659,53
2026-08-04,a38edcb96c1227b62b40ca2decd0f146b983528d,"IDEA live, filtered sites",5861,70,577,30,22,11,209,18,317,24,1016,45,1633,53
2026-08-04,a38edcb96c1227b62b40ca2decd0f146b983528d,"IDEA live, filtered, non-redirecting sites",4973,67,427,29,19,11,99,18,284,23,798,43,1236,51
2026-08-05,0cb93c54bf1306371a9f28e240897da94ad6992d,All sites scanned,29597,146,1216,41,29,11,560,19,536,36,2769,67,4175,79
2026-08-05,0cb93c54bf1306371a9f28e240897da94ad6992d,All live sites,13507,132,1177,41,29,11,528,19,529,36,2501,67,3836,79
2026-08-05,0cb93c54bf1306371a9f28e240897da94ad6992d,"All live, filtered sites",12501,132,1090,41,28,11,500,19,491,36,2317,67,3560,79
2026-08-05,0cb93c54bf1306371a9f28e240897da94ad6992d,"All live, filtered, non-redirecting sites",8631,131,581,40,21,11,135,19,396,35,1214,64,1794,77
2026-08-05,0cb93c54bf1306371a9f28e240897da94ad6992d,Executive sites scanned,28133,121,1211,39,29,11,560,19,531,34,2757,65,4159,74
2026-08-05,0cb93c54bf1306371a9f28e240897da94ad6992d,Executive live sites,12548,111,1172,39,29,11,528,19,524,34,2489,65,3820,74
2026-08-05,0cb93c54bf1306371a9f28e240897da94ad6992d,"Executive live, filtered sites",11549,111,1088,39,28,11,500,19,489,34,2308,65,3547,74
2026-08-05,0cb93c54bf1306371a9f28e240897da94ad6992d,"Executive live, filtered, non-redirecting sites",7767,110,579,38,21,11,135,19,394,33,1207,62,1784,72
2026-08-05,0cb93c54bf1306371a9f28e240897da94ad6992d,Legislative sites scanned,1044,19,0,0,0,0,0,0,0,0,0,0,4,3
2026-08-05,0cb93c54bf1306371a9f28e240897da94ad6992d,Legislative live sites,815,15,0,0,0,0,0,0,0,0,0,0,4,3
2026-08-05,0cb93c54bf1306371a9f28e240897da94ad6992d,"Legislative live, filtered sites",813,15,0,0,0,0,0,0,0,0,0,0,4,3
2026-08-05,0cb93c54bf1306371a9f28e240897da94ad6992d,"Legislative live, filtered, non-redirecting sites",728,15,0,0,0,0,0,0,0,0,0,0,3,3
2026-08-05,0cb93c54bf1306371a9f28e240897da94ad6992d,Judicial sites scanned,414,5,5,2,0,0,0,0,5,2,12,2,12,2
2026-08-05,0cb93c54bf1306371a9f28e240897da94ad6992d,Judicial live sites,140,5,5,2,0,0,0,0,5,2,12,2,12,2
2026-08-05,0cb93c54bf1306371a9f28e240897da94ad6992d,"Judicial live, filtered sites",135,5,2,2,0,0,0,0,2,2,9,2,9,2
2026-08-05,0cb93c54bf1306371a9f28e240897da94ad6992d,"Judicial live, filtered, non-redirecting sites",132,5,2,2,0,0,0,0,2,2,7,2,7,2
2026-08-05,0cb93c54bf1306371a9f28e240897da94ad6992d,IDEA sites scanned,10394,75,582,30,22,11,213,18,317,24,1038,45,1671,53
2026-08-05,0cb93c54bf1306371a9f28e240897da94ad6992d,IDEA live sites,6013,70,581,30,22,11,213,18,316,24,1028,45,1658,53
2026-08-05,0cb93c54bf1306371a9f28e240897da94ad6992d,"IDEA live, filtered sites",5864,70,574,30,22,11,209,18,314,24,1015,45,1632,53
2026-08-05,0cb93c54bf1306371a9f28e240897da94ad6992d,"IDEA live, filtered, non-redirecting sites",4975,67,425,29,19,11,100,18,281,23,796,43,1234,51
2026-08-06,d78e07fb7b3bc2fd631822c3fed10872320640af,All sites scanned,29580,146,1208,41,27,11,560,20,529,36,2777,67,4199,79
2026-08-06,d78e07fb7b3bc2fd631822c3fed10872320640af,All live sites,13515,130,1168,41,27,11,528,20,522,36,2507,67,3856,79
2026-08-06,d78e07fb7b3bc2fd631822c3fed10872320640af,"All live, filtered sites",12484,130,1084,41,26,11,502,20,485,36,2326,67,3582,79
2026-08-06,d78e07fb7b3bc2fd631822c3fed10872320640af,"All live, filtered, non-redirecting sites",8617,129,580,40,20,11,136,19,392,35,1210,64,1803,77
2026-08-06,d78e07fb7b3bc2fd631822c3fed10872320640af,Executive sites scanned,28116,121,1203,39,27,11,560,20,524,34,2765,65,4183,74
2026-08-06,d78e07fb7b3bc2fd631822c3fed10872320640af,Executive live sites,12553,110,1163,39,27,11,528,20,517,34,2495,65,3840,74
2026-08-06,d78e07fb7b3bc2fd631822c3fed10872320640af,"Executive live, filtered sites",11529,110,1082,39,26,11,502,20,483,34,2317,65,3569,74
2026-08-06,d78e07fb7b3bc2fd631822c3fed10872320640af,"Executive live, filtered, non-redirecting sites",7750,109,578,38,20,11,136,19,390,33,1203,62,1793,72
2026-08-06,d78e07fb7b3bc2fd631822c3fed10872320640af,Legislative sites scanned,1044,19,0,0,0,0,0,0,0,0,0,0,4,3
2026-08-06,d78e07fb7b3bc2fd631822c3fed10872320640af,Legislative live sites,819,15,0,0,0,0,0,0,0,0,0,0,4,3
2026-08-06,d78e07fb7b3bc2fd631822c3fed10872320640af,"Legislative live, filtered sites",817,15,0,0,0,0,0,0,0,0,0,0,4,3
2026-08-06,d78e07fb7b3bc2fd631822c3fed10872320640af,"Legislative live, filtered, non-redirecting sites",732,15,0,0,0,0,0,0,0,0,0,0,3,3
2026-08-06,d78e07fb7b3bc2fd631822c3fed10872320640af,Judicial sites scanned,414,5,5,2,0,0,0,0,5,2,12,2,12,2
2026-08-06,d78e07fb7b3bc2fd631822c3fed10872320640af,Judicial live sites,139,4,5,2,0,0,0,0,5,2,12,2,12,2
2026-08-06,d78e07fb7b3bc2fd631822c3fed10872320640af,"Judicial live, filtered sites",134,4,2,2,0,0,0,0,2,2,9,2,9,2
2026-08-06,d78e07fb7b3bc2fd631822c3fed10872320640af,"Judicial live, filtered, non-redirecting sites",131,4,2,2,0,0,0,0,2,2,7,2,7,2
2026-08-06,d78e07fb7b3bc2fd631822c3fed10872320640af,IDEA sites scanned,10394,75,583,30,20,11,217,18,314,24,1039,45,1690,53
2026-08-06,d78e07fb7b3bc2fd631822c3fed10872320640af,IDEA live sites,6009,69,582,30,20,11,217,18,313,24,1028,45,1676,53
2026-08-06,d78e07fb7b3bc2fd631822c3fed10872320640af,"IDEA live, filtered sites",5853,69,575,30,20,11,213,18,311,24,1015,45,1649,53
2026-08-06,d78e07fb7b3bc2fd631822c3fed10872320640af,"IDEA live, filtered, non-redirecting sites",4969,66,425,29,18,11,102,18,277,23,794,43,1245,51
2026-08-07,28f029f42bb5d4a8fe981c89b16ce09e8f1d397a,All sites scanned,29581,146,1211,42,27,11,562,21,529,36,2778,68,4204,79
2026-08-07,28f029f42bb5d4a8fe981c89b16ce09e8f1d397a,All live sites,13516,130,1171,42,27,11,530,21,522,36,2508,68,3861,79
2026-08-07,28f029f42bb5d4a8fe981c89b16ce09e8f1d397a,"All live, filtered sites",12505,130,1087,42,26,11,504,21,485,36,2327,68,3587,79
2026-08-07,28f029f42bb5d4a8fe981c89b16ce09e8f1d397a,"All live, filtered, non-redirecting sites",8630,129,583,41,20,11,136,20,394,35,1212,65,1808,77
2026-08-07,28f029f42bb5d4a8fe981c89b16ce09e8f1d397a,Executive sites scanned,28117,121,1206,40,27,11,562,21,524,34,2766,66,4188,74
2026-08-07,28f029f42bb5d4a8fe981c89b16ce09e8f1d397a,Executive live sites,12555,110,1166,40,27,11,530,21,517,34,2496,66,3845,74
2026-08-07,28f029f42bb5d4a8fe981c89b16ce09e8f1d397a,"Executive live, filtered sites",11551,110,1085,40,26,11,504,21,483,34,2318,66,3574,74
2026-08-07,28f029f42bb5d4a8fe981c89b16ce09e8f1d397a,"Executive live, filtered, non-redirecting sites",7764,109,581,39,20,11,136,20,392,33,1205,63,1798,72
2026-08-07,28f029f42bb5d4a8fe981c89b16ce09e8f1d397a,Legislative sites scanned,1044,19,0,0,0,0,0,0,0,0,0,0,4,3
2026-08-07,28f029f42bb5d4a8fe981c89b16ce09e8f1d397a,Legislative live sites,819,15,0,0,0,0,0,0,0,0,0,0,4,3
2026-08-07,28f029f42bb5d4a8fe981c89b16ce09e8f1d397a,"Legislative live, filtered sites",817,15,0,0,0,0,0,0,0,0,0,0,4,3
2026-08-07,28f029f42bb5d4a8fe981c89b16ce09e8f1d397a,"Legislative live, filtered, non-redirecting sites",732,15,0,0,0,0,0,0,0,0,0,0,3,3
2026-08-07,28f029f42bb5d4a8fe981c89b16ce09e8f1d397a,Judicial sites scanned,414,5,5,2,0,0,0,0,5,2,12,2,12,2
2026-08-07,28f029f42bb5d4a8fe981c89b16ce09e8f1d397a,Judicial live sites,138,4,5,2,0,0,0,0,5,2,12,2,12,2
2026-08-07,28f029f42bb5d4a8fe981c89b16ce09e8f1d397a,"Judicial live, filtered sites",133,4,2,2,0,0,0,0,2,2,9,2,9,2
2026-08-07,28f029f42bb5d4a8fe981c89b16ce09e8f1d397a,"Judicial live, filtered, non-redirecting sites",130,4,2,2,0,0,0,0,2,2,7,2,7,2
2026-08-07,28f029f42bb5d4a8fe981c89b16ce09e8f1d397a,IDEA sites scanned,10394,75,587,31,20,11,219,19,315,24,1041,46,1695,53
2026-08-07,28f029f42bb5d4a8fe981c89b16ce09e8f1d397a,IDEA live sites,6007,69,586,31,20,11,219,19,314,24,1030,46,1681,53
2026-08-07,28f029f42bb5d4a8fe981c89b16ce09e8f1d397a,"IDEA live, filtered sites",5854,69,579,31,20,11,215,19,312,24,1017,46,1654,53
2026-08-07,28f029f42bb5d4a8fe981c89b16ce09e8f1d397a,"IDEA live, filtered, non-redirecting sites",4970,66,428,30,18,11,102,19,279,23,797,44,1250,51
2026-08-08,e2ad69f5f041d60e8bef4cb79e4175133ea182dc,All sites scanned,29461,146,1211,42,26,11,565,20,537,36,2782,68,4203,79
2026-08-08,e2ad69f5f041d60e8bef4cb79e4175133ea182dc,All live sites,13551,132,1171,42,26,11,533,20,530,36,2511,68,3860,79
2026-08-08,e2ad69f5f041d60e8bef4cb79e4175133ea182dc,"All live, filtered sites",12523,132,1084,42,25,11,506,20,492,36,2329,68,3586,79
2026-08-08,e2ad69f5f041d60e8bef4cb79e4175133ea182dc,"All live, filtered, non-redirecting sites",8643,131,590,41,20,11,139,20,399,35,1215,65,1812,77
2026-08-08,e2ad69f5f041d60e8bef4cb79e4175133ea182dc,Executive sites scanned,27997,121,1206,40,26,11,565,20,532,34,2770,66,4187,74
2026-08-08,e2ad69f5f041d60e8bef4cb79e4175133ea182dc,Executive live sites,12593,111,1166,40,26,11,533,20,525,34,2499,66,3844,74
2026-08-08,e2ad69f5f041d60e8bef4cb79e4175133ea182dc,"Executive live, filtered sites",11572,111,1082,40,25,11,506,20,490,34,2320,66,3573,74
2026-08-08,e2ad69f5f041d60e8bef4cb79e4175133ea182dc,"Executive live, filtered, non-redirecting sites",7780,110,588,39,20,11,139,20,397,33,1208,63,1802,72
2026-08-08,e2ad69f5f041d60e8bef4cb79e4175133ea182dc,Legislative sites scanned,1044,19,0,0,0,0,0,0,0,0,0,0,4,3
2026-08-08,e2ad69f5f041d60e8bef4cb79e4175133ea182dc,Legislative live sites,816,15,0,0,0,0,0,0,0,0,0,0,4,3
2026-08-08,e2ad69f5f041d60e8bef4cb79e4175133ea182dc,"Legislative live, filtered sites",814,15,0,0,0,0,0,0,0,0,0,0,4,3
2026-08-08,e2ad69f5f041d60e8bef4cb79e4175133ea182dc,"Legislative live, filtered, non-redirecting sites",729,15,0,0,0,0,0,0,0,0,0,0,3,3
2026-08-08,e2ad69f5f041d60e8bef4cb79e4175133ea182dc,Judicial sites scanned,414,5,5,2,0,0,0,0,5,2,12,2,12,2
2026-08-08,e2ad69f5f041d60e8bef4cb79e4175133ea182dc,Judicial live sites,138,5,5,2,0,0,0,0,5,2,12,2,12,2
2026-08-08,e2ad69f5f041d60e8bef4cb79e4175133ea182dc,"Judicial live, filtered sites",133,5,2,2,0,0,0,0,2,2,9,2,9,2
2026-08-08,e2ad69f5f041d60e8bef4cb79e4175133ea182dc,"Judicial live, filtered, non-redirecting sites",130,5,2,2,0,0,0,0,2,2,7,2,7,2
2026-08-08,e2ad69f5f041d60e8bef4cb79e4175133ea182dc,IDEA sites scanned,10372,74,588,31,19,11,222,19,317,24,1041,46,1690,53
2026-08-08,e2ad69f5f041d60e8bef4cb79e4175133ea182dc,IDEA live sites,6022,70,587,31,19,11,222,19,316,24,1030,46,1676,53
2026-08-08,e2ad69f5f041d60e8bef4cb79e4175133ea182dc,"IDEA live, filtered sites",5868,70,580,31,19,11,218,19,314,24,1017,46,1650,53
2026-08-08,e2ad69f5f041d60e8bef4cb79e4175133ea182dc,"IDEA live, filtered, non-redirecting sites",4985,67,433,30,18,11,106,19,282,23,797,44,1247,51
2026-08-09,4b99a5163b1afd5b998d0aea068ec48c8c968a04,All sites scanned,29497,146,1208,41,28,11,561,19,535,36,2778,67,4195,79
2026-08-09,4b99a5163b1afd5b998d0aea068ec48c8c968a04,All live sites,13561,132,1169,41,28,11,529,19,529,36,2507,67,3853,79
2026-08-09,4b99a5163b1afd5b998d0aea068ec48c8c968a04,"All live, filtered sites",12549,132,1083,41,27,11,503,19,491,36,2327,67,3581,79
2026-08-09,4b99a5163b1afd5b998d0aea068ec48c8c968a04,"All live, filtered, non-redirecting sites",8665,131,592,40,22,11,140,19,398,35,1215,64,1812,77
2026-08-09,4b99a5163b1afd5b998d0aea068ec48c8c968a04,Executive sites scanned,28024,120,1203,39,28,11,561,19,530,34,2766,65,4179,74
2026-08-09,4b99a5163b1afd5b998d0aea068ec48c8c968a04,Executive live sites,12599,111,1164,39,28,11,529,19,524,34,2495,65,3837,74
2026-08-09,4b99a5163b1afd5b998d0aea068ec48c8c968a04,"Executive live, filtered sites",11594,111,1081,39,27,11,503,19,489,34,2318,65,3568,74
2026-08-09,4b99a5163b1afd5b998d0aea068ec48c8c968a04,"Executive live, filtered, non-redirecting sites",7798,110,590,38,22,11,140,19,396,33,1208,62,1802,72
2026-08-09,4b99a5163b1afd5b998d0aea068ec48c8c968a04,Legislative sites scanned,1046,19,0,0,0,0,0,0,0,0,0,0,4,3
2026-08-09,4b99a5163b1afd5b998d0aea068ec48c8c968a04,Legislative live sites,819,15,0,0,0,0,0,0,0,0,0,0,4,3
2026-08-09,4b99a5163b1afd5b998d0aea068ec48c8c968a04,"Legislative live, filtered sites",817,15,0,0,0,0,0,0,0,0,0,0,4,3
2026-08-09,4b99a5163b1afd5b998d0aea068ec48c8c968a04,"Legislative live, filtered, non-redirecting sites",732,15,0,0,0,0,0,0,0,0,0,0,3,3
2026-08-09,4b99a5163b1afd5b998d0aea068ec48c8c968a04,Judicial sites scanned,414,5,5,2,0,0,0,0,5,2,12,2,12,2
2026-08-09,4b99a5163b1afd5b998d0aea068ec48c8c968a04,Judicial live sites,139,5,5,2,0,0,0,0,5,2,12,2,12,2
2026-08-09,4b99a5163b1afd5b998d0aea068ec48c8c968a04,"Judicial live, filtered sites",134,5,2,2,0,0,0,0,2,2,9,2,9,2
2026-08-09,4b99a5163b1afd5b998d0aea068ec48c8c968a04,"Judicial live, filtered, non-redirecting sites",131,5,2,2,0,0,0,0,2,2,7,2,7,2
2026-08-09,4b99a5163b1afd5b998d0aea068ec48c8c968a04,IDEA sites scanned,10372,74,586,30,21,11,220,18,315,24,1040,45,1688,53
2026-08-09,4b99a5163b1afd5b998d0aea068ec48c8c968a04,IDEA live sites,6024,70,585,30,21,11,220,18,314,24,1029,45,1674,53
2026-08-09,4b99a5163b1afd5b998d0aea068ec48c8c968a04,"IDEA live, filtered sites",5873,70,578,30,21,11,216,18,312,24,1016,45,1648,53
2026-08-09,4b99a5163b1afd5b998d0aea068ec48c8c968a04,"IDEA live, filtered, non-redirecting sites",4990,67,434,29,20,11,107,18,280,23,795,43,1246,51
2026-08-10,65f021216f64c5b20fb17361e15abbfb1d8b9f75,All sites scanned,29456,145,1208,41,28,11,561,19,535,36,2778,67,4195,79
2026-08-10,65f021216f64c5b20fb17361e15abbfb1d8b9f75,All live sites,13553,132,1169,41,28,11,529,19,529,36,2507,67,3853,79
2026-08-10,65f021216f64c5b20fb17361e15abbfb1d8b9f75,"All live, filtered sites",12542,132,1083,41,27,11,503,19,491,36,2327,67,3581,79
2026-08-10,65f021216f64c5b20fb17361e15abbfb1d8b9f75,"All live, filtered, non-redirecting sites",8661,131,592,40,22,11,140,19,398,35,1215,64,1812,77
2026-08-10,65f021216f64c5b20fb17361e15abbfb1d8b9f75,Executive sites scanned,27992,120,1203,39,28,11,561,19,530,34,2766,65,4179,74
2026-08-10,65f021216f64c5b20fb17361e15abbfb1d8b9f75,Executive live sites,12593,111,1164,39,28,11,529,19,524,34,2495,65,3837,74
2026-08-10,65f021216f64c5b20fb17361e15abbfb1d8b9f75,"Executive live, filtered sites",11589,111,1081,39,27,11,503,19,489,34,2318,65,3568,74
2026-08-10,65f021216f64c5b20fb17361e15abbfb1d8b9f75,"Executive live, filtered, non-redirecting sites",7796,110,590,38,22,11,140,19,396,33,1208,62,1802,72
2026-08-10,65f021216f64c5b20fb17361e15abbfb1d8b9f75,Legislative sites scanned,1044,19,0,0,0,0,0,0,0,0,0,0,4,3
2026-08-10,65f021216f64c5b20fb17361e15abbfb1d8b9f75,Legislative live sites,817,15,0,0,0,0,0,0,0,0,0,0,4,3
2026-08-10,65f021216f64c5b20fb17361e15abbfb1d8b9f75,"Legislative live, filtered sites",815,15,0,0,0,0,0,0,0,0,0,0,4,3
2026-08-10,65f021216f64c5b20fb17361e15abbfb1d8b9f75,"Legislative live, filtered, non-redirecting sites",730,15,0,0,0,0,0,0,0,0,0,0,3,3
2026-08-10,65f021216f64c5b20fb17361e15abbfb1d8b9f75,Judicial sites scanned,414,5,5,2,0,0,0,0,5,2,12,2,12,2
2026-08-10,65f021216f64c5b20fb17361e15abbfb1d8b9f75,Judicial live sites,139,5,5,2,0,0,0,0,5,2,12,2,12,2
2026-08-10,65f021216f64c5b20fb17361e15abbfb1d8b9f75,"Judicial live, filtered sites",134,5,2,2,0,0,0,0,2,2,9,2,9,2
2026-08-10,65f021216f64c5b20fb17361e15abbfb1d8b9f75,"Judicial live, filtered, non-redirecting sites",131,5,2,2,0,0,0,0,2,2,7,2,7,2
2026-08-10,65f021216f64c5b20fb17361e15abbfb1d8b9f75,IDEA sites scanned,10372,74,586,30,21,11,220,18,315,24,1040,45,1688,53
2026-08-10,65f021216f64c5b20fb17361e15abbfb1d8b9f75,IDEA live sites,6024,70,585,30,21,11,220,18,314,24,1029,45,1674,53
2026-08-10,65f021216f64c5b20fb17361e15abbfb1d8b9f75,"IDEA live, filtered sites",5873,70,578,30,21,11,216,18,312,24,1016,45,1648,53
2026-08-10,65f021216f64c5b20fb17361e15abbfb1d8b9f75,"IDEA live, filtered, non-redirecting sites",4990,67,434,29,20,11,107,18,280,23,795,43,1246,51
2026-08-11,2e6e6975668c25a93fccbaaec434fc7fb9615666,All sites scanned,29511,145,1174,42,28,11,549,21,529,36,2727,67,4141,78
2026-08-11,2e6e6975668c25a93fccbaaec434fc7fb9615666,All live sites,13432,133,1136,42,28,11,518,21,522,36,2459,67,3801,78
2026-08-11,2e6e6975668c25a93fccbaaec434fc7fb9615666,"All live, filtered sites",12416,132,1064,42,27,11,492,21,483,36,2293,67,3543,78
2026-08-11,2e6e6975668c25a93fccbaaec434fc7fb9615666,"All live, filtered, non-redirecting sites",8578,131,575,40,20,11,131,19,393,35,1194,63,1787,76
2026-08-11,2e6e6975668c25a93fccbaaec434fc7fb9615666,Executive sites scanned,28045,120,1169,40,28,11,549,21,524,34,2715,65,4125,73
2026-08-11,2e6e6975668c25a93fccbaaec434fc7fb9615666,Executive live sites,12468,111,1131,40,28,11,518,21,517,34,2447,65,3785,73
2026-08-11,2e6e6975668c25a93fccbaaec434fc7fb9615666,"Executive live, filtered sites",11459,110,1062,40,27,11,492,21,481,34,2284,65,3530,73
2026-08-11,2e6e6975668c25a93fccbaaec434fc7fb9615666,"Executive live, filtered, non-redirecting sites",7709,109,573,38,20,11,131,19,391,33,1187,61,1777,71
2026-08-11,2e6e6975668c25a93fccbaaec434fc7fb9615666,Legislative sites scanned,1046,19,0,0,0,0,0,0,0,0,0,0,4,3
2026-08-11,2e6e6975668c25a93fccbaaec434fc7fb9615666,Legislative live sites,820,16,0,0,0,0,0,0,0,0,0,0,4,3
2026-08-11,2e6e6975668c25a93fccbaaec434fc7fb9615666,"Legislative live, filtered sites",818,16,0,0,0,0,0,0,0,0,0,0,4,3
2026-08-11,2e6e6975668c25a93fccbaaec434fc7fb9615666,"Legislative live, filtered, non-redirecting sites",733,16,0,0,0,0,0,0,0,0,0,0,3,3
2026-08-11,2e6e6975668c25a93fccbaaec434fc7fb9615666,Judicial sites scanned,414,5,5,2,0,0,0,0,5,2,12,2,12,2
2026-08-11,2e6e6975668c25a93fccbaaec434fc7fb9615666,Judicial live sites,140,5,5,2,0,0,0,0,5,2,12,2,12,2
2026-08-11,2e6e6975668c25a93fccbaaec434fc7fb9615666,"Judicial live, filtered sites",135,5,2,2,0,0,0,0,2,2,9,2,9,2
2026-08-11,2e6e6975668c25a93fccbaaec434fc7fb9615666,"Judicial live, filtered, non-redirecting sites",132,5,2,2,0,0,0,0,2,2,7,2,7,2
2026-08-11,2e6e6975668c25a93fccbaaec434fc7fb9615666,IDEA sites scanned,10372,74,574,30,21,11,209,18,313,24,1027,45,1668,53
2026-08-11,2e6e6975668c25a93fccbaaec434fc7fb9615666,IDEA live sites,5973,70,573,30,21,11,209,18,312,24,1017,45,1655,53
2026-08-11,2e6e6975668c25a93fccbaaec434fc7fb9615666,"IDEA live, filtered sites",5817,70,566,30,21,11,205,18,310,24,1004,45,1628,53
2026-08-11,2e6e6975668c25a93fccbaaec434fc7fb9615666,"IDEA live, filtered, non-redirecting sites",4924,67,422,29,18,11,98,18,279,23,780,43,1225,51
2026-08-12,6b991919234f6c430575ff541f154521492f4565,All sites scanned,29513,145,1177,42,28,11,550,21,531,36,2724,67,4137,78
2026-08-12,6b991919234f6c430575ff541f154521492f4565,All live sites,13415,133,1138,42,28,11,519,21,524,36,2456,67,3797,78
2026-08-12,6b991919234f6c430575ff541f154521492f4565,"All live, filtered sites",12424,132,1067,42,27,11,493,21,485,36,2291,67,3540,78
2026-08-12,6b991919234f6c430575ff541f154521492f4565,"All live, filtered, non-redirecting sites",8581,131,575,40,20,11,130,19,394,35,1194,63,1784,76
2026-08-12,6b991919234f6c430575ff541f154521492f4565,Executive sites scanned,28049,120,1172,40,28,11,550,21,526,34,2712,65,4121,73
2026-08-12,6b991919234f6c430575ff541f154521492f4565,Executive live sites,12453,111,1133,40,28,11,519,21,519,34,2444,65,3781,73
2026-08-12,6b991919234f6c430575ff541f154521492f4565,"Executive live, filtered sites",11469,110,1065,40,27,11,493,21,483,34,2282,65,3527,73
2026-08-12,6b991919234f6c430575ff541f154521492f4565,"Executive live, filtered, non-redirecting sites",7714,109,573,38,20,11,130,19,392,33,1187,61,1774,71
2026-08-12,6b991919234f6c430575ff541f154521492f4565,Legislative sites scanned,1044,19,0,0,0,0,0,0,0,0,0,0,4,3
2026-08-12,6b991919234f6c430575ff541f154521492f4565,Legislative live sites,818,16,0,0,0,0,0,0,0,0,0,0,4,3
2026-08-12,6b991919234f6c430575ff541f154521492f4565,"Legislative live, filtered sites",816,16,0,0,0,0,0,0,0,0,0,0,4,3
2026-08-12,6b991919234f6c430575ff541f154521492f4565,"Legislative live, filtered, non-redirecting sites",731,16,0,0,0,0,0,0,0,0,0,0,3,3
2026-08-12,6b991919234f6c430575ff541f154521492f4565,Judicial sites scanned,414,5,5,2,0,0,0,0,5,2,12,2,12,2
2026-08-12,6b991919234f6c430575ff541f154521492f4565,Judicial live sites,140,5,5,2,0,0,0,0,5,2,12,2,12,2
2026-08-12,6b991919234f6c430575ff541f154521492f4565,"Judicial live, filtered sites",135,5,2,2,0,0,0,0,2,2,9,2,9,2
2026-08-12,6b991919234f6c430575ff541f154521492f4565,"Judicial live, filtered, non-redirecting sites",132,5,2,2,0,0,0,0,2,2,7,2,7,2
2026-08-12,6b991919234f6c430575ff541f154521492f4565,IDEA sites scanned,10372,74,574,30,21,11,209,18,313,24,1025,45,1665,53
2026-08-12,6b991919234f6c430575ff541f154521492f4565,IDEA live sites,5963,70,573,30,21,11,209,18,312,24,1015,45,1652,53
2026-08-12,6b991919234f6c430575ff541f154521492f4565,"IDEA live, filtered sites",5810,70,566,30,21,11,205,18,310,24,1002,45,1625,53
2026-08-12,6b991919234f6c430575ff541f154521492f4565,"IDEA live, filtered, non-redirecting sites",4919,67,421,29,18,11,97,18,279,23,780,43,1223,51
2026-08-13,c824ba36c6f0fc9fe4f00087024ee45a0164498e,All sites scanned,29517,145,1172,41,27,11,552,19,528,36,2720,67,4122,79
2026-08-13,c824ba36c6f0fc9fe4f00087024ee45a0164498e,All live sites,13431,133,1131,41,27,11,519,19,521,36,2451,67,3780,79
2026-08-13,c824ba36c6f0fc9fe4f00087024ee45a0164498e,"All live, filtered sites",12422,133,1058,41,26,11,491,18,482,36,2284,67,3523,79
2026-08-13,c824ba36c6f0fc9fe4f00087024ee45a0164498e,"All live, filtered, non-redirecting sites",8593,132,573,40,21,11,131,18,391,35,1192,64,1776,77
2026-08-13,c824ba36c6f0fc9fe4f00087024ee45a0164498e,Executive sites scanned,28048,120,1167,39,27,11,552,19,523,34,2708,65,4106,74
2026-08-13,c824ba36c6f0fc9fe4f00087024ee45a0164498e,Executive live sites,12463,111,1126,39,27,11,519,19,516,34,2439,65,3764,74
2026-08-13,c824ba36c6f0fc9fe4f00087024ee45a0164498e,"Executive live, filtered sites",11461,111,1056,39,26,11,491,18,480,34,2275,65,3510,74
2026-08-13,c824ba36c6f0fc9fe4f00087024ee45a0164498e,"Executive live, filtered, non-redirecting sites",7719,110,571,38,21,11,131,18,389,33,1185,62,1766,72
2026-08-13,c824ba36c6f0fc9fe4f00087024ee45a0164498e,Legislative sites scanned,1049,19,0,0,0,0,0,0,0,0,0,0,4,3
2026-08-13,c824ba36c6f0fc9fe4f00087024ee45a0164498e,Legislative live sites,824,16,0,0,0,0,0,0,0,0,0,0,4,3
2026-08-13,c824ba36c6f0fc9fe4f00087024ee45a0164498e,"Legislative live, filtered sites",822,16,0,0,0,0,0,0,0,0,0,0,4,3
2026-08-13,c824ba36c6f0fc9fe4f00087024ee45a0164498e,"Legislative live, filtered, non-redirecting sites",738,16,0,0,0,0,0,0,0,0,0,0,3,3
2026-08-13,c824ba36c6f0fc9fe4f00087024ee45a0164498e,Judicial sites scanned,414,5,5,2,0,0,0,0,5,2,12,2,12,2
2026-08-13,c824ba36c6f0fc9fe4f00087024ee45a0164498e,Judicial live sites,140,5,5,2,0,0,0,0,5,2,12,2,12,2
2026-08-13,c824ba36c6f0fc9fe4f00087024ee45a0164498e,"Judicial live, filtered sites",135,5,2,2,0,0,0,0,2,2,9,2,9,2
2026-08-13,c824ba36c6f0fc9fe4f00087024ee45a0164498e,"Judicial live, filtered, non-redirecting sites",132,5,2,2,0,0,0,0,2,2,7,2,7,2
2026-08-13,c824ba36c6f0fc9fe4f00087024ee45a0164498e,IDEA sites scanned,10372,74,574,30,20,11,215,17,310,24,1017,45,1654,53
2026-08-13,c824ba36c6f0fc9fe4f00087024ee45a0164498e,IDEA live sites,5953,70,572,30,20,11,214,17,309,24,1007,45,1641,53
2026-08-13,c824ba36c6f0fc9fe4f00087024ee45a0164498e,"IDEA live, filtered sites",5799,70,565,30,20,11,210,17,307,24,994,45,1614,53
2026-08-13,c824ba36c6f0fc9fe4f00087024ee45a0164498e,"IDEA live, filtered, non-redirecting sites",4918,67,423,29,19,11,100,17,278,23,781,43,1221,51
2026-08-14,bac0783fc9aa83b20112840417f0100dc4115a01,All sites scanned,29504,145,1169,42,26,11,554,20,527,36,2720,68,4119,79
2026-08-14,bac0783fc9aa83b20112840417f0100dc4115a01,All live sites,13413,133,1129,42,26,11,521,20,520,36,2451,68,3777,79
2026-08-14,bac0783fc9aa83b20112840417f0100dc4115a01,"All live, filtered sites",12425,133,1056,42,25,11,493,19,481,36,2284,68,3520,79
2026-08-14,bac0783fc9aa83b20112840417f0100dc4115a01,"All live, filtered, non-redirecting sites",8595,132,571,41,20,11,132,19,391,35,1191,65,1774,77
2026-08-14,bac0783fc9aa83b20112840417f0100dc4115a01,Executive sites scanned,28037,120,1164,40,26,11,554,20,522,34,2708,66,4103,74
2026-08-14,bac0783fc9aa83b20112840417f0100dc4115a01,Executive live sites,12447,111,1124,40,26,11,521,20,515,34,2439,66,3761,74
2026-08-14,bac0783fc9aa83b20112840417f0100dc4115a01,"Executive live, filtered sites",11466,111,1054,40,25,11,493,19,479,34,2275,66,3507,74
2026-08-14,bac0783fc9aa83b20112840417f0100dc4115a01,"Executive live, filtered, non-redirecting sites",7723,110,569,39,20,11,132,19,389,33,1184,63,1764,72
2026-08-14,bac0783fc9aa83b20112840417f0100dc4115a01,Legislative sites scanned,1047,19,0,0,0,0,0,0,0,0,0,0,4,3
2026-08-14,bac0783fc9aa83b20112840417f0100dc4115a01,Legislative live sites,822,16,0,0,0,0,0,0,0,0,0,0,4,3
2026-08-14,bac0783fc9aa83b20112840417f0100dc4115a01,"Legislative live, filtered sites",820,16,0,0,0,0,0,0,0,0,0,0,4,3
2026-08-14,bac0783fc9aa83b20112840417f0100dc4115a01,"Legislative live, filtered, non-redirecting sites",736,16,0,0,0,0,0,0,0,0,0,0,3,3
2026-08-14,bac0783fc9aa83b20112840417f0100dc4115a01,Judicial sites scanned,414,5,5,2,0,0,0,0,5,2,12,2,12,2
2026-08-14,bac0783fc9aa83b20112840417f0100dc4115a01,Judicial live sites,140,5,5,2,0,0,0,0,5,2,12,2,12,2
2026-08-14,bac0783fc9aa83b20112840417f0100dc4115a01,"Judicial live, filtered sites",135,5,2,2,0,0,0,0,2,2,9,2,9,2
2026-08-14,bac0783fc9aa83b20112840417f0100dc4115a01,"Judicial live, filtered, non-redirecting sites",132,5,2,2,0,0,0,0,2,2,7,2,7,2
2026-08-14,bac0783fc9aa83b20112840417f0100dc4115a01,IDEA sites scanned,10372,74,572,31,19,11,216,18,310,24,1017,46,1652,53
2026-08-14,bac0783fc9aa83b20112840417f0100dc4115a01,IDEA live sites,5948,70,570,31,19,11,215,18,309,24,1007,46,1639,53
2026-08-14,bac0783fc9aa83b20112840417f0100dc4115a01,"IDEA live, filtered sites",5796,70,563,31,19,11,211,18,307,24,994,46,1612,53
2026-08-14,bac0783fc9aa83b20112840417f0100dc4115a01,"IDEA live, filtered, non-redirecting sites",4916,67,421,30,18,11,101,18,278,23,780,44,1219,51
2026-08-15,ada51c264bcca9d27a457cf6aa71fecb64799935,All sites scanned,29566,145,1186,42,29,11,548,20,542,36,2744,68,4148,79
2026-08-15,ada51c264bcca9d27a457cf6aa71fecb64799935,All live sites,13464,133,1147,42,29,11,516,20,535,36,2475,68,3807,79
2026-08-15,ada51c264bcca9d27a457cf6aa71fecb64799935,"All live, filtered sites",12440,133,1076,42,28,11,489,19,496,36,2304,68,3541,79
2026-08-15,ada51c264bcca9d27a457cf6aa71fecb64799935,"All live, filtered, non-redirecting sites",8601,132,581,41,21,11,131,19,400,35,1203,65,1784,77
2026-08-15,ada51c264bcca9d27a457cf6aa71fecb64799935,Executive sites scanned,28095,120,1181,40,29,11,548,20,537,34,2732,66,4132,74
2026-08-15,ada51c264bcca9d27a457cf6aa71fecb64799935,Executive live sites,12496,111,1142,40,29,11,516,20,530,34,2463,66,3791,74
2026-08-15,ada51c264bcca9d27a457cf6aa71fecb64799935,"Executive live, filtered sites",11479,111,1074,40,28,11,489,19,494,34,2295,66,3528,74
2026-08-15,ada51c264bcca9d27a457cf6aa71fecb64799935,"Executive live, filtered, non-redirecting sites",7728,110,579,39,21,11,131,19,398,33,1196,63,1774,72
2026-08-15,ada51c264bcca9d27a457cf6aa71fecb64799935,Legislative sites scanned,1051,19,0,0,0,0,0,0,0,0,0,0,4,3
2026-08-15,ada51c264bcca9d27a457cf6aa71fecb64799935,Legislative live sites,825,16,0,0,0,0,0,0,0,0,0,0,4,3
2026-08-15,ada51c264bcca9d27a457cf6aa71fecb64799935,"Legislative live, filtered sites",823,16,0,0,0,0,0,0,0,0,0,0,4,3
2026-08-15,ada51c264bcca9d27a457cf6aa71fecb64799935,"Legislative live, filtered, non-redirecting sites",738,16,0,0,0,0,0,0,0,0,0,0,3,3
2026-08-15,ada51c264bcca9d27a457cf6aa71fecb64799935,Judicial sites scanned,414,5,5,2,0,0,0,0,5,2,12,2,12,2
2026-08-15,ada51c264bcca9d27a457cf6aa71fecb64799935,Judicial live sites,139,5,5,2,0,0,0,0,5,2,12,2,12,2
2026-08-15,ada51c264bcca9d27a457cf6aa71fecb64799935,"Judicial live, filtered sites",134,5,2,2,0,0,0,0,2,2,9,2,9,2
2026-08-15,ada51c264bcca9d27a457cf6aa71fecb64799935,"Judicial live, filtered, non-redirecting sites",131,5,2,2,0,0,0,0,2,2,7,2,7,2
2026-08-15,ada51c264bcca9d27a457cf6aa71fecb64799935,IDEA sites scanned,10372,74,583,31,22,11,212,18,319,24,1030,46,1664,53
2026-08-15,ada51c264bcca9d27a457cf6aa71fecb64799935,IDEA live sites,5960,70,582,31,22,11,212,18,318,24,1021,46,1652,53
2026-08-15,ada51c264bcca9d27a457cf6aa71fecb64799935,"IDEA live, filtered sites",5806,70,575,31,22,11,208,18,316,24,1008,46,1625,53
2026-08-15,ada51c264bcca9d27a457cf6aa71fecb64799935,"IDEA live, filtered, non-redirecting sites",4918,67,426,30,19,11,99,18,283,23,787,44,1225,51
2026-08-16,84079d80f375344c73bf255bb1fc30131bf1e66d,All sites scanned,29563,145,1186,42,30,11,545,20,543,36,2748,68,4152,79
2026-08-16,84079d80f375344c73bf255bb1fc30131bf1e66d,All live sites,13475,133,1147,42,30,11,513,20,536,36,2479,68,3811,79
2026-08-16,84079d80f375344c73bf255bb1fc30131bf1e66d,"All live, filtered sites",12469,133,1076,42,29,11,486,19,497,36,2308,68,3545,79
2026-08-16,84079d80f375344c73bf255bb1fc30131bf1e66d,"All live, filtered, non-redirecting sites",8623,132,584,41,22,11,131,19,401,35,1206,65,1787,77
2026-08-16,84079d80f375344c73bf255bb1fc30131bf1e66d,Executive sites scanned,28094,120,1181,40,30,11,545,20,538,34,2736,66,4136,74
2026-08-16,84079d80f375344c73bf255bb1fc30131bf1e66d,Executive live sites,12509,111,1142,40,30,11,513,20,531,34,2467,66,3795,74
2026-08-16,84079d80f375344c73bf255bb1fc30131bf1e66d,"Executive live, filtered sites",11510,111,1074,40,29,11,486,19,495,34,2299,66,3532,74
2026-08-16,84079d80f375344c73bf255bb1fc30131bf1e66d,"Executive live, filtered, non-redirecting sites",7752,110,582,39,22,11,131,19,399,33,1199,63,1777,72
2026-08-16,84079d80f375344c73bf255bb1fc30131bf1e66d,Legislative sites scanned,1049,19,0,0,0,0,0,0,0,0,0,0,4,3
2026-08-16,84079d80f375344c73bf255bb1fc30131bf1e66d,Legislative live sites,823,16,0,0,0,0,0,0,0,0,0,0,4,3
2026-08-16,84079d80f375344c73bf255bb1fc30131bf1e66d,"Legislative live, filtered sites",821,16,0,0,0,0,0,0,0,0,0,0,4,3
2026-08-16,84079d80f375344c73bf255bb1fc30131bf1e66d,"Legislative live, filtered, non-redirecting sites",736,16,0,0,0,0,0,0,0,0,0,0,3,3
2026-08-16,84079d80f375344c73bf255bb1fc30131bf1e66d,Judicial sites scanned,414,5,5,2,0,0,0,0,5,2,12,2,12,2
2026-08-16,84079d80f375344c73bf255bb1fc30131bf1e66d,Judicial live sites,139,5,5,2,0,0,0,0,5,2,12,2,12,2
2026-08-16,84079d80f375344c73bf255bb1fc30131bf1e66d,"Judicial live, filtered sites",134,5,2,2,0,0,0,0,2,2,9,2,9,2
2026-08-16,84079d80f375344c73bf255bb1fc30131bf1e66d,"Judicial live, filtered, non-redirecting sites",131,5,2,2,0,0,0,0,2,2,7,2,7,2
2026-08-16,84079d80f375344c73bf255bb1fc30131bf1e66d,IDEA sites scanned,10372,74,584,31,23,11,211,18,319,24,1033,46,1666,53
2026-08-16,84079d80f375344c73bf255bb1fc30131bf1e66d,IDEA live sites,5967,70,583,31,23,11,211,18,318,24,1024,46,1654,53
2026-08-16,84079d80f375344c73bf255bb1fc30131bf1e66d,"IDEA live, filtered sites",5815,70,576,31,23,11,207,18,316,24,1011,46,1627,53
2026-08-16,84079d80f375344c73bf255bb1fc30131bf1e66d,"IDEA live, filtered, non-redirecting sites",4927,67,428,30,20,11,99,18,283,23,789,44,1227,51
2026-08-17,928879164fa80a37ff06a29f7b9c365f70416b8f,All sites scanned,29533,145,1186,42,30,11,545,20,543,36,2748,68,4152,79
2026-08-17,928879164fa80a37ff06a29f7b9c365f70416b8f,All live sites,13475,133,1147,42,30,11,513,20,536,36,2479,68,3811,79
2026-08-17,928879164fa80a37ff06a29f7b9c365f70416b8f,"All live, filtered sites",12469,133,1076,42,29,11,486,19,497,36,2308,68,3545,79
2026-08-17,928879164fa80a37ff06a29f7b9c365f70416b8f,"All live, filtered, non-redirecting sites",8623,132,584,41,22,11,131,19,401,35,1206,65,1787,77
2026-08-17,928879164fa80a37ff06a29f7b9c365f70416b8f,Executive sites scanned,28064,120,1181,40,30,11,545,20,538,34,2736,66,4136,74
2026-08-17,928879164fa80a37ff06a29f7b9c365f70416b8f,Executive live sites,12509,111,1142,40,30,11,513,20,531,34,2467,66,3795,74
2026-08-17,928879164fa80a37ff06a29f7b9c365f70416b8f,"Executive live, filtered sites",11510,111,1074,40,29,11,486,19,495,34,2299,66,3532,74
2026-08-17,928879164fa80a37ff06a29f7b9c365f70416b8f,"Executive live, filtered, non-redirecting sites",7752,110,582,39,22,11,131,19,399,33,1199,63,1777,72
2026-08-17,928879164fa80a37ff06a29f7b9c365f70416b8f,Legislative sites scanned,1049,19,0,0,0,0,0,0,0,0,0,0,4,3
2026-08-17,928879164fa80a37ff06a29f7b9c365f70416b8f,Legislative live sites,823,16,0,0,0,0,0,0,0,0,0,0,4,3
2026-08-17,928879164fa80a37ff06a29f7b9c365f70416b8f,"Legislative live, filtered sites",821,16,0,0,0,0,0,0,0,0,0,0,4,3
2026-08-17,928879164fa80a37ff06a29f7b9c365f70416b8f,"Legislative live, filtered, non-redirecting sites",736,16,0,0,0,0,0,0,0,0,0,0,3,3
2026-08-17,928879164fa80a37ff06a29f7b9c365f70416b8f,Judicial sites scanned,414,5,5,2,0,0,0,0,5,2,12,2,12,2
2026-08-17,928879164fa80a37ff06a29f7b9c365f70416b8f,Judicial live sites,139,5,5,2,0,0,0,0,5,2,12,2,12,2
2026-08-17,928879164fa80a37ff06a29f7b9c365f70416b8f,"Judicial live, filtered sites",134,5,2,2,0,0,0,0,2,2,9,2,9,2
2026-08-17,928879164fa80a37ff06a29f7b9c365f70416b8f,"Judicial live, filtered, non-redirecting sites",131,5,2,2,0,0,0,0,2,2,7,2,7,2
2026-08-17,928879164fa80a37ff06a29f7b9c365f70416b8f,IDEA sites scanned,10372,74,584,31,23,11,211,18,319,24,1033,46,1666,53
2026-08-17,928879164fa80a37ff06a29f7b9c365f70416b8f,IDEA live sites,5967,70,583,31,23,11,211,18,318,24,1024,46,1654,53
2026-08-17,928879164fa80a37ff06a29f7b9c365f70416b8f,"IDEA live, filtered sites",5815,70,576,31,23,11,207,18,316,24,1011,46,1627,53
2026-08-17,928879164fa80a37ff06a29f7b9c365f70416b8f,"IDEA live, filtered, non-redirecting sites",4927,67,428,30,20,11,99,18,283,23,789,44,1227,51
2026-08-19,d95aef32f4173ef9683bb572057810cca5ad59db,All sites scanned,29570,145,1183,42,30,11,544,19,447,37,2748,67,4156,79
2026-08-19,d95aef32f4173ef9683bb572057810cca5ad59db,All live sites,13532,133,1145,42,30,11,513,19,441,37,2478,67,3809,79
2026-08-19,d95aef32f4173ef9683bb572057810cca5ad59db,"All live, filtered sites",12518,133,1073,42,29,11,487,18,400,37,2310,67,3545,79
2026-08-19,d95aef32f4173ef9683bb572057810cca5ad59db,"All live, filtered, non-redirecting sites",8672,132,579,40,22,11,130,18,305,35,1211,64,1790,77
2026-08-19,d95aef32f4173ef9683bb572057810cca5ad59db,Executive sites scanned,28098,120,1178,40,30,11,544,19,442,35,2736,65,4140,74
2026-08-19,d95aef32f4173ef9683bb572057810cca5ad59db,Executive live sites,12560,111,1140,40,30,11,513,19,436,35,2466,65,3793,74
2026-08-19,d95aef32f4173ef9683bb572057810cca5ad59db,"Executive live, filtered sites",11553,111,1071,40,29,11,487,18,398,35,2301,65,3532,74
2026-08-19,d95aef32f4173ef9683bb572057810cca5ad59db,"Executive live, filtered, non-redirecting sites",7795,110,577,38,22,11,130,18,303,33,1204,62,1780,72
2026-08-19,d95aef32f4173ef9683bb572057810cca5ad59db,Legislative sites scanned,1052,19,0,0,0,0,0,0,0,0,0,0,4,3
2026-08-19,d95aef32f4173ef9683bb572057810cca5ad59db,Legislative live sites,828,16,0,0,0,0,0,0,0,0,0,0,4,3
2026-08-19,d95aef32f4173ef9683bb572057810cca5ad59db,"Legislative live, filtered sites",826,16,0,0,0,0,0,0,0,0,0,0,4,3
2026-08-19,d95aef32f4173ef9683bb572057810cca5ad59db,"Legislative live, filtered, non-redirecting sites",741,16,0,0,0,0,0,0,0,0,0,0,3,3
2026-08-19,d95aef32f4173ef9683bb572057810cca5ad59db,Judicial sites scanned,414,5,5,2,0,0,0,0,5,2,12,2,12,2
2026-08-19,d95aef32f4173ef9683bb572057810cca5ad59db,Judicial live sites,140,5,5,2,0,0,0,0,5,2,12,2,12,2
2026-08-19,d95aef32f4173ef9683bb572057810cca5ad59db,"Judicial live, filtered sites",135,5,2,2,0,0,0,0,2,2,9,2,9,2
2026-08-19,d95aef32f4173ef9683bb572057810cca5ad59db,"Judicial live, filtered, non-redirecting sites",132,5,2,2,0,0,0,0,2,2,7,2,7,2
2026-08-19,d95aef32f4173ef9683bb572057810cca5ad59db,IDEA sites scanned,10372,74,576,31,23,11,208,17,239,25,1027,45,1659,53
2026-08-19,d95aef32f4173ef9683bb572057810cca5ad59db,IDEA live sites,5959,70,575,31,23,11,208,17,238,25,1018,45,1647,53
2026-08-19,d95aef32f4173ef9683bb572057810cca5ad59db,"IDEA live, filtered sites",5808,70,568,31,23,11,204,17,236,25,1005,45,1620,53
2026-08-19,d95aef32f4173ef9683bb572057810cca5ad59db,"IDEA live, filtered, non-redirecting sites",4926,67,419,29,20,11,95,17,202,23,784,43,1221,51
2026-08-20,a2292071a8ec4c716aafb0819da5a2c3d7a913df,All sites scanned,29582,145,1190,42,26,12,552,20,494,37,2751,67,4164,79
2026-08-20,a2292071a8ec4c716aafb0819da5a2c3d7a913df,All live sites,13525,134,1152,42,26,12,521,20,489,37,2483,67,3819,79
2026-08-20,a2292071a8ec4c716aafb0819da5a2c3d7a913df,"All live, filtered sites",12493,134,1077,42,25,12,495,19,446,37,2309,67,3553,79
2026-08-20,a2292071a8ec4c716aafb0819da5a2c3d7a913df,"All live, filtered, non-redirecting sites",8648,133,584,41,20,12,132,18,352,36,1210,64,1790,77
2026-08-20,a2292071a8ec4c716aafb0819da5a2c3d7a913df,Executive sites scanned,28110,120,1185,40,26,12,552,20,489,35,2739,65,4148,74
2026-08-20,a2292071a8ec4c716aafb0819da5a2c3d7a913df,Executive live sites,12559,111,1147,40,26,12,521,20,484,35,2471,65,3803,74
2026-08-20,a2292071a8ec4c716aafb0819da5a2c3d7a913df,"Executive live, filtered sites",11534,111,1075,40,25,12,495,19,444,35,2300,65,3540,74
2026-08-20,a2292071a8ec4c716aafb0819da5a2c3d7a913df,"Executive live, filtered, non-redirecting sites",7774,110,582,39,20,12,132,18,350,34,1203,62,1780,72
2026-08-20,a2292071a8ec4c716aafb0819da5a2c3d7a913df,Legislative sites scanned,1052,19,0,0,0,0,0,0,0,0,0,0,4,3
2026-08-20,a2292071a8ec4c716aafb0819da5a2c3d7a913df,Legislative live sites,824,17,0,0,0,0,0,0,0,0,0,0,4,3
2026-08-20,a2292071a8ec4c716aafb0819da5a2c3d7a913df,"Legislative live, filtered sites",822,17,0,0,0,0,0,0,0,0,0,0,4,3
2026-08-20,a2292071a8ec4c716aafb0819da5a2c3d7a913df,"Legislative live, filtered, non-redirecting sites",740,17,0,0,0,0,0,0,0,0,0,0,3,3
2026-08-20,a2292071a8ec4c716aafb0819da5a2c3d7a913df,Judicial sites scanned,414,5,5,2,0,0,0,0,5,2,12,2,12,2
2026-08-20,a2292071a8ec4c716aafb0819da5a2c3d7a913df,Judicial live sites,138,5,5,2,0,0,0,0,5,2,12,2,12,2
2026-08-20,a2292071a8ec4c716aafb0819da5a2c3d7a913df,"Judicial live, filtered sites",133,5,2,2,0,0,0,0,2,2,9,2,9,2
2026-08-20,a2292071a8ec4c716aafb0819da5a2c3d7a913df,"Judicial live, filtered, non-redirecting sites",130,5,2,2,0,0,0,0,2,2,7,2,7,2
2026-08-20,a2292071a8ec4c716aafb0819da5a2c3d7a913df,IDEA sites scanned,10372,74,576,31,18,11,214,17,270,25,1026,45,1662,53
2026-08-20,a2292071a8ec4c716aafb0819da5a2c3d7a913df,IDEA live sites,5960,70,575,31,18,11,214,17,269,25,1017,45,1650,53
2026-08-20,a2292071a8ec4c716aafb0819da5a2c3d7a913df,"IDEA live, filtered sites",5808,70,568,31,18,11,210,17,267,25,1004,45,1623,53
2026-08-20,a2292071a8ec4c716aafb0819da5a2c3d7a913df,"IDEA live, filtered, non-redirecting sites",4916,67,424,30,17,11,99,17,237,24,783,43,1222,51
2026-08-21,553312825c915ba23e752fa09372feff8f1d9031,All sites scanned,29571,145,1193,42,26,12,554,20,507,37,2750,67,4166,79
2026-08-21,553312825c915ba23e752fa09372feff8f1d9031,All live sites,13523,134,1156,42,26,12,523,20,502,37,2481,67,3820,79
2026-08-21,553312825c915ba23e752fa09372feff8f1d9031,"All live, filtered sites",12513,133,1081,42,25,12,497,19,459,37,2307,67,3554,79
2026-08-21,553312825c915ba23e752fa09372feff8f1d9031,"All live, filtered, non-redirecting sites",8656,132,588,41,20,12,134,18,365,36,1209,64,1791,77
2026-08-21,553312825c915ba23e752fa09372feff8f1d9031,Executive sites scanned,28099,120,1188,40,26,12,554,20,502,35,2738,65,4150,74
2026-08-21,553312825c915ba23e752fa09372feff8f1d9031,Executive live sites,12558,111,1151,40,26,12,523,20,497,35,2469,65,3804,74
2026-08-21,553312825c915ba23e752fa09372feff8f1d9031,"Executive live, filtered sites",11555,111,1079,40,25,12,497,19,457,35,2298,65,3541,74
2026-08-21,553312825c915ba23e752fa09372feff8f1d9031,"Executive live, filtered, non-redirecting sites",7783,110,586,39,20,12,134,18,363,34,1202,62,1781,72
2026-08-21,553312825c915ba23e752fa09372feff8f1d9031,Legislative sites scanned,1052,19,0,0,0,0,0,0,0,0,0,0,4,3
2026-08-21,553312825c915ba23e752fa09372feff8f1d9031,Legislative live sites,823,17,0,0,0,0,0,0,0,0,0,0,4,3
2026-08-21,553312825c915ba23e752fa09372feff8f1d9031,"Legislative live, filtered sites",821,16,0,0,0,0,0,0,0,0,0,0,4,3
2026-08-21,553312825c915ba23e752fa09372feff8f1d9031,"Legislative live, filtered, non-redirecting sites",739,16,0,0,0,0,0,0,0,0,0,0,3,3
2026-08-21,553312825c915ba23e752fa09372feff8f1d9031,Judicial sites scanned,414,5,5,2,0,0,0,0,5,2,12,2,12,2
2026-08-21,553312825c915ba23e752fa09372feff8f1d9031,Judicial live sites,138,5,5,2,0,0,0,0,5,2,12,2,12,2
2026-08-21,553312825c915ba23e752fa09372feff8f1d9031,"Judicial live, filtered sites",133,5,2,2,0,0,0,0,2,2,9,2,9,2
2026-08-21,553312825c915ba23e752fa09372feff8f1d9031,"Judicial live, filtered, non-redirecting sites",130,5,2,2,0,0,0,0,2,2,7,2,7,2
2026-08-21,553312825c915ba23e752fa09372feff8f1d9031,IDEA sites scanned,10372,74,579,31,18,11,215,17,282,25,1024,45,1662,53
2026-08-21,553312825c915ba23e752fa09372feff8f1d9031,IDEA live sites,5960,70,578,31,18,11,215,17,281,25,1015,45,1650,53
2026-08-21,553312825c915ba23e752fa09372feff8f1d9031,"IDEA live, filtered sites",5810,70,571,31,18,11,211,17,279,25,1002,45,1623,53
2026-08-21,553312825c915ba23e752fa09372feff8f1d9031,"IDEA live, filtered, non-redirecting sites",4918,67,428,30,17,11,101,17,249,24,782,43,1223,51
2026-08-22,46894077e6f5b6c9bc0537a11892d3001a582f4e,All sites scanned,29614,145,1199,43,31,12,562,20,457,38,2748,67,4161,79
2026-08-22,46894077e6f5b6c9bc0537a11892d3001a582f4e,All live sites,13461,134,1161,43,31,12,530,20,451,38,2479,67,3816,79
2026-08-22,46894077e6f5b6c9bc0537a11892d3001a582f4e,"All live, filtered sites",12442,133,1089,43,30,12,505,19,409,38,2306,67,3551,79
2026-08-22,46894077e6f5b6c9bc0537a11892d3001a582f4e,"All live, filtered, non-redirecting sites",8611,132,607,42,23,12,142,18,323,37,1212,64,1791,77
2026-08-22,46894077e6f5b6c9bc0537a11892d3001a582f4e,Executive sites scanned,28138,120,1194,41,31,12,562,20,452,36,2736,65,4145,74
2026-08-22,46894077e6f5b6c9bc0537a11892d3001a582f4e,Executive live sites,12490,111,1156,41,31,12,530,20,446,36,2467,65,3800,74
2026-08-22,46894077e6f5b6c9bc0537a11892d3001a582f4e,"Executive live, filtered sites",11478,111,1087,41,30,12,505,19,407,36,2297,65,3538,74
2026-08-22,46894077e6f5b6c9bc0537a11892d3001a582f4e,"Executive live, filtered, non-redirecting sites",7733,110,605,40,23,12,142,18,321,35,1205,62,1781,72
2026-08-22,46894077e6f5b6c9bc0537a11892d3001a582f4e,Legislative sites scanned,1056,19,0,0,0,0,0,0,0,0,0,0,4,3
2026-08-22,46894077e6f5b6c9bc0537a11892d3001a582f4e,Legislative live sites,828,17,0,0,0,0,0,0,0,0,0,0,4,3
2026-08-22,46894077e6f5b6c9bc0537a11892d3001a582f4e,"Legislative live, filtered sites",826,16,0,0,0,0,0,0,0,0,0,0,4,3
2026-08-22,46894077e6f5b6c9bc0537a11892d3001a582f4e,"Legislative live, filtered, non-redirecting sites",743,16,0,0,0,0,0,0,0,0,0,0,3,3
2026-08-22,46894077e6f5b6c9bc0537a11892d3001a582f4e,Judicial sites scanned,414,5,5,2,0,0,0,0,5,2,12,2,12,2
2026-08-22,46894077e6f5b6c9bc0537a11892d3001a582f4e,Judicial live sites,139,5,5,2,0,0,0,0,5,2,12,2,12,2
2026-08-22,46894077e6f5b6c9bc0537a11892d3001a582f4e,"Judicial live, filtered sites",134,5,2,2,0,0,0,0,2,2,9,2,9,2
2026-08-22,46894077e6f5b6c9bc0537a11892d3001a582f4e,"Judicial live, filtered, non-redirecting sites",131,5,2,2,0,0,0,0,2,2,7,2,7,2
2026-08-22,46894077e6f5b6c9bc0537a11892d3001a582f4e,IDEA sites scanned,10372,74,587,32,23,11,217,17,243,26,1031,45,1667,53
2026-08-22,46894077e6f5b6c9bc0537a11892d3001a582f4e,IDEA live sites,5927,70,586,32,23,11,217,17,242,26,1020,45,1653,53
2026-08-22,46894077e6f5b6c9bc0537a11892d3001a582f4e,"IDEA live, filtered sites",5778,70,579,32,23,11,213,17,240,26,1007,45,1626,53
2026-08-22,46894077e6f5b6c9bc0537a11892d3001a582f4e,"IDEA live, filtered, non-redirecting sites",4890,67,440,31,20,11,103,17,216,25,785,43,1224,51
2026-08-23,4ea1223747814d680b608210551a33dc242441c3,All sites scanned,29590,145,1194,43,31,12,557,20,447,38,2748,67,4157,79
2026-08-23,4ea1223747814d680b608210551a33dc242441c3,All live sites,13454,134,1156,43,31,12,525,20,441,38,2480,67,3813,79
2026-08-23,4ea1223747814d680b608210551a33dc242441c3,"All live, filtered sites",12456,133,1084,43,30,12,500,19,399,38,2307,67,3548,79
2026-08-23,4ea1223747814d680b608210551a33dc242441c3,"All live, filtered, non-redirecting sites",8614,132,605,42,23,12,140,18,314,37,1212,64,1788,77
2026-08-23,4ea1223747814d680b608210551a33dc242441c3,Executive sites scanned,28114,120,1189,41,31,12,557,20,442,36,2736,65,4141,74
2026-08-23,4ea1223747814d680b608210551a33dc242441c3,Executive live sites,12483,111,1151,41,31,12,525,20,436,36,2468,65,3797,74
2026-08-23,4ea1223747814d680b608210551a33dc242441c3,"Executive live, filtered sites",11492,111,1082,41,30,12,500,19,397,36,2298,65,3535,74
2026-08-23,4ea1223747814d680b608210551a33dc242441c3,"Executive live, filtered, non-redirecting sites",7736,110,603,40,23,12,140,18,312,35,1205,62,1778,72
2026-08-23,4ea1223747814d680b608210551a33dc242441c3,Legislative sites scanned,1056,19,0,0,0,0,0,0,0,0,0,0,4,3
2026-08-23,4ea1223747814d680b608210551a33dc242441c3,Legislative live sites,828,17,0,0,0,0,0,0,0,0,0,0,4,3
2026-08-23,4ea1223747814d680b608210551a33dc242441c3,"Legislative live, filtered sites",826,16,0,0,0,0,0,0,0,0,0,0,4,3
2026-08-23,4ea1223747814d680b608210551a33dc242441c3,"Legislative live, filtered, non-redirecting sites",743,16,0,0,0,0,0,0,0,0,0,0,3,3
2026-08-23,4ea1223747814d680b608210551a33dc242441c3,Judicial sites scanned,414,5,5,2,0,0,0,0,5,2,12,2,12,2
2026-08-23,4ea1223747814d680b608210551a33dc242441c3,Judicial live sites,139,5,5,2,0,0,0,0,5,2,12,2,12,2
2026-08-23,4ea1223747814d680b608210551a33dc242441c3,"Judicial live, filtered sites",134,5,2,2,0,0,0,0,2,2,9,2,9,2
2026-08-23,4ea1223747814d680b608210551a33dc242441c3,"Judicial live, filtered, non-redirecting sites",131,5,2,2,0,0,0,0,2,2,7,2,7,2
2026-08-23,4ea1223747814d680b608210551a33dc242441c3,IDEA sites scanned,10372,74,585,32,23,11,214,17,236,26,1033,45,1665,53
2026-08-23,4ea1223747814d680b608210551a33dc242441c3,IDEA live sites,5925,70,584,32,23,11,214,17,235,26,1022,45,1651,53
2026-08-23,4ea1223747814d680b608210551a33dc242441c3,"IDEA live, filtered sites",5779,70,577,32,23,11,210,17,233,26,1009,45,1624,53
2026-08-23,4ea1223747814d680b608210551a33dc242441c3,"IDEA live, filtered, non-redirecting sites",4889,67,439,31,20,11,101,17,209,25,786,43,1222,51
2026-08-24,a27723e4a3a747edc7de52168a229c6ae9a576a3,All sites scanned,29566,145,1194,43,31,12,557,20,447,38,2748,67,4157,79
2026-08-24,a27723e4a3a747edc7de52168a229c6ae9a576a3,All live sites,13453,134,1156,43,31,12,525,20,441,38,2480,67,3813,79
2026-08-24,a27723e4a3a747edc7de52168a229c6ae9a576a3,"All live, filtered sites",12455,133,1084,43,30,12,500,19,399,38,2307,67,3548,79
2026-08-24,a27723e4a3a747edc7de52168a229c6ae9a576a3,"All live, filtered, non-redirecting sites",8614,132,605,42,23,12,140,18,314,37,1212,64,1788,77
2026-08-24,a27723e4a3a747edc7de52168a229c6ae9a576a3,Executive sites scanned,28092,120,1189,41,31,12,557,20,442,36,2736,65,4141,74
2026-08-24,a27723e4a3a747edc7de52168a229c6ae9a576a3,Executive live sites,12482,111,1151,41,31,12,525,20,436,36,2468,65,3797,74
2026-08-24,a27723e4a3a747edc7de52168a229c6ae9a576a3,"Executive live, filtered sites",11491,111,1082,41,30,12,500,19,397,36,2298,65,3535,74
2026-08-24,a27723e4a3a747edc7de52168a229c6ae9a576a3,"Executive live, filtered, non-redirecting sites",7736,110,603,40,23,12,140,18,312,35,1205,62,1778,72
2026-08-24,a27723e4a3a747edc7de52168a229c6ae9a576a3,Legislative sites scanned,1054,19,0,0,0,0,0,0,0,0,0,0,4,3
2026-08-24,a27723e4a3a747edc7de52168a229c6ae9a576a3,Legislative live sites,828,17,0,0,0,0,0,0,0,0,0,0,4,3
2026-08-24,a27723e4a3a747edc7de52168a229c6ae9a576a3,"Legislative live, filtered sites",826,16,0,0,0,0,0,0,0,0,0,0,4,3
2026-08-24,a27723e4a3a747edc7de52168a229c6ae9a576a3,"Legislative live, filtered, non-redirecting sites",743,16,0,0,0,0,0,0,0,0,0,0,3,3
2026-08-24,a27723e4a3a747edc7de52168a229c6ae9a576a3,Judicial sites scanned,414,5,5,2,0,0,0,0,5,2,12,2,12,2
2026-08-24,a27723e4a3a747edc7de52168a229c6ae9a576a3,Judicial live sites,139,5,5,2,0,0,0,0,5,2,12,2,12,2
2026-08-24,a27723e4a3a747edc7de52168a229c6ae9a576a3,"Judicial live, filtered sites",134,5,2,2,0,0,0,0,2,2,9,2,9,2
2026-08-24,a27723e4a3a747edc7de52168a229c6ae9a576a3,"Judicial live, filtered, non-redirecting sites",131,5,2,2,0,0,0,0,2,2,7,2,7,2
2026-08-24,a27723e4a3a747edc7de52168a229c6ae9a576a3,IDEA sites scanned,10372,74,585,32,23,11,214,17,236,26,1033,45,1665,53
2026-08-24,a27723e4a3a747edc7de52168a229c6ae9a576a3,IDEA live sites,5925,70,584,32,23,11,214,17,235,26,1022,45,1651,53
2026-08-24,a27723e4a3a747edc7de52168a229c6ae9a576a3,"IDEA live, filtered sites",5779,70,577,32,23,11,210,17,233,26,1009,45,1624,53
2026-08-24,a27723e4a3a747edc7de52168a229c6ae9a576a3,"IDEA live, filtered, non-redirecting sites",4889,67,439,31,20,11,101,17,209,25,786,43,1222,51
2026-08-25,82917e95ab8ffdd37429152b432d62086a5902fc,All sites scanned,29631,145,1198,42,30,12,549,20,451,36,2762,68,4166,79
2026-08-25,82917e95ab8ffdd37429152b432d62086a5902fc,All live sites,13529,133,1163,42,30,12,518,20,447,36,2497,68,3829,79
2026-08-25,82917e95ab8ffdd37429152b432d62086a5902fc,"All live, filtered sites",12493,132,1089,42,29,12,492,19,405,36,2322,68,3561,79
2026-08-25,82917e95ab8ffdd37429152b432d62086a5902fc,"All live, filtered, non-redirecting sites",8634,131,592,40,22,12,133,18,307,35,1214,64,1795,77
2026-08-25,82917e95ab8ffdd37429152b432d62086a5902fc,Executive sites scanned,28155,120,1193,40,30,12,549,20,446,34,2750,66,4150,74
2026-08-25,82917e95ab8ffdd37429152b432d62086a5902fc,Executive live sites,12557,110,1158,40,30,12,518,20,442,34,2485,66,3813,74
2026-08-25,82917e95ab8ffdd37429152b432d62086a5902fc,"Executive live, filtered sites",11529,110,1087,40,29,12,492,19,403,34,2313,66,3548,74
2026-08-25,82917e95ab8ffdd37429152b432d62086a5902fc,"Executive live, filtered, non-redirecting sites",7757,109,590,38,22,12,133,18,305,33,1207,62,1785,72
2026-08-25,82917e95ab8ffdd37429152b432d62086a5902fc,Legislative sites scanned,1055,19,0,0,0,0,0,0,0,0,0,0,4,3
2026-08-25,82917e95ab8ffdd37429152b432d62086a5902fc,Legislative live sites,828,17,0,0,0,0,0,0,0,0,0,0,4,3
2026-08-25,82917e95ab8ffdd37429152b432d62086a5902fc,"Legislative live, filtered sites",826,16,0,0,0,0,0,0,0,0,0,0,4,3
2026-08-25,82917e95ab8ffdd37429152b432d62086a5902fc,"Legislative live, filtered, non-redirecting sites",743,16,0,0,0,0,0,0,0,0,0,0,3,3
2026-08-25,82917e95ab8ffdd37429152b432d62086a5902fc,Judicial sites scanned,415,5,5,2,0,0,0,0,5,2,12,2,12,2
2026-08-25,82917e95ab8ffdd37429152b432d62086a5902fc,Judicial live sites,139,5,5,2,0,0,0,0,5,2,12,2,12,2
2026-08-25,82917e95ab8ffdd37429152b432d62086a5902fc,"Judicial live, filtered sites",133,5,2,2,0,0,0,0,2,2,9,2,9,2
2026-08-25,82917e95ab8ffdd37429152b432d62086a5902fc,"Judicial live, filtered, non-redirecting sites",130,5,2,2,0,0,0,0,2,2,7,2,7,2
2026-08-25,82917e95ab8ffdd37429152b432d62086a5902fc,IDEA sites scanned,10372,74,586,30,22,11,213,17,237,24,1030,45,1662,53
2026-08-25,82917e95ab8ffdd37429152b432d62086a5902fc,IDEA live sites,5969,69,585,30,22,11,213,17,236,24,1021,45,1652,53
2026-08-25,82917e95ab8ffdd37429152b432d62086a5902fc,"IDEA live, filtered sites",5816,69,578,30,22,11,209,17,234,24,1008,45,1625,53
2026-08-25,82917e95ab8ffdd37429152b432d62086a5902fc,"IDEA live, filtered, non-redirecting sites",4925,66,432,29,19,11,98,17,206,23,785,43,1224,51
2026-08-26,786cac7e7f32cdcfd4903afe9b81ef6a47bcbd0e,All sites scanned,29624,145,1201,42,30,12,551,20,452,36,2761,68,4165,79
2026-08-26,786cac7e7f32cdcfd4903afe9b81ef6a47bcbd0e,All live sites,13532,133,1166,42,30,12,520,20,448,36,2496,68,3828,79
2026-08-26,786cac7e7f32cdcfd4903afe9b81ef6a47bcbd0e,"All live, filtered sites",12520,132,1092,42,29,12,494,19,406,36,2321,68,3560,79
2026-08-26,786cac7e7f32cdcfd4903afe9b81ef6a47bcbd0e,"All live, filtered, non-redirecting sites",8652,131,591,40,22,12,134,18,305,35,1212,64,1794,77
2026-08-26,786cac7e7f32cdcfd4903afe9b81ef6a47bcbd0e,Executive sites scanned,28148,120,1196,40,30,12,551,20,447,34,2749,66,4149,74
2026-08-26,786cac7e7f32cdcfd4903afe9b81ef6a47bcbd0e,Executive live sites,12560,110,1161,40,30,12,520,20,443,34,2484,66,3812,74
2026-08-26,786cac7e7f32cdcfd4903afe9b81ef6a47bcbd0e,"Executive live, filtered sites",11556,110,1090,40,29,12,494,19,404,34,2312,66,3547,74
2026-08-26,786cac7e7f32cdcfd4903afe9b81ef6a47bcbd0e,"Executive live, filtered, non-redirecting sites",7775,109,589,38,22,12,134,18,303,33,1205,62,1784,72
2026-08-26,786cac7e7f32cdcfd4903afe9b81ef6a47bcbd0e,Legislative sites scanned,1055,19,0,0,0,0,0,0,0,0,0,0,4,3
2026-08-26,786cac7e7f32cdcfd4903afe9b81ef6a47bcbd0e,Legislative live sites,828,17,0,0,0,0,0,0,0,0,0,0,4,3
2026-08-26,786cac7e7f32cdcfd4903afe9b81ef6a47bcbd0e,"Legislative live, filtered sites",826,16,0,0,0,0,0,0,0,0,0,0,4,3
2026-08-26,786cac7e7f32cdcfd4903afe9b81ef6a47bcbd0e,"Legislative live, filtered, non-redirecting sites",743,16,0,0,0,0,0,0,0,0,0,0,3,3
2026-08-26,786cac7e7f32cdcfd4903afe9b81ef6a47bcbd0e,Judicial sites scanned,415,5,5,2,0,0,0,0,5,2,12,2,12,2
2026-08-26,786cac7e7f32cdcfd4903afe9b81ef6a47bcbd0e,Judicial live sites,139,5,5,2,0,0,0,0,5,2,12,2,12,2
2026-08-26,786cac7e7f32cdcfd4903afe9b81ef6a47bcbd0e,"Judicial live, filtered sites",133,5,2,2,0,0,0,0,2,2,9,2,9,2
2026-08-26,786cac7e7f32cdcfd4903afe9b81ef6a47bcbd0e,"Judicial live, filtered, non-redirecting sites",130,5,2,2,0,0,0,0,2,2,7,2,7,2
2026-08-26,786cac7e7f32cdcfd4903afe9b81ef6a47bcbd0e,IDEA sites scanned,10372,74,587,30,22,11,214,17,237,24,1029,45,1661,53
2026-08-26,786cac7e7f32cdcfd4903afe9b81ef6a47bcbd0e,IDEA live sites,5974,69,586,30,22,11,214,17,236,24,1020,45,1651,53
2026-08-26,786cac7e7f32cdcfd4903afe9b81ef6a47bcbd0e,"IDEA live, filtered sites",5823,69,579,30,22,11,210,17,234,24,1007,45,1624,53
2026-08-26,786cac7e7f32cdcfd4903afe9b81ef6a47bcbd0e,"IDEA live, filtered, non-redirecting sites",4930,66,431,29,19,11,99,17,204,23,783,43,1223,51
2026-08-28,7b3c4568042d60cad66ff23a8c6d1faff94ed789,All sites scanned,29624,145,1208,42,28,12,554,19,452,37,2761,67,4181,79
2026-08-28,7b3c4568042d60cad66ff23a8c6d1faff94ed789,All live sites,13599,134,1171,42,28,12,523,19,446,37,2493,67,3840,79
2026-08-28,7b3c4568042d60cad66ff23a8c6d1faff94ed789,"All live, filtered sites",12588,134,1095,42,27,12,497,18,402,37,2316,67,3572,79
2026-08-28,7b3c4568042d60cad66ff23a8c6d1faff94ed789,"All live, filtered, non-redirecting sites",8703,133,597,40,21,12,138,18,302,35,1216,64,1808,77
2026-08-28,7b3c4568042d60cad66ff23a8c6d1faff94ed789,Executive sites scanned,28147,120,1203,40,28,12,554,19,447,35,2749,65,4165,74
2026-08-28,7b3c4568042d60cad66ff23a8c6d1faff94ed789,Executive live sites,12631,111,1166,40,28,12,523,19,441,35,2481,65,3824,74
2026-08-28,7b3c4568042d60cad66ff23a8c6d1faff94ed789,"Executive live, filtered sites",11628,111,1093,40,27,12,497,18,400,35,2307,65,3559,74
2026-08-28,7b3c4568042d60cad66ff23a8c6d1faff94ed789,"Executive live, filtered, non-redirecting sites",7828,110,595,38,21,12,138,18,300,33,1209,62,1798,72
2026-08-28,7b3c4568042d60cad66ff23a8c6d1faff94ed789,Legislative sites scanned,1056,19,0,0,0,0,0,0,0,0,0,0,4,3
2026-08-28,7b3c4568042d60cad66ff23a8c6d1faff94ed789,Legislative live sites,823,17,0,0,0,0,0,0,0,0,0,0,4,3
2026-08-28,7b3c4568042d60cad66ff23a8c6d1faff94ed789,"Legislative live, filtered sites",821,17,0,0,0,0,0,0,0,0,0,0,4,3
2026-08-28,7b3c4568042d60cad66ff23a8c6d1faff94ed789,"Legislative live, filtered, non-redirecting sites",740,17,0,0,0,0,0,0,0,0,0,0,3,3
2026-08-28,7b3c4568042d60cad66ff23a8c6d1faff94ed789,Judicial sites scanned,415,5,5,2,0,0,0,0,5,2,12,2,12,2
2026-08-28,7b3c4568042d60cad66ff23a8c6d1faff94ed789,Judicial live sites,140,5,5,2,0,0,0,0,5,2,12,2,12,2
2026-08-28,7b3c4568042d60cad66ff23a8c6d1faff94ed789,"Judicial live, filtered sites",134,5,2,2,0,0,0,0,2,2,9,2,9,2
2026-08-28,7b3c4568042d60cad66ff23a8c6d1faff94ed789,"Judicial live, filtered, non-redirecting sites",131,5,2,2,0,0,0,0,2,2,7,2,7,2
2026-08-28,7b3c4568042d60cad66ff23a8c6d1faff94ed789,IDEA sites scanned,10371,74,581,31,20,11,214,17,230,25,1028,45,1670,53
2026-08-28,7b3c4568042d60cad66ff23a8c6d1faff94ed789,IDEA live sites,5999,69,580,31,20,11,214,17,229,25,1018,45,1659,53
2026-08-28,7b3c4568042d60cad66ff23a8c6d1faff94ed789,"IDEA live, filtered sites",5847,69,573,31,20,11,210,17,227,25,1005,45,1632,53
2026-08-28,7b3c4568042d60cad66ff23a8c6d1faff94ed789,"IDEA live, filtered, non-redirecting sites",4954,66,430,29,18,11,100,17,198,23,786,43,1234,51
2026-08-29,26ad67939689f2ee49100e7b2acff13c7c07a18c,All sites scanned,29647,145,1196,42,28,12,552,21,442,36,2751,68,4166,79
2026-08-29,26ad67939689f2ee49100e7b2acff13c7c07a18c,All live sites,13564,134,1158,42,28,12,520,21,436,36,2484,68,3826,79
2026-08-29,26ad67939689f2ee49100e7b2acff13c7c07a18c,"All live, filtered sites",12512,134,1081,42,27,12,494,20,391,36,2307,68,3556,79
2026-08-29,26ad67939689f2ee49100e7b2acff13c7c07a18c,"All live, filtered, non-redirecting sites",8636,133,587,40,22,12,129,18,296,35,1206,64,1795,77
2026-08-29,26ad67939689f2ee49100e7b2acff13c7c07a18c,Executive sites scanned,28170,120,1191,40,28,12,552,21,437,34,2739,66,4150,74
2026-08-29,26ad67939689f2ee49100e7b2acff13c7c07a18c,Executive live sites,12594,111,1153,40,28,12,520,21,431,34,2472,66,3810,74
2026-08-29,26ad67939689f2ee49100e7b2acff13c7c07a18c,"Executive live, filtered sites",11551,111,1079,40,27,12,494,20,389,34,2298,66,3543,74
2026-08-29,26ad67939689f2ee49100e7b2acff13c7c07a18c,"Executive live, filtered, non-redirecting sites",7760,110,585,38,22,12,129,18,294,33,1199,62,1785,72
2026-08-29,26ad67939689f2ee49100e7b2acff13c7c07a18c,Legislative sites scanned,1056,19,0,0,0,0,0,0,0,0,0,0,4,3
2026-08-29,26ad67939689f2ee49100e7b2acff13c7c07a18c,Legislative live sites,827,17,0,0,0,0,0,0,0,0,0,0,4,3
2026-08-29,26ad67939689f2ee49100e7b2acff13c7c07a18c,"Legislative live, filtered sites",825,17,0,0,0,0,0,0,0,0,0,0,4,3
2026-08-29,26ad67939689f2ee49100e7b2acff13c7c07a18c,"Legislative live, filtered, non-redirecting sites",743,17,0,0,0,0,0,0,0,0,0,0,3,3
2026-08-29,26ad67939689f2ee49100e7b2acff13c7c07a18c,Judicial sites scanned,415,5,5,2,0,0,0,0,5,2,12,2,12,2
2026-08-29,26ad67939689f2ee49100e7b2acff13c7c07a18c,Judicial live sites,139,5,5,2,0,0,0,0,5,2,12,2,12,2
2026-08-29,26ad67939689f2ee49100e7b2acff13c7c07a18c,"Judicial live, filtered sites",133,5,2,2,0,0,0,0,2,2,9,2,9,2
2026-08-29,26ad67939689f2ee49100e7b2acff13c7c07a18c,"Judicial live, filtered, non-redirecting sites",130,5,2,2,0,0,0,0,2,2,7,2,7,2
2026-08-29,26ad67939689f2ee49100e7b2acff13c7c07a18c,IDEA sites scanned,10371,74,570,30,20,11,207,17,223,24,1019,45,1659,53
2026-08-29,26ad67939689f2ee49100e7b2acff13c7c07a18c,IDEA live sites,5979,70,569,30,20,11,207,17,222,24,1009,45,1648,53
2026-08-29,26ad67939689f2ee49100e7b2acff13c7c07a18c,"IDEA live, filtered sites",5827,70,562,30,20,11,203,17,220,24,996,45,1621,53
2026-08-29,26ad67939689f2ee49100e7b2acff13c7c07a18c,"IDEA live, filtered, non-redirecting sites",4934,67,422,29,19,11,93,17,193,23,777,43,1223,51
2026-08-30,9426c4cf029a907b4709d82adf8fa67fe78e943c,All sites scanned,29618,145,1196,42,28,12,552,21,442,36,2752,68,4167,79
2026-08-30,9426c4cf029a907b4709d82adf8fa67fe78e943c,All live sites,13559,134,1158,42,28,12,520,21,436,36,2485,68,3827,79
2026-08-30,9426c4cf029a907b4709d82adf8fa67fe78e943c,"All live, filtered sites",12541,134,1081,42,27,12,494,20,391,36,2308,68,3557,79
2026-08-30,9426c4cf029a907b4709d82adf8fa67fe78e943c,"All live, filtered, non-redirecting sites",8659,133,587,40,22,12,129,18,296,35,1206,64,1795,77
2026-08-30,9426c4cf029a907b4709d82adf8fa67fe78e943c,Executive sites scanned,28141,120,1191,40,28,12,552,21,437,34,2740,66,4151,74
2026-08-30,9426c4cf029a907b4709d82adf8fa67fe78e943c,Executive live sites,12589,111,1153,40,28,12,520,21,431,34,2473,66,3811,74
2026-08-30,9426c4cf029a907b4709d82adf8fa67fe78e943c,"Executive live, filtered sites",11579,111,1079,40,27,12,494,20,389,34,2299,66,3544,74
2026-08-30,9426c4cf029a907b4709d82adf8fa67fe78e943c,"Executive live, filtered, non-redirecting sites",7782,110,585,38,22,12,129,18,294,33,1199,62,1785,72
2026-08-30,9426c4cf029a907b4709d82adf8fa67fe78e943c,Legislative sites scanned,1056,19,0,0,0,0,0,0,0,0,0,0,4,3
2026-08-30,9426c4cf029a907b4709d82adf8fa67fe78e943c,Legislative live sites,827,17,0,0,0,0,0,0,0,0,0,0,4,3
2026-08-30,9426c4cf029a907b4709d82adf8fa67fe78e943c,"Legislative live, filtered sites",825,17,0,0,0,0,0,0,0,0,0,0,4,3
2026-08-30,9426c4cf029a907b4709d82adf8fa67fe78e943c,"Legislative live, filtered, non-redirecting sites",743,17,0,0,0,0,0,0,0,0,0,0,3,3
2026-08-30,9426c4cf029a907b4709d82adf8fa67fe78e943c,Judicial sites scanned,415,5,5,2,0,0,0,0,5,2,12,2,12,2
2026-08-30,9426c4cf029a907b4709d82adf8fa67fe78e943c,Judicial live sites,139,5,5,2,0,0,0,0,5,2,12,2,12,2
2026-08-30,9426c4cf029a907b4709d82adf8fa67fe78e943c,"Judicial live, filtered sites",133,5,2,2,0,0,0,0,2,2,9,2,9,2
2026-08-30,9426c4cf029a907b4709d82adf8fa67fe78e943c,"Judicial live, filtered, non-redirecting sites",130,5,2,2,0,0,0,0,2,2,7,2,7,2
2026-08-30,9426c4cf029a907b4709d82adf8fa67fe78e943c,IDEA sites scanned,10371,74,570,30,20,11,207,17,223,24,1020,45,1660,53
2026-08-30,9426c4cf029a907b4709d82adf8fa67fe78e943c,IDEA live sites,5980,70,569,30,20,11,207,17,222,24,1010,45,1649,53
2026-08-30,9426c4cf029a907b4709d82adf8fa67fe78e943c,"IDEA live, filtered sites",5830,70,562,30,20,11,203,17,220,24,997,45,1622,53
2026-08-30,9426c4cf029a907b4709d82adf8fa67fe78e943c,"IDEA live, filtered, non-redirecting sites",4936,67,422,29,19,11,93,17,193,23,777,43,1223,51
2026-08-31,1e502eed7e32503483d3bb61c778888174c39505,All sites scanned,29615,145,1196,42,28,12,552,21,442,36,2752,68,4167,79
2026-08-31,1e502eed7e32503483d3bb61c778888174c39505,All live sites,13558,134,1158,42,28,12,520,21,436,36,2485,68,3827,79
2026-08-31,1e502eed7e32503483d3bb61c778888174c39505,"All live, filtered sites",12540,134,1081,42,27,12,494,20,391,36,2308,68,3557,79
2026-08-31,1e502eed7e32503483d3bb61c778888174c39505,"All live, filtered, non-redirecting sites",8659,133,587,40,22,12,129,18,296,35,1206,64,1795,77
2026-08-31,1e502eed7e32503483d3bb61c778888174c39505,Executive sites scanned,28138,120,1191,40,28,12,552,21,437,34,2740,66,4151,74
2026-08-31,1e502eed7e32503483d3bb61c778888174c39505,Executive live sites,12588,111,1153,40,28,12,520,21,431,34,2473,66,3811,74
2026-08-31,1e502eed7e32503483d3bb61c778888174c39505,"Executive live, filtered sites",11578,111,1079,40,27,12,494,20,389,34,2299,66,3544,74
2026-08-31,1e502eed7e32503483d3bb61c778888174c39505,"Executive live, filtered, non-redirecting sites",7782,110,585,38,22,12,129,18,294,33,1199,62,1785,72
2026-08-31,1e502eed7e32503483d3bb61c778888174c39505,Legislative sites scanned,1056,19,0,0,0,0,0,0,0,0,0,0,4,3
2026-08-31,1e502eed7e32503483d3bb61c778888174c39505,Legislative live sites,827,17,0,0,0,0,0,0,0,0,0,0,4,3
2026-08-31,1e502eed7e32503483d3bb61c778888174c39505,"Legislative live, filtered sites",825,17,0,0,0,0,0,0,0,0,0,0,4,3
2026-08-31,1e502eed7e32503483d3bb61c778888174c39505,"Legislative live, filtered, non-redirecting sites",743,17,0,0,0,0,0,0,0,0,0,0,3,3
2026-08-31,1e502eed7e32503483d3bb61c778888174c39505,Judicial sites scanned,415,5,5,2,0,0,0,0,5,2,12,2,12,2
2026-08-31,1e502eed7e32503483d3bb61c778888174c39505,Judicial live sites,139,5,5,2,0,0,0,0,5,2,12,2,12,2
2026-08-31,1e502eed7e32503483d3bb61c778888174c39505,"Judicial live, filtered sites",133,5,2,2,0,0,0,0,2,2,9,2,9,2
2026-08-31,1e502eed7e32503483d3bb61c778888174c39505,"Judicial live, filtered, non-redirecting sites",130,5,2,2,0,0,0,0,2,2,7,2,7,2
2026-08-31,1e502eed7e32503483d3bb61c778888174c39505,IDEA sites scanned,10371,74,570,30,20,11,207,17,223,24,1020,45,1660,53
2026-08-31,1e502eed7e32503483d3bb61c778888174c39505,IDEA live sites,5980,70,569,30,20,11,207,17,222,24,1010,45,1649,53
2026-08-31,1e502eed7e32503483d3bb61c778888174c39505,"IDEA live, filtered sites",5830,70,562,30,20,11,203,17,220,24,997,45,1622,53
2026-08-31,1e502eed7e32503483d3bb61c778888174c39505,"IDEA live, filtered, non-redirecting sites",4936,67,422,29,19,11,93,17,193,23,777,43,1223,51
2026-09-01,0342307bbdb4b1c80b951cd65ac85dcb08ec8c15,All sites scanned,29677,145,1198,42,29,12,553,20,453,36,2747,68,4162,79
2026-09-01,0342307bbdb4b1c80b951cd65ac85dcb08ec8c15,All live sites,13658,134,1162,42,29,12,522,20,448,36,2481,68,3822,79
2026-09-01,0342307bbdb4b1c80b951cd65ac85dcb08ec8c15,"All live, filtered sites",12610,134,1087,42,28,12,497,19,404,36,2303,68,3554,79
2026-09-01,0342307bbdb4b1c80b951cd65ac85dcb08ec8c15,"All live, filtered, non-redirecting sites",8702,133,586,40,21,12,133,18,307,35,1210,64,1801,77
2026-09-01,0342307bbdb4b1c80b951cd65ac85dcb08ec8c15,Executive sites scanned,28197,120,1193,40,29,12,553,20,448,34,2735,66,4146,74
2026-09-01,0342307bbdb4b1c80b951cd65ac85dcb08ec8c15,Executive live sites,12681,111,1157,40,29,12,522,20,443,34,2469,66,3806,74
2026-09-01,0342307bbdb4b1c80b951cd65ac85dcb08ec8c15,"Executive live, filtered sites",11641,111,1085,40,28,12,497,19,402,34,2294,66,3541,74
2026-09-01,0342307bbdb4b1c80b951cd65ac85dcb08ec8c15,"Executive live, filtered, non-redirecting sites",7820,110,584,38,21,12,133,18,305,33,1203,62,1791,72
2026-09-01,0342307bbdb4b1c80b951cd65ac85dcb08ec8c15,Legislative sites scanned,1058,19,0,0,0,0,0,0,0,0,0,0,4,3
2026-09-01,0342307bbdb4b1c80b951cd65ac85dcb08ec8c15,Legislative live sites,831,17,0,0,0,0,0,0,0,0,0,0,4,3
2026-09-01,0342307bbdb4b1c80b951cd65ac85dcb08ec8c15,"Legislative live, filtered sites",829,17,0,0,0,0,0,0,0,0,0,0,4,3
2026-09-01,0342307bbdb4b1c80b951cd65ac85dcb08ec8c15,"Legislative live, filtered, non-redirecting sites",746,17,0,0,0,0,0,0,0,0,0,0,3,3
2026-09-01,0342307bbdb4b1c80b951cd65ac85dcb08ec8c15,Judicial sites scanned,416,5,5,2,0,0,0,0,5,2,12,2,12,2
2026-09-01,0342307bbdb4b1c80b951cd65ac85dcb08ec8c15,Judicial live sites,141,5,5,2,0,0,0,0,5,2,12,2,12,2
2026-09-01,0342307bbdb4b1c80b951cd65ac85dcb08ec8c15,"Judicial live, filtered sites",135,5,2,2,0,0,0,0,2,2,9,2,9,2
2026-09-01,0342307bbdb4b1c80b951cd65ac85dcb08ec8c15,"Judicial live, filtered, non-redirecting sites",132,5,2,2,0,0,0,0,2,2,7,2,7,2
2026-09-01,0342307bbdb4b1c80b951cd65ac85dcb08ec8c15,IDEA sites scanned,10371,74,579,30,21,11,215,17,230,24,1017,45,1661,53
2026-09-01,0342307bbdb4b1c80b951cd65ac85dcb08ec8c15,IDEA live sites,5975,70,578,30,21,11,215,17,229,24,1007,45,1650,53
2026-09-01,0342307bbdb4b1c80b951cd65ac85dcb08ec8c15,"IDEA live, filtered sites",5824,70,571,30,21,11,211,17,227,24,994,45,1623,53
2026-09-01,0342307bbdb4b1c80b951cd65ac85dcb08ec8c15,"IDEA live, filtered, non-redirecting sites",4930,67,427,29,18,11,101,17,199,23,780,43,1228,51
2026-09-02,d66ef0ef6687adf330a9b83a0ae33b85bac81506,All sites scanned,29653,145,1198,42,29,12,556,20,450,36,2744,68,4157,79
2026-09-02,d66ef0ef6687adf330a9b83a0ae33b85bac81506,All live sites,13647,134,1162,42,29,12,525,20,445,36,2478,68,3817,79
2026-09-02,d66ef0ef6687adf330a9b83a0ae33b85bac81506,"All live, filtered sites",12620,134,1087,42,28,12,500,19,401,36,2300,68,3549,79
2026-09-02,d66ef0ef6687adf330a9b83a0ae33b85bac81506,"All live, filtered, non-redirecting sites",8715,133,585,40,21,12,136,18,304,35,1209,64,1798,77
2026-09-02,d66ef0ef6687adf330a9b83a0ae33b85bac81506,Executive sites scanned,28173,120,1193,40,29,12,556,20,445,34,2732,66,4141,74
2026-09-02,d66ef0ef6687adf330a9b83a0ae33b85bac81506,Executive live sites,12670,111,1157,40,29,12,525,20,440,34,2466,66,3801,74
2026-09-02,d66ef0ef6687adf330a9b83a0ae33b85bac81506,"Executive live, filtered sites",11651,111,1085,40,28,12,500,19,399,34,2291,66,3536,74
2026-09-02,d66ef0ef6687adf330a9b83a0ae33b85bac81506,"Executive live, filtered, non-redirecting sites",7833,110,583,38,21,12,136,18,302,33,1202,62,1788,72
2026-09-02,d66ef0ef6687adf330a9b83a0ae33b85bac81506,Legislative sites scanned,1058,19,0,0,0,0,0,0,0,0,0,0,4,3
2026-09-02,d66ef0ef6687adf330a9b83a0ae33b85bac81506,Legislative live sites,831,17,0,0,0,0,0,0,0,0,0,0,4,3
2026-09-02,d66ef0ef6687adf330a9b83a0ae33b85bac81506,"Legislative live, filtered sites",829,17,0,0,0,0,0,0,0,0,0,0,4,3
2026-09-02,d66ef0ef6687adf330a9b83a0ae33b85bac81506,"Legislative live, filtered, non-redirecting sites",746,17,0,0,0,0,0,0,0,0,0,0,3,3
2026-09-02,d66ef0ef6687adf330a9b83a0ae33b85bac81506,Judicial sites scanned,416,5,5,2,0,0,0,0,5,2,12,2,12,2
2026-09-02,d66ef0ef6687adf330a9b83a0ae33b85bac81506,Judicial live sites,141,5,5,2,0,0,0,0,5,2,12,2,12,2
2026-09-02,d66ef0ef6687adf330a9b83a0ae33b85bac81506,"Judicial live, filtered sites",135,5,2,2,0,0,0,0,2,2,9,2,9,2
2026-09-02,d66ef0ef6687adf330a9b83a0ae33b85bac81506,"Judicial live, filtered, non-redirecting sites",132,5,2,2,0,0,0,0,2,2,7,2,7,2
2026-09-02,d66ef0ef6687adf330a9b83a0ae33b85bac81506,IDEA sites scanned,10371,74,579,30,21,11,218,17,228,24,1015,45,1656,53
2026-09-02,d66ef0ef6687adf330a9b83a0ae33b85bac81506,IDEA live sites,5971,70,578,30,21,11,218,17,227,24,1005,45,1645,53
2026-09-02,d66ef0ef6687adf330a9b83a0ae33b85bac81506,"IDEA live, filtered sites",5822,70,571,30,21,11,214,17,225,24,992,45,1618,53
2026-09-02,d66ef0ef6687adf330a9b83a0ae33b85bac81506,"IDEA live, filtered, non-redirecting sites",4930,67,427,29,18,11,104,17,197,23,780,43,1225,51
2026-09-03,e24f9147f5daa673f9b2eeeee81ad364fee45c46,All sites scanned,29668,145,1194,41,27,12,558,19,526,36,2742,67,4151,79
2026-09-03,e24f9147f5daa673f9b2eeeee81ad364fee45c46,All live sites,13620,134,1156,41,27,12,526,19,520,36,2473,67,3808,79
2026-09-03,e24f9147f5daa673f9b2eeeee81ad364fee45c46,"All live, filtered sites",12582,134,1081,41,26,12,500,18,477,36,2297,67,3539,79
2026-09-03,e24f9147f5daa673f9b2eeeee81ad364fee45c46,"All live, filtered, non-redirecting sites",8711,133,584,39,20,11,138,18,381,35,1207,63,1794,76
2026-09-03,e24f9147f5daa673f9b2eeeee81ad364fee45c46,Executive sites scanned,28187,120,1189,39,27,12,558,19,521,34,2730,65,4135,74
2026-09-03,e24f9147f5daa673f9b2eeeee81ad364fee45c46,Executive live sites,12644,111,1151,39,27,12,526,19,515,34,2461,65,3792,74
2026-09-03,e24f9147f5daa673f9b2eeeee81ad364fee45c46,"Executive live, filtered sites",11614,111,1079,39,26,12,500,18,475,34,2288,65,3526,74
2026-09-03,e24f9147f5daa673f9b2eeeee81ad364fee45c46,"Executive live, filtered, non-redirecting sites",7830,110,582,37,20,11,138,18,379,33,1200,61,1784,71
2026-09-03,e24f9147f5daa673f9b2eeeee81ad364fee45c46,Legislative sites scanned,1059,19,0,0,0,0,0,0,0,0,0,0,4,3
2026-09-03,e24f9147f5daa673f9b2eeeee81ad364fee45c46,Legislative live sites,829,17,0,0,0,0,0,0,0,0,0,0,4,3
2026-09-03,e24f9147f5daa673f9b2eeeee81ad364fee45c46,"Legislative live, filtered sites",827,17,0,0,0,0,0,0,0,0,0,0,4,3
2026-09-03,e24f9147f5daa673f9b2eeeee81ad364fee45c46,"Legislative live, filtered, non-redirecting sites",744,17,0,0,0,0,0,0,0,0,0,0,3,3
2026-09-03,e24f9147f5daa673f9b2eeeee81ad364fee45c46,Judicial sites scanned,416,5,5,2,0,0,0,0,5,2,12,2,12,2
2026-09-03,e24f9147f5daa673f9b2eeeee81ad364fee45c46,Judicial live sites,142,5,5,2,0,0,0,0,5,2,12,2,12,2
2026-09-03,e24f9147f5daa673f9b2eeeee81ad364fee45c46,"Judicial live, filtered sites",136,5,2,2,0,0,0,0,2,2,9,2,9,2
2026-09-03,e24f9147f5daa673f9b2eeeee81ad364fee45c46,"Judicial live, filtered, non-redirecting sites",133,5,2,2,0,0,0,0,2,2,7,2,7,2
2026-09-03,e24f9147f5daa673f9b2eeeee81ad364fee45c46,IDEA sites scanned,10367,74,572,30,19,11,216,17,296,24,1016,45,1654,53
2026-09-03,e24f9147f5daa673f9b2eeeee81ad364fee45c46,IDEA live sites,5966,70,570,30,19,11,215,17,295,24,1006,45,1642,53
2026-09-03,e24f9147f5daa673f9b2eeeee81ad364fee45c46,"IDEA live, filtered sites",5816,70,563,30,19,11,211,17,293,24,993,45,1616,53
2026-09-03,e24f9147f5daa673f9b2eeeee81ad364fee45c46,"IDEA live, filtered, non-redirecting sites",4929,67,418,28,17,10,101,17,264,23,778,42,1221,50
2026-09-04,a4910074a02bca90bf7dcb59ab50705c3977eaa6,All sites scanned,12581,134,1082,41,26,12,501,18,493,36,2297,67,3541,79
2026-09-04,a4910074a02bca90bf7dcb59ab50705c3977eaa6,All live sites,12581,134,1082,41,26,12,501,18,493,36,2297,67,3541,79
2026-09-04,a4910074a02bca90bf7dcb59ab50705c3977eaa6,"All live, filtered sites",12581,134,1082,41,26,12,501,18,493,36,2297,67,3541,79
2026-09-04,a4910074a02bca90bf7dcb59ab50705c3977eaa6,"All live, filtered, non-redirecting sites",8707,133,585,39,20,11,137,18,397,35,1208,63,1796,76
2026-09-04,a4910074a02bca90bf7dcb59ab50705c3977eaa6,Executive sites scanned,11614,111,1080,39,26,12,501,18,491,34,2288,65,3528,74
2026-09-04,a4910074a02bca90bf7dcb59ab50705c3977eaa6,Executive live sites,11614,111,1080,39,26,12,501,18,491,34,2288,65,3528,74
2026-09-04,a4910074a02bca90bf7dcb59ab50705c3977eaa6,"Executive live, filtered sites",11614,111,1080,39,26,12,501,18,491,34,2288,65,3528,74
2026-09-04,a4910074a02bca90bf7dcb59ab50705c3977eaa6,"Executive live, filtered, non-redirecting sites",7827,110,583,37,20,11,137,18,395,33,1201,61,1786,71
2026-09-04,a4910074a02bca90bf7dcb59ab50705c3977eaa6,Legislative sites scanned,827,17,0,0,0,0,0,0,0,0,0,0,4,3
2026-09-04,a4910074a02bca90bf7dcb59ab50705c3977eaa6,Legislative live sites,827,17,0,0,0,0,0,0,0,0,0,0,4,3
2026-09-04,a4910074a02bca90bf7dcb59ab50705c3977eaa6,"Legislative live, filtered sites",827,17,0,0,0,0,0,0,0,0,0,0,4,3
2026-09-04,a4910074a02bca90bf7dcb59ab50705c3977eaa6,"Legislative live, filtered, non-redirecting sites",744,17,0,0,0,0,0,0,0,0,0,0,3,3
2026-09-04,a4910074a02bca90bf7dcb59ab50705c3977eaa6,Judicial sites scanned,136,5,2,2,0,0,0,0,2,2,9,2,9,2
2026-09-04,a4910074a02bca90bf7dcb59ab50705c3977eaa6,Judicial live sites,136,5,2,2,0,0,0,0,2,2,9,2,9,2
2026-09-04,a4910074a02bca90bf7dcb59ab50705c3977eaa6,"Judicial live, filtered sites",136,5,2,2,0,0,0,0,2,2,9,2,9,2
2026-09-04,a4910074a02bca90bf7dcb59ab50705c3977eaa6,"Judicial live, filtered, non-redirecting sites",133,5,2,2,0,0,0,0,2,2,7,2,7,2
2026-09-04,a4910074a02bca90bf7dcb59ab50705c3977eaa6,IDEA sites scanned,5822,70,565,30,19,11,212,17,306,24,994,45,1618,53
2026-09-04,a4910074a02bca90bf7dcb59ab50705c3977eaa6,IDEA live sites,5822,70,565,30,19,11,212,17,306,24,994,45,1618,53
2026-09-04,a4910074a02bca90bf7dcb59ab50705c3977eaa6,"IDEA live, filtered sites",5822,70,565,30,19,11,212,17,306,24,994,45,1618,53
2026-09-04,a4910074a02bca90bf7dcb59ab50705c3977eaa6,"IDEA live, filtered, non-redirecting sites",4935,67,418,28,17,10,100,17,277,23,778,42,1222,50
